solid Visualization Toolkit generated SLA File
 facet normal 0.173771096001755 0.98478606999186225 5.0441369490198678e-05
  outer loop
   vertex 1.5705938339233398 19.887500762939453 -0.35549086332321167
   vertex 1.6102950572967529 19.8804931640625 -0.31463828682899475
   vertex 1.6321698427200317 19.876636505126953 -0.37850335240364075
  endloop
 endfacet
 facet normal 0.17354418757454074 0.98482606151238217 -0.00020862670533057954
  outer loop
   vertex 1.8656466007232666 19.835441589355469 -0.32618480920791626
   vertex 1.8688927888870239 19.834861755371094 -0.36298993229866028
   vertex 1.8336377143859863 19.841072082519531 -0.3736368715763092
  endloop
 endfacet
 facet normal 0.17379777380385816 0.98478119056217073 0.00058355443310861637
  outer loop
   vertex 1.5962063074111938 19.882951736450195 0.33055371046066284
   vertex 1.5435408353805542 19.892242431640625 0.33713394403457642
   vertex 1.5754300355911255 19.886600494384766 0.36078500747680664
  endloop
 endfacet
 facet normal 0.17361947431152081 0.98481281168634238 6.3861037056365332e-05
  outer loop
   vertex 2.0090539455413818 19.810182571411133 0.14226336777210236
   vertex 2.0410611629486084 19.804542541503906 0.099944144487380981
   vertex 1.9876706600189209 19.813955307006836 0.097109727561473846
  endloop
 endfacet
 facet normal 0.1737326141423684 0.98479285822928764 -7.1859926075859462e-05
  outer loop
   vertex 1.743695855140686 19.856956481933594 -0.26565533876419067
   vertex 1.7139352560043335 19.862203598022461 -0.30829712748527527
   vertex 1.691713809967041 19.866127014160156 -0.26429092884063721
  endloop
 endfacet
 facet normal 0.1736906299698498 0.98480022377103593 0.00029038111917184864
  outer loop
   vertex 1.6271436214447021 19.877506256103516 0.29332229495048523
   vertex 1.5786063671112061 19.886068344116211 0.28822585940361023
   vertex 1.5962063074111938 19.882951736450195 0.33055371046066284
  endloop
 endfacet
 facet normal 0.17360780493107855 0.98481485969114502 0.00014899168752010412
  outer loop
   vertex 2.0579564571380615 19.80156135559082 0.14524175226688385
   vertex 2.0090539455413818 19.810182571411133 0.14226336777210236
   vertex 2.027972936630249 19.806840896606445 0.18553081154823303
  endloop
 endfacet
 facet normal 0.17339365284126201 0.98485259053792273 -0.00012674820104432221
  outer loop
   vertex 1.9541528224945068 19.819854736328125 -0.27660694718360901
   vertex 1.9943997859954834 19.812767028808594 -0.29064339399337769
   vertex 1.9506081342697144 19.820472717285156 -0.32399454712867737
  endloop
 endfacet
 facet normal 0.17364645583120081 0.98480805246375247 -9.0442321917054427e-05
  outer loop
   vertex 1.76032555103302 19.854032516479492 -0.13869865238666534
   vertex 1.7491922378540039 19.855998992919922 -0.10175291448831558
   vertex 1.7905446290969849 19.84870719909668 -0.10530318319797516
  endloop
 endfacet
 facet normal 0.173473585840969 0.98483852191047483 -2.7868748536143373e-05
  outer loop
   vertex 1.789059042930603 19.848972320556641 0.35117176175117493
   vertex 1.7766975164413452 19.85114860534668 0.31136980652809143
   vertex 1.7434818744659424 19.857000350952148 0.34682074189186096
  endloop
 endfacet
 facet normal 0.17358505847064176 0.98481887952377734 -4.4824943440895722e-05
  outer loop
   vertex 1.9764323234558105 19.815933227539062 -0.17247767746448517
   vertex 1.9351308345794678 19.823211669921875 -0.20312778651714325
   vertex 1.9296481609344482 19.824180603027344 -0.14705654978752136
  endloop
 endfacet
 facet normal 0.17358215402287616 0.98481939128897744 -4.8435381882019299e-05
  outer loop
   vertex 2.01595139503479 19.808969497680664 -0.13553424179553986
   vertex 1.9764323234558105 19.815933227539062 -0.17247767746448517
   vertex 1.9740754365921021 19.816350936889648 -0.12592555582523346
  endloop
 endfacet
 facet normal 0.17358735985811186 0.98481847368011799 -4.8947453967492061e-05
  outer loop
   vertex 1.9457862377166748 19.821338653564453 -0.094718597829341888
   vertex 1.9296481609344482 19.824180603027344 -0.14705654978752136
   vertex 1.8987011909484863 19.82963752746582 -0.1046195924282074
  endloop
 endfacet
 facet normal 0.17369619318239393 0.98479927642623888 -0.00013275654696655325
  outer loop
   vertex 1.7939013242721558 19.848100662231445 -0.27097311615943909
   vertex 1.743695855140686 19.856956481933594 -0.26565533876419067
   vertex 1.7765349149703979 19.851169586181641 -0.2273225337266922
  endloop
 endfacet
 facet normal 0.17384384326789867 0.98477322883687402 7.6967810319365234e-05
  outer loop
   vertex 1.9945037364959717 19.812740325927734 0.22291325032711029
   vertex 1.9535927772521973 19.81995964050293 0.25839123129844666
   vertex 2.0042030811309814 19.811023712158203 0.27883189916610718
  endloop
 endfacet
 facet normal 0.17365240988175287 0.98480700674759603 1.7606822848287396e-06
  outer loop
   vertex 1.7366529703140259 19.858211517333984 -0.022694181650876999
   vertex 1.6910924911499023 19.866245269775391 -0.027631219476461411
   vertex 1.7006648778915405 19.864557266235352 0.023307919502258301
  endloop
 endfacet
 facet normal 0.17368247240952253 0.98480170502821973 -2.347822446550054e-05
  outer loop
   vertex 1.7176623344421387 19.861557006835938 -0.12768895924091339
   vertex 1.6630051136016846 19.871196746826172 -0.11784461140632629
   vertex 1.7113969326019287 19.862663269042969 -0.074089273810386658
  endloop
 endfacet
 facet normal 0.17359100497937582 0.98481783212892982 -2.2608082157222416e-05
  outer loop
   vertex 2.0003249645233154 19.811725616455078 -0.079589918255805969
   vertex 1.9457862377166748 19.821338653564453 -0.094718597829341888
   vertex 1.9541895389556885 19.819858551025391 -0.045792140066623688
  endloop
 endfacet
 facet normal 0.17366972034114864 0.98480395357719797 3.5430881978751851e-05
  outer loop
   vertex 1.8631380796432495 19.835908889770508 0.15544214844703674
   vertex 1.849496603012085 19.838315963745117 0.11636507511138916
   vertex 1.8136558532714844 19.844635009765625 0.15676712989807129
  endloop
 endfacet
 facet normal 0.17358242489180828 0.98481933485770945 -0.00013949587270758294
  outer loop
   vertex 2.0602560043334961 19.801164627075195 -0.093385122716426849
   vertex 2.1111037731170654 19.792200088500977 -0.10895483195781708
   vertex 2.0605778694152832 19.80109977722168 -0.15070056915283203
  endloop
 endfacet
 facet normal 0.17373410222893065 0.98479258867100161 -0.00013791800029229402
  outer loop
   vertex 1.3805888891220093 19.921016693115234 0.14266800880432129
   vertex 1.3980025053024292 19.917949676513672 0.17865863442420959
   vertex 1.4265646934509277 19.912908554077148 0.16246134042739868
  endloop
 endfacet
 facet normal 0.17363275586301991 0.98481047215518847 -4.9887686926004311e-06
  outer loop
   vertex 1.8442085981369019 19.83924674987793 -0.017737427726387978
   vertex 1.8712092638015747 19.83448600769043 -0.063594833016395569
   vertex 1.8179733753204346 19.8438720703125 -0.063848458230495453
  endloop
 endfacet
 facet normal 0.17359354064324706 0.98481738519910467 -2.1366788982232688e-05
  outer loop
   vertex 1.9044690132141113 19.828622817993164 -0.016878789290785789
   vertex 1.8669272661209106 19.835241317749023 0.030335776507854462
   vertex 1.9199169874191284 19.825901031494141 0.039558093994855881
  endloop
 endfacet
 facet normal 0.17363982311181389 0.98480922610703792 2.0383807727975073e-06
  outer loop
   vertex 1.8968634605407715 19.829963684082031 0.236667200922966
   vertex 1.9018186330795288 19.829090118408203 0.17792060971260071
   vertex 1.8525656461715698 19.837774276733398 0.19788488745689392
  endloop
 endfacet
 facet normal 0.17362936763730499 0.98481106921146089 -2.5543077912118464e-05
  outer loop
   vertex 1.8841205835342407 19.832210540771484 0.079240202903747559
   vertex 1.8340522050857544 19.841037750244141 0.071124903857707977
   vertex 1.849496603012085 19.838315963745117 0.11636507511138916
  endloop
 endfacet
 facet normal 0.17363882674503281 0.98480940175755527 7.5189468273170815e-06
  outer loop
   vertex 1.8137060403823853 19.844625473022461 0.026044769212603569
   vertex 1.7858270406723022 19.849540710449219 0.066578470170497894
   vertex 1.8340522050857544 19.841037750244141 0.071124903857707977
  endloop
 endfacet
 facet normal 0.17361422967115603 0.98481373814902728 -2.0214604465741665e-05
  outer loop
   vertex 1.8340522050857544 19.841037750244141 0.071124903857707977
   vertex 1.8036541938781738 19.846397399902344 0.10720355808734894
   vertex 1.849496603012085 19.838315963745117 0.11636507511138916
  endloop
 endfacet
 facet normal 0.17360653530113315 0.98481509477601792 1.4280257407024124e-06
  outer loop
   vertex 1.8978698253631592 19.82978630065918 0.12752707302570343
   vertex 1.8631380796432495 19.835908889770508 0.15544214844703674
   vertex 1.9018186330795288 19.829090118408203 0.17792060971260071
  endloop
 endfacet
 facet normal 0.17383372677492592 0.9847749916376819 0.00022645207895138426
  outer loop
   vertex 2.027972936630249 19.806840896606445 0.18553081154823303
   vertex 1.9945037364959717 19.812740325927734 0.22291325032711029
   vertex 2.046931266784668 19.803483963012695 0.23069298267364502
  endloop
 endfacet
 facet normal 0.17366830412560716 0.9848042034223542 -3.2615917593628574e-05
  outer loop
   vertex 1.3742235898971558 19.922124862670898 -0.071822203695774078
   vertex 1.3700599670410156 19.922861099243164 -0.011742623522877693
   vertex 1.4025895595550537 19.917123794555664 -0.035124052315950394
  endloop
 endfacet
 facet normal 0.17367528776773611 0.98480297211331602 -2.3142455603858351e-05
  outer loop
   vertex 1.4734139442443848 19.904632568359375 -0.074165619909763336
   vertex 1.4412766695022583 19.910301208496094 -0.029087621718645096
   vertex 1.4824188947677612 19.903045654296875 -0.024918977171182632
  endloop
 endfacet
 facet normal 0.17361632189053092 0.98481336635094108 -7.892864372524947e-05
  outer loop
   vertex 1.8829942941665649 19.832405090332031 -0.14354349672794342
   vertex 1.8912628889083862 19.830944061279297 -0.18507383763790131
   vertex 1.8482648134231567 19.838525772094727 -0.16730542480945587
  endloop
 endfacet
 facet normal 0.17366163129919363 0.98480538066108625 -5.9561596804697366e-06
  outer loop
   vertex 1.6384813785552979 19.875520706176758 -0.17265796661376953
   vertex 1.6149219274520874 19.879674911499023 -0.22117200493812561
   vertex 1.5829290151596069 19.885316848754883 -0.17603752017021179
  endloop
 endfacet
 facet normal 0.17361381375824145 0.98481381028060744 -5.2468185367847706e-05
  outer loop
   vertex 1.4549868106842041 19.907878875732422 -0.19889345765113831
   vertex 1.4457840919494629 19.90949821472168 -0.25553151965141296
   vertex 1.4151467084884644 19.914901733398438 -0.21004050970077515
  endloop
 endfacet
 facet normal 0.17355940903881831 0.98482339514380668 -0.00010913991739223606
  outer loop
   vertex 1.9353325366973877 19.823171615600586 -0.24714650213718414
   vertex 1.9101107120513916 19.827611923217773 -0.28898414969444275
   vertex 1.8961725234985352 19.830074310302734 -0.2348092794418335
  endloop
 endfacet
 facet normal 0.1739135302748212 0.98476091879221916 0.00012964124772143592
  outer loop
   vertex 1.4960185289382935 19.900646209716797 0.29794049263000488
   vertex 1.5362282991409302 19.893547058105469 0.28208115696907043
   vertex 1.505179762840271 19.89903450012207 0.25078028440475464
  endloop
 endfacet
 facet normal 0.17364627021172643 0.98480808880071535 3.277557816209399e-05
  outer loop
   vertex 1.5390638113021851 19.893054962158203 -0.26648539304733276
   vertex 1.5357855558395386 19.893630981445312 -0.20581886172294617
   vertex 1.5725357532501221 19.887151718139648 -0.22729207575321198
  endloop
 endfacet
 facet normal 0.17359500410011022 0.98481712631883944 4.7545618173957423e-05
  outer loop
   vertex 2.0361430644989014 19.805414199829102 0.0099086137488484383
   vertex 1.9963209629058838 19.812433242797852 0.019250448793172836
   vertex 2.0173680782318115 19.808721542358398 0.054418552666902542
  endloop
 endfacet
 facet normal 0.17377519730183524 0.98478533132796309 -0.00017889656850540139
  outer loop
   vertex 1.7617743015289307 19.853761672973633 -0.30966317653656006
   vertex 1.7321887016296387 19.858976364135742 -0.34259894490242004
   vertex 1.7139352560043335 19.862203598022461 -0.30829712748527527
  endloop
 endfacet
 facet normal 0.1736036346130484 0.98481560546974545 3.5670687826126461e-05
  outer loop
   vertex 1.9354441165924072 19.823162078857422 0.089965701103210449
   vertex 1.9876706600189209 19.813955307006836 0.097109727561473846
   vertex 1.9693511724472046 19.81718635559082 0.050644662231206894
  endloop
 endfacet
 facet normal 0.17372198437436487 0.98479473344844848 -7.1534832886652004e-05
  outer loop
   vertex 1.4667350053787231 19.905818939208984 0.13401257991790771
   vertex 1.5096157789230347 19.898252487182617 0.10508912056684494
   vertex 1.4637730121612549 19.906337738037109 0.082946747541427612
  endloop
 endfacet
 facet normal 0.17348141655908741 0.98483714099429709 6.1861386877239577e-05
  outer loop
   vertex 2.0499992370605469 19.802974700927734 -0.03906843438744545
   vertex 2.0799901485443115 19.797689437866211 -0.0025746710598468781
   vertex 2.1223533153533936 19.790229797363281 -0.046077772974967957
  endloop
 endfacet
 facet normal 0.17358798696253944 0.98481836284775981 -5.4590759449308668e-05
  outer loop
   vertex 1.8638073205947876 19.835796356201172 0.28285819292068481
   vertex 1.8441219329833984 19.839263916015625 0.24200460314750671
   vertex 1.8117882013320923 19.844964981079102 0.27435758709907532
  endloop
 endfacet
 facet normal 0.1735225928032387 0.98482988810986205 -3.5670130615430116e-05
  outer loop
   vertex 2.0499992370605469 19.802974700927734 -0.03906843438744545
   vertex 2.0003249645233154 19.811725616455078 -0.079589918255805969
   vertex 1.9994491338729858 19.811882019042969 -0.022019682452082634
  endloop
 endfacet
 facet normal 0.17366695414043012 0.98480443936081052 7.2490175176865464e-05
  outer loop
   vertex 2.027972936630249 19.806840896606445 0.18553081154823303
   vertex 1.9864205121994019 19.814168930053711 0.18005582690238953
   vertex 1.9945037364959717 19.812740325927734 0.22291325032711029
  endloop
 endfacet
 facet normal 0.1736339989275241 0.98481024694768249 0.00010919377841813187
  outer loop
   vertex 2.0090539455413818 19.810182571411133 0.14226336777210236
   vertex 1.9524195194244385 19.820167541503906 0.14556960761547089
   vertex 1.9864205121994019 19.814168930053711 0.18005582690238953
  endloop
 endfacet
 facet normal 0.17371325968922674 0.98479627466251185 2.8617856984682586e-05
  outer loop
   vertex 1.9864205121994019 19.814168930053711 0.18005582690238953
   vertex 1.9524195194244385 19.820167541503906 0.14556960761547089
   vertex 1.9476630687713623 19.821004867553711 0.20367923378944397
  endloop
 endfacet
 facet normal 0.17368315242353738 0.9848015831183291 -6.672222475968164e-05
  outer loop
   vertex 1.7681708335876465 19.85264778137207 -0.18192623555660248
   vertex 1.8114031553268433 19.845022201538086 -0.19627177715301514
   vertex 1.7765349149703979 19.851169586181641 -0.2273225337266922
  endloop
 endfacet
 facet normal 0.17380126085221129 0.98478074615297362 6.1094797240663441e-05
  outer loop
   vertex 1.6102950572967529 19.8804931640625 -0.31463828682899475
   vertex 1.663077712059021 19.871177673339844 -0.31424617767333984
   vertex 1.6321698427200317 19.876636505126953 -0.37850335240364075
  endloop
 endfacet
 facet normal 0.1734768798073793 0.98483794038736661 -5.7843458709680932e-05
  outer loop
   vertex 1.9101107120513916 19.827611923217773 -0.28898414969444275
   vertex 1.9353325366973877 19.823171615600586 -0.24714650213718414
   vertex 1.9541528224945068 19.819854736328125 -0.27660694718360901
  endloop
 endfacet
 facet normal 0.17364266417283344 0.98480872439366729 3.920559197241657e-05
  outer loop
   vertex 1.7333346605300903 19.858793258666992 0.21763038635253906
   vertex 1.7026877403259277 19.864198684692383 0.17432442307472229
   vertex 1.6813997030258179 19.867950439453125 0.21897855401039124
  endloop
 endfacet
 facet normal 0.17369211415302402 0.98479999022255071 0.00016952497436412912
  outer loop
   vertex 1.5578718185424805 19.889734268188477 0.23646703362464905
   vertex 1.5786063671112061 19.886068344116211 0.28822585940361023
   vertex 1.6107946634292603 19.880397796630859 0.24989445507526398
  endloop
 endfacet
 facet normal 0.17355079354795175 0.98482491829343355 4.8653961137137587e-05
  outer loop
   vertex 2.0799901485443115 19.797689437866211 -0.0025746710598468781
   vertex 2.0721175670623779 19.799074172973633 0.050270449370145798
   vertex 2.1186037063598633 19.790884017944336 0.01250155083835125
  endloop
 endfacet
 facet normal 0.17370068587216814 0.98479849272653253 -2.1238825756490928e-05
  outer loop
   vertex 1.6902147531509399 19.866395950317383 -0.16904039680957794
   vertex 1.6663861274719238 19.870597839355469 -0.21775460243225098
   vertex 1.6384813785552979 19.875520706176758 -0.17265796661376953
  endloop
 endfacet
 facet normal 0.173638251992593 0.9848095031246944 -4.9912097690091375e-07
  outer loop
   vertex 1.8137060403823853 19.844625473022461 0.026044769212603569
   vertex 1.7899501323699951 19.848814010620117 -0.019458029419183731
   vertex 1.7607098817825317 19.853969573974609 0.024189971387386322
  endloop
 endfacet
 facet normal 0.17365618093541851 0.98480634119534527 -3.4122756375815973e-05
  outer loop
   vertex 1.7366529703140259 19.858211517333984 -0.022694181650876999
   vertex 1.7113969326019287 19.862663269042969 -0.074089273810386658
   vertex 1.6910924911499023 19.866245269775391 -0.027631219476461411
  endloop
 endfacet
 facet normal 0.17388609106333533 0.98476570510544337 -0.00036521622715934068
  outer loop
   vertex 1.7205555438995361 19.861019134521484 -0.38887959718704224
   vertex 1.7734088897705078 19.851699829101562 -0.35293009877204895
   vertex 1.7789251804351807 19.850713729858398 -0.38543274998664856
  endloop
 endfacet
 facet normal 0.1737120100149997 0.9847964952271423 2.3767324528597756e-05
  outer loop
   vertex 1.59037184715271 19.884006500244141 -0.26701730489730835
   vertex 1.5725357532501221 19.887151718139648 -0.22729207575321198
   vertex 1.6149219274520874 19.879674911499023 -0.22117200493812561
  endloop
 endfacet
 facet normal 0.17362600377396417 0.98481166205367743 -3.3114296497431243e-05
  outer loop
   vertex 1.9018186330795288 19.829090118408203 0.17792060971260071
   vertex 1.8631380796432495 19.835908889770508 0.15544214844703674
   vertex 1.8525656461715698 19.837774276733398 0.19788488745689392
  endloop
 endfacet
 facet normal 0.17371345885364595 0.98479623209573941 -0.00012435086299487179
  outer loop
   vertex 1.8968634605407715 19.829963684082031 0.236667200922966
   vertex 1.9144965410232544 19.826860427856445 0.29318761825561523
   vertex 1.9535927772521973 19.81995964050293 0.25839123129844666
  endloop
 endfacet
 facet normal 0.17370638123034715 0.98479747945972818 -0.000132550456430217
  outer loop
   vertex 1.9535927772521973 19.81995964050293 0.25839123129844666
   vertex 1.9144965410232544 19.826860427856445 0.29318761825561523
   vertex 1.9637678861618042 19.818172454833984 0.31471246480941772
  endloop
 endfacet
 facet normal 0.1735424860108768 0.98482636759031361 0.00017677113183211247
  outer loop
   vertex 2.0725970268249512 19.798973083496094 0.1918429434299469
   vertex 2.0953679084777832 19.79496955871582 0.14127674698829651
   vertex 2.0579564571380615 19.80156135559082 0.14524175226688385
  endloop
 endfacet
 facet normal 0.17356733250272258 0.98482198431757961 0.00020073035189426675
  outer loop
   vertex 1.6756430864334106 19.86895751953125 0.29860773682594299
   vertex 1.6271436214447021 19.877506256103516 0.29332229495048523
   vertex 1.6451032161712646 19.874332427978516 0.33545225858688354
  endloop
 endfacet
 facet normal 0.17363290835718603 0.98481044454757061 -3.8018959648974978e-05
  outer loop
   vertex 1.8712092638015747 19.83448600769043 -0.063594833016395569
   vertex 1.8450833559036255 19.839090347290039 -0.11398137360811234
   vertex 1.8179733753204346 19.8438720703125 -0.063848458230495453
  endloop
 endfacet
 facet normal 0.17356447705762848 0.98482250802036597 4.336351219009198e-07
  outer loop
   vertex 1.9994491338729858 19.811882019042969 -0.022019682452082634
   vertex 1.9541895389556885 19.819858551025391 -0.045792140066623688
   vertex 1.9576201438903809 19.819253921508789 0.0040319641120731831
  endloop
 endfacet
 facet normal 0.17356545868746531 0.98482233501600258 2.0587130531376794e-06
  outer loop
   vertex 1.9963209629058838 19.812433242797852 0.019250448793172836
   vertex 1.9994491338729858 19.811882019042969 -0.022019682452082634
   vertex 1.9576201438903809 19.819253921508789 0.0040319641120731831
  endloop
 endfacet
 facet normal 0.17386008169122921 0.98477036311832855 -6.2594844252170822e-05
  outer loop
   vertex 1.4250210523605347 19.913187026977539 0.22001674771308899
   vertex 1.4551234245300293 19.907875061035156 0.2605033814907074
   vertex 1.4734113216400146 19.904644012451172 0.22366964817047119
  endloop
 endfacet
 facet normal 0.17365391377390105 0.98480674108217092 -3.0824025575848678e-05
  outer loop
   vertex 1.8041312694549561 19.846307754516602 -0.15048182010650635
   vertex 1.7681708335876465 19.85264778137207 -0.18192623555660248
   vertex 1.76032555103302 19.854032516479492 -0.13869865238666534
  endloop
 endfacet
 facet normal 0.17352458866467962 0.9848295356854091 5.263473437526682e-05
  outer loop
   vertex 1.7766975164413452 19.85114860534668 0.31136980652809143
   vertex 1.7579628229141235 19.854452133178711 0.26421856880187988
   vertex 1.7255189418792725 19.860166549682617 0.30383041501045227
  endloop
 endfacet
 facet normal 0.17366271983301895 0.98480518842282838 -2.4406472414106979e-05
  outer loop
   vertex 1.6384813785552979 19.875520706176758 -0.17265796661376953
   vertex 1.5829290151596069 19.885316848754883 -0.17603752017021179
   vertex 1.6139880418777466 19.879840850830078 -0.13490551710128784
  endloop
 endfacet
 facet normal 0.17344234918288254 0.98484396808613728 0.00033171414582108778
  outer loop
   vertex 1.6074842214584351 19.880952835083008 0.36835145950317383
   vertex 1.5962063074111938 19.882951736450195 0.33055371046066284
   vertex 1.5754300355911255 19.886600494384766 0.36078500747680664
  endloop
 endfacet
 facet normal 0.1735852211757806 0.98481885111433187 -3.8460402843463192e-05
  outer loop
   vertex 1.915233850479126 19.826725006103516 -0.065113522112369537
   vertex 1.9457862377166748 19.821338653564453 -0.094718597829341888
   vertex 1.8987011909484863 19.82963752746582 -0.1046195924282074
  endloop
 endfacet
 facet normal 0.17369036102579033 0.98480031395550471 1.0948514446442263e-05
  outer loop
   vertex 1.6074759960174561 19.880990982055664 0.14535427093505859
   vertex 1.6310113668441772 19.876840591430664 0.09410848468542099
   vertex 1.5879912376403809 19.884428024291992 0.10100520402193069
  endloop
 endfacet
 facet normal 0.17368028395433729 0.98480209114566197 1.5513606659985836e-05
  outer loop
   vertex 1.5543649196624756 19.890357971191406 0.12706927955150604
   vertex 1.6074759960174561 19.880990982055664 0.14535427093505859
   vertex 1.5879912376403809 19.884428024291992 0.10100520402193069
  endloop
 endfacet
 facet normal 0.17360811671069937 0.98481481520920078 3.9454173296036157e-05
  outer loop
   vertex 2.0173680782318115 19.808721542358398 0.054418552666902542
   vertex 1.9963209629058838 19.812433242797852 0.019250448793172836
   vertex 1.9693511724472046 19.81718635559082 0.050644662231206894
  endloop
 endfacet
 facet normal 0.17361387042084658 0.98481378970363298 0.00015364589844364009
  outer loop
   vertex 2.0725970268249512 19.798973083496094 0.1918429434299469
   vertex 2.0579564571380615 19.80156135559082 0.14524175226688385
   vertex 2.027972936630249 19.806840896606445 0.18553081154823303
  endloop
 endfacet
 facet normal 0.17368824548281728 0.98480067774167301 -0.0001360170655306024
  outer loop
   vertex 1.7765349149703979 19.851169586181641 -0.2273225337266922
   vertex 1.8171908855438232 19.843997955322266 -0.23587097227573395
   vertex 1.7939013242721558 19.848100662231445 -0.27097311615943909
  endloop
 endfacet
 facet normal 0.17367615018065799 0.98480282007667153 -2.0675112295668557e-05
  outer loop
   vertex 1.4395785331726074 19.910598754882812 -0.11704912781715393
   vertex 1.4734139442443848 19.904632568359375 -0.074165619909763336
   vertex 1.4873807430267334 19.902168273925781 -0.12951065599918365
  endloop
 endfacet
 facet normal 0.17383704541637449 0.98477443014996335 5.7997590326232118e-05
  outer loop
   vertex 1.4734113216400146 19.904644012451172 0.22366964817047119
   vertex 1.505179762840271 19.89903450012207 0.25078028440475464
   vertex 1.5125210285186768 19.897741317749023 0.2043817937374115
  endloop
 endfacet
 facet normal 0.1735361114500148 0.98482748448172319 -0.00020936143200874128
  outer loop
   vertex 1.9172565937042236 19.826343536376953 -0.34440752863883972
   vertex 1.8688927888870239 19.834861755371094 -0.36298993229866028
   vertex 1.8656466007232666 19.835441589355469 -0.32618480920791626
  endloop
 endfacet
 facet normal 0.17357023000606986 0.9848214507093459 0.0002923668570241267
  outer loop
   vertex 1.6451032161712646 19.874332427978516 0.33545225858688354
   vertex 1.5962063074111938 19.882951736450195 0.33055371046066284
   vertex 1.6074842214584351 19.880952835083008 0.36835145950317383
  endloop
 endfacet
 facet normal 0.17367529472325849 0.98480297115830018 7.5723584179865955e-07
  outer loop
   vertex 1.6026127338409424 19.88184928894043 0.012132051400840282
   vertex 1.6505032777786255 19.873403549194336 -0.0073298527859151363
   vertex 1.6084856986999512 19.880813598632812 -0.038064524531364441
  endloop
 endfacet
 facet normal 0.17348183486283741 0.98483705127895427 0.00018815099608287988
  outer loop
   vertex 1.6696447134017944 19.870000839233398 0.38012444972991943
   vertex 1.6451032161712646 19.874332427978516 0.33545225858688354
   vertex 1.6074842214584351 19.880952835083008 0.36835145950317383
  endloop
 endfacet
 facet normal 0.1737960711592377 0.98478166355987895 -2.7674002241467089e-05
  outer loop
   vertex 1.4734113216400146 19.904644012451172 0.22366964817047119
   vertex 1.5125210285186768 19.897741317749023 0.2043817937374115
   vertex 1.4692871570587158 19.905370712280273 0.18309241533279419
  endloop
 endfacet
 facet normal 0.17374830048892409 0.98479009327714984 -1.6136697423413921e-05
  outer loop
   vertex 1.5125210285186768 19.897741317749023 0.2043817937374115
   vertex 1.5579342842102051 19.889728546142578 0.17822392284870148
   vertex 1.5116732120513916 19.897890090942383 0.15503443777561188
  endloop
 endfacet
 facet normal 0.17357067970362236 0.98482141376285826 -4.6274699142197441e-05
  outer loop
   vertex 1.9296481609344482 19.824180603027344 -0.14705654978752136
   vertex 1.9351308345794678 19.823211669921875 -0.20312778651714325
   vertex 1.8912628889083862 19.830944061279297 -0.18507383763790131
  endloop
 endfacet
 facet normal 0.17358318409924509 0.98481920973201387 -4.8381601057091885e-05
  outer loop
   vertex 1.9740754365921021 19.816350936889648 -0.12592555582523346
   vertex 1.9764323234558105 19.815933227539062 -0.17247767746448517
   vertex 1.9296481609344482 19.824180603027344 -0.14705654978752136
  endloop
 endfacet
 facet normal 0.17358166469883624 0.9848194775624538 -4.7895680671751759e-05
  outer loop
   vertex 2.0220394134521484 19.807893753051758 -0.19077704846858978
   vertex 1.9764323234558105 19.815933227539062 -0.17247767746448517
   vertex 2.01595139503479 19.808969497680664 -0.13553424179553986
  endloop
 endfacet
 facet normal 0.17362374901448541 0.98481206011921463 4.6800875319166795e-06
  outer loop
   vertex 1.8978698253631592 19.82978630065918 0.12752707302570343
   vertex 1.9354441165924072 19.823162078857422 0.089965701103210449
   vertex 1.8841205835342407 19.832210540771484 0.079240202903747559
  endloop
 endfacet
 facet normal 0.17360362089693621 0.98481560788806788 3.5658492720863076e-05
  outer loop
   vertex 1.9354441165924072 19.823162078857422 0.089965701103210449
   vertex 1.9693511724472046 19.81718635559082 0.050644662231206894
   vertex 1.9199169874191284 19.825901031494141 0.039558093994855881
  endloop
 endfacet
 facet normal 0.17361077349173021 0.98481434764286846 -2.0867527468878993e-06
  outer loop
   vertex 1.8712092638015747 19.83448600769043 -0.063594833016395569
   vertex 1.9044690132141113 19.828622817993164 -0.016878789290785789
   vertex 1.915233850479126 19.826725006103516 -0.065113522112369537
  endloop
 endfacet
 facet normal 0.17358277235564529 0.98481928234885896 -4.7489015876537131e-05
  outer loop
   vertex 1.9457862377166748 19.821338653564453 -0.094718597829341888
   vertex 1.9740754365921021 19.816350936889648 -0.12592555582523346
   vertex 1.9296481609344482 19.824180603027344 -0.14705654978752136
  endloop
 endfacet
 facet normal 0.17368446111634925 0.98480134611416881 -0.00012906759793222502
  outer loop
   vertex 1.8131929636001587 19.844692230224609 -0.31723141670227051
   vertex 1.7617743015289307 19.853761672973633 -0.30966317653656006
   vertex 1.7939013242721558 19.848100662231445 -0.27097311615943909
  endloop
 endfacet
 facet normal 0.17377727328040921 0.98478497575641055 -0.00010399842205277946
  outer loop
   vertex 1.7617743015289307 19.853761672973633 -0.30966317653656006
   vertex 1.7139352560043335 19.862203598022461 -0.30829712748527527
   vertex 1.743695855140686 19.856956481933594 -0.26565533876419067
  endloop
 endfacet
 facet normal 0.17367232990097861 0.98480348768416481 -0.00011167753028768652
  outer loop
   vertex 1.7765349149703979 19.851169586181641 -0.2273225337266922
   vertex 1.743695855140686 19.856956481933594 -0.26565533876419067
   vertex 1.7240993976593018 19.860418319702148 -0.21311585605144501
  endloop
 endfacet
 facet normal 0.17367550934592654 0.98480293139781139 -6.1349088995627028e-05
  outer loop
   vertex 2.0220394134521484 19.807893753051758 -0.19077704846858978
   vertex 2.0605778694152832 19.80109977722168 -0.15070056915283203
   vertex 2.0626559257507324 19.800729751586914 -0.20766697824001312
  endloop
 endfacet
 facet normal 0.17389901745698483 0.98476348882606923 -5.293962074001902e-05
  outer loop
   vertex 2.090599536895752 19.795797348022461 -0.16770485043525696
   vertex 2.0626559257507324 19.800729751586914 -0.20766697824001312
   vertex 2.0605778694152832 19.80109977722168 -0.15070056915283203
  endloop
 endfacet
 facet normal 0.17365368661659641 0.9848067808192017 -3.9711280885344111e-05
  outer loop
   vertex 2.0605778694152832 19.80109977722168 -0.15070056915283203
   vertex 2.0220394134521484 19.807893753051758 -0.19077704846858978
   vertex 2.01595139503479 19.808969497680664 -0.13553424179553986
  endloop
 endfacet
 facet normal 0.17362086952932318 0.9848125579353183 -0.00013927231222574002
  outer loop
   vertex 2.0605778694152832 19.80109977722168 -0.15070056915283203
   vertex 2.01595139503479 19.808969497680664 -0.13553424179553986
   vertex 2.0602560043334961 19.801164627075195 -0.093385122716426849
  endloop
 endfacet
 facet normal 0.17345973043308663 0.98484095251215142 -0.00014203182437440141
  outer loop
   vertex 1.8789081573486328 19.833150863647461 0.36757740378379822
   vertex 1.8326995372772217 19.841283798217773 0.32753178477287292
   vertex 1.8257702589035034 19.842512130737305 0.38217735290527344
  endloop
 endfacet
 facet normal 0.17367980438678304 0.98480217363838685 6.591871749737903e-05
  outer loop
   vertex 1.5664409399032593 19.888229370117188 -0.305940181016922
   vertex 1.5220526456832886 19.896059036254883 -0.32599478960037231
   vertex 1.5390638113021851 19.893054962158203 -0.26648539304733276
  endloop
 endfacet
 facet normal 0.17363823839768558 0.9848095024193797 7.8170599855841924e-05
  outer loop
   vertex 1.5220526456832886 19.896059036254883 -0.32599478960037231
   vertex 1.4928433895111084 19.901206970214844 -0.29900887608528137
   vertex 1.5390638113021851 19.893054962158203 -0.26648539304733276
  endloop
 endfacet
 facet normal 0.17369080294445094 0.98480023573143727 2.5996490495848063e-05
  outer loop
   vertex 1.6844254732131958 19.867420196533203 0.081341065466403961
   vertex 1.6440718173980713 19.874538421630859 0.0439947210252285
   vertex 1.6310113668441772 19.876840591430664 0.09410848468542099
  endloop
 endfacet
 facet normal 0.17374084938460693 0.98479140468144444 8.0750622288132412e-05
  outer loop
   vertex 1.6102950572967529 19.8804931640625 -0.31463828682899475
   vertex 1.5705938339233398 19.887500762939453 -0.35549086332321167
   vertex 1.5664409399032593 19.888229370117188 -0.305940181016922
  endloop
 endfacet
 facet normal 0.17367576931890297 0.98480288459537046 7.512739067141407e-05
  outer loop
   vertex 1.5664409399032593 19.888229370117188 -0.305940181016922
   vertex 1.5705938339233398 19.887500762939453 -0.35549086332321167
   vertex 1.5220526456832886 19.896059036254883 -0.32599478960037231
  endloop
 endfacet
 facet normal 0.17370137710616068 0.98479837079749721 -2.1587460987741891e-05
  outer loop
   vertex 1.7240993976593018 19.860418319702148 -0.21311585605144501
   vertex 1.6663861274719238 19.870597839355469 -0.21775460243225098
   vertex 1.6902147531509399 19.866395950317383 -0.16904039680957794
  endloop
 endfacet
 facet normal 0.17379092206790261 0.98478257251103951 -1.6891634829569363e-05
  outer loop
   vertex 1.4692871570587158 19.905370712280273 0.18309241533279419
   vertex 1.5125210285186768 19.897741317749023 0.2043817937374115
   vertex 1.5116732120513916 19.897890090942383 0.15503443777561188
  endloop
 endfacet
 facet normal 0.17365037140579834 0.98480736619433074 1.1637000606293112e-07
  outer loop
   vertex 1.7006648778915405 19.864557266235352 0.023307919502258301
   vertex 1.7607098817825317 19.853969573974609 0.024189971387386322
   vertex 1.7366529703140259 19.858211517333984 -0.022694181650876999
  endloop
 endfacet
 facet normal 0.17367741263404324 0.98480259764646949 -3.0838949456960396e-06
  outer loop
   vertex 1.7006648778915405 19.864557266235352 0.023307919502258301
   vertex 1.6910924911499023 19.866245269775391 -0.027631219476461411
   vertex 1.6505032777786255 19.873403549194336 -0.0073298527859151363
  endloop
 endfacet
 facet normal 0.17364331085420323 0.98480861112289775 7.3334690560671559e-06
  outer loop
   vertex 1.6844254732131958 19.867420196533203 0.081341065466403961
   vertex 1.7372798919677734 19.858100891113281 0.069881469011306763
   vertex 1.7006648778915405 19.864557266235352 0.023307919502258301
  endloop
 endfacet
 facet normal 0.17365213138597832 0.98480705584990813 -3.6527706281561681e-06
  outer loop
   vertex 1.8841205835342407 19.832210540771484 0.079240202903747559
   vertex 1.849496603012085 19.838315963745117 0.11636507511138916
   vertex 1.8978698253631592 19.82978630065918 0.12752707302570343
  endloop
 endfacet
 facet normal 0.17364107740247944 0.98480900389175408 4.5740980070661657e-05
  outer loop
   vertex 1.8978698253631592 19.82978630065918 0.12752707302570343
   vertex 1.849496603012085 19.838315963745117 0.11636507511138916
   vertex 1.8631380796432495 19.835908889770508 0.15544214844703674
  endloop
 endfacet
 facet normal 0.17362784292765027 0.98481133833519674 6.8359186187682018e-06
  outer loop
   vertex 1.8036541938781738 19.846397399902344 0.10720355808734894
   vertex 1.7858270406723022 19.849540710449219 0.066578470170497894
   vertex 1.7653681039810181 19.853147506713867 0.099813185632228851
  endloop
 endfacet
 facet normal 0.17362210117679353 0.98481235048293847 -1.7866874377686335e-05
  outer loop
   vertex 1.8136558532714844 19.844635009765625 0.15676712989807129
   vertex 1.8036541938781738 19.846397399902344 0.10720355808734894
   vertex 1.7733749151229858 19.851736068725586 0.13154987990856171
  endloop
 endfacet
 facet normal 0.17366980217496958 0.98480393969501712 -1.3178766082911398e-05
  outer loop
   vertex 1.6505032777786255 19.873403549194336 -0.0073298527859151363
   vertex 1.6026127338409424 19.88184928894043 0.012132051400840282
   vertex 1.6440718173980713 19.874538421630859 0.0439947210252285
  endloop
 endfacet
 facet normal 0.1736836410798332 0.98480149904676351 -1.7219147914807165e-05
  outer loop
   vertex 1.5615458488464355 19.889091491699219 -0.017717299982905388
   vertex 1.5560027360916138 19.890069961547852 0.031679309904575348
   vertex 1.6026127338409424 19.88184928894043 0.012132051400840282
  endloop
 endfacet
 facet normal 0.17368992059720306 0.98480039148363097 -2.0411382378777006e-05
  outer loop
   vertex 1.5955349206924438 19.883096694946289 0.0602460578083992
   vertex 1.5520848035812378 19.89076042175293 0.079537667334079742
   vertex 1.5879912376403809 19.884428024291992 0.10100520402193069
  endloop
 endfacet
 facet normal 0.17394624371075174 0.98475513999685704 0.00013619357625977211
  outer loop
   vertex 1.505179762840271 19.89903450012207 0.25078028440475464
   vertex 1.4551234245300293 19.907875061035156 0.2605033814907074
   vertex 1.4960185289382935 19.900646209716797 0.29794049263000488
  endloop
 endfacet
 facet normal 0.17362519711652602 0.98481180435817206 -3.0381720823911406e-05
  outer loop
   vertex 1.7491922378540039 19.855998992919922 -0.10175291448831558
   vertex 1.7176623344421387 19.861557006835938 -0.12768895924091339
   vertex 1.7113969326019287 19.862663269042969 -0.074089273810386658
  endloop
 endfacet
 facet normal 0.17374331755011052 0.98479097252768732 -5.8867011892926743e-06
  outer loop
   vertex 1.5116732120513916 19.897890090942383 0.15503443777561188
   vertex 1.5579342842102051 19.889728546142578 0.17822392284870148
   vertex 1.5543649196624756 19.890357971191406 0.12706927955150604
  endloop
 endfacet
 facet normal 0.17368605376948781 0.98480107368080239 -1.7667774906391173e-06
  outer loop
   vertex 1.5543649196624756 19.890357971191406 0.12706927955150604
   vertex 1.5579342842102051 19.889728546142578 0.17822392284870148
   vertex 1.6074759960174561 19.880990982055664 0.14535427093505859
  endloop
 endfacet
 facet normal 0.17373327688381554 0.98479274132847971 7.1623667574529648e-05
  outer loop
   vertex 1.5579342842102051 19.889728546142578 0.17822392284870148
   vertex 1.604122519493103 19.88157844543457 0.20232976973056793
   vertex 1.6074759960174561 19.880990982055664 0.14535427093505859
  endloop
 endfacet
 facet normal 0.1737149632103111 0.98479597159920695 7.6673425632316856e-05
  outer loop
   vertex 1.604122519493103 19.88157844543457 0.20232976973056793
   vertex 1.5578718185424805 19.889734268188477 0.23646703362464905
   vertex 1.6107946634292603 19.880397796630859 0.24989445507526398
  endloop
 endfacet
 facet normal 0.17364888473681472 0.98480762831678814 -6.2227952317978077e-06
  outer loop
   vertex 1.8442085981369019 19.83924674987793 -0.017737427726387978
   vertex 1.7899501323699951 19.848814010620117 -0.019458029419183731
   vertex 1.8137060403823853 19.844625473022461 0.026044769212603569
  endloop
 endfacet
 facet normal 0.17359341413272675 0.98481740772953286 -1.6207010412044842e-06
  outer loop
   vertex 1.9576201438903809 19.819253921508789 0.0040319641120731831
   vertex 1.9541895389556885 19.819858551025391 -0.045792140066623688
   vertex 1.9044690132141113 19.828622817993164 -0.016878789290785789
  endloop
 endfacet
 facet normal 0.17358239102589726 0.98481935009393284 -3.4731776126379077e-05
  outer loop
   vertex 1.9994491338729858 19.811882019042969 -0.022019682452082634
   vertex 2.0003249645233154 19.811725616455078 -0.079589918255805969
   vertex 1.9541895389556885 19.819858551025391 -0.045792140066623688
  endloop
 endfacet
 facet normal 0.17359052315977708 0.98481791729415558 -6.746591032379666e-06
  outer loop
   vertex 1.9044690132141113 19.828622817993164 -0.016878789290785789
   vertex 1.9541895389556885 19.819858551025391 -0.045792140066623688
   vertex 1.915233850479126 19.826725006103516 -0.065113522112369537
  endloop
 endfacet
 facet normal 0.17359881870260441 0.98481645476172586 -2.3991785737647413e-05
  outer loop
   vertex 1.9541895389556885 19.819858551025391 -0.045792140066623688
   vertex 1.9457862377166748 19.821338653564453 -0.094718597829341888
   vertex 1.915233850479126 19.826725006103516 -0.065113522112369537
  endloop
 endfacet
 facet normal 0.17361342473524849 0.98481388012848525 -1.6061624230554133e-05
  outer loop
   vertex 1.8136558532714844 19.844635009765625 0.15676712989807129
   vertex 1.849496603012085 19.838315963745117 0.11636507511138916
   vertex 1.8036541938781738 19.846397399902344 0.10720355808734894
  endloop
 endfacet
 facet normal 0.17374204599959506 0.9847911386349586 -0.00033870036363658676
  outer loop
   vertex 2.0605778694152832 19.80109977722168 -0.15070056915283203
   vertex 2.1111037731170654 19.792200088500977 -0.10895483195781708
   vertex 2.090599536895752 19.795797348022461 -0.16770485043525696
  endloop
 endfacet
 facet normal 0.17369859080536021 0.98479886045692422 -6.3205819414276777e-05
  outer loop
   vertex 1.4199039936065674 19.914077758789062 0.11700959503650665
   vertex 1.4150192737579346 19.914936065673828 0.066234014928340912
   vertex 1.3670449256896973 19.92340087890625 0.11467529833316803
  endloop
 endfacet
 facet normal 0.17364914241951754 0.98480758279155833 -1.4601852345380341e-05
  outer loop
   vertex 1.7899501323699951 19.848814010620117 -0.019458029419183731
   vertex 1.8442085981369019 19.83924674987793 -0.017737427726387978
   vertex 1.8179733753204346 19.8438720703125 -0.063848458230495453
  endloop
 endfacet
 facet normal 0.17356556964856137 0.98482231546073595 1.7677730824411979e-06
  outer loop
   vertex 1.9963209629058838 19.812433242797852 0.019250448793172836
   vertex 1.9576201438903809 19.819253921508789 0.0040319641120731831
   vertex 1.9693511724472046 19.81718635559082 0.050644662231206894
  endloop
 endfacet
 facet normal 0.1736137096421182 0.98481382997462907 -1.0724014874657225e-05
  outer loop
   vertex 1.9693511724472046 19.81718635559082 0.050644662231206894
   vertex 1.9576201438903809 19.819253921508789 0.0040319641120731831
   vertex 1.9199169874191284 19.825901031494141 0.039558093994855881
  endloop
 endfacet
 facet normal 0.17360184249178034 0.98481592174441746 -2.3709759492076346e-05
  outer loop
   vertex 1.9576201438903809 19.819253921508789 0.0040319641120731831
   vertex 1.9044690132141113 19.828622817993164 -0.016878789290785789
   vertex 1.9199169874191284 19.825901031494141 0.039558093994855881
  endloop
 endfacet
 facet normal 0.17358928351635156 0.98481813581667232 3.8540897178303065e-06
  outer loop
   vertex 1.8841205835342407 19.832210540771484 0.079240202903747559
   vertex 1.9199169874191284 19.825901031494141 0.039558093994855881
   vertex 1.8669272661209106 19.835241317749023 0.030335776507854462
  endloop
 endfacet
 facet normal 0.17362288780574101 0.98481221190105173 -1.097965708099772e-05
  outer loop
   vertex 1.9044690132141113 19.828622817993164 -0.016878789290785789
   vertex 1.8712092638015747 19.83448600769043 -0.063594833016395569
   vertex 1.8442085981369019 19.83924674987793 -0.017737427726387978
  endloop
 endfacet
 facet normal 0.17364557040213494 0.98480821270219632 -8.6036472583418305e-06
  outer loop
   vertex 1.8669272661209106 19.835241317749023 0.030335776507854462
   vertex 1.8442085981369019 19.83924674987793 -0.017737427726387978
   vertex 1.8137060403823853 19.844625473022461 0.026044769212603569
  endloop
 endfacet
 facet normal 0.17362688942304369 0.98481150641819348 -9.7778566679907664e-06
  outer loop
   vertex 1.8669272661209106 19.835241317749023 0.030335776507854462
   vertex 1.8340522050857544 19.841037750244141 0.071124903857707977
   vertex 1.8841205835342407 19.832210540771484 0.079240202903747559
  endloop
 endfacet
 facet normal 0.17365524450031572 0.98480650678067561 -1.6123850737390207e-05
  outer loop
   vertex 1.8968634605407715 19.829963684082031 0.236667200922966
   vertex 1.8525656461715698 19.837774276733398 0.19788488745689392
   vertex 1.8441219329833984 19.839263916015625 0.24200460314750671
  endloop
 endfacet
 facet normal 0.1736393659053011 0.98480930672154665 1.6221974566977091e-06
  outer loop
   vertex 1.8340522050857544 19.841037750244141 0.071124903857707977
   vertex 1.7858270406723022 19.849540710449219 0.066578470170497894
   vertex 1.8036541938781738 19.846397399902344 0.10720355808734894
  endloop
 endfacet
 facet normal 0.17367935876425963 0.98480225441925151 5.4768135784822512e-06
  outer loop
   vertex 1.8968634605407715 19.829963684082031 0.236667200922966
   vertex 1.9476630687713623 19.821004867553711 0.20367923378944397
   vertex 1.9018186330795288 19.829090118408203 0.17792060971260071
  endloop
 endfacet
 facet normal 0.17366822193883125 0.98480421820411768 -2.2270641963983934e-05
  outer loop
   vertex 1.8525656461715698 19.837774276733398 0.19788488745689392
   vertex 1.8631380796432495 19.835908889770508 0.15544214844703674
   vertex 1.8136558532714844 19.844635009765625 0.15676712989807129
  endloop
 endfacet
 facet normal 0.17366019585746811 0.98480562582524422 0.00012537023089279913
  outer loop
   vertex 2.027972936630249 19.806840896606445 0.18553081154823303
   vertex 2.0090539455413818 19.810182571411133 0.14226336777210236
   vertex 1.9864205121994019 19.814168930053711 0.18005582690238953
  endloop
 endfacet
 facet normal 0.17358936288761487 0.98481806579338849 0.00033223371465945832
  outer loop
   vertex 2.0725970268249512 19.798973083496094 0.1918429434299469
   vertex 2.027972936630249 19.806840896606445 0.18553081154823303
   vertex 2.046931266784668 19.803483963012695 0.23069298267364502
  endloop
 endfacet
 facet normal 0.17385554345289278 0.98477116347120974 7.4874956430378298e-05
  outer loop
   vertex 2.046931266784668 19.803483963012695 0.23069298267364502
   vertex 1.9945037364959717 19.812740325927734 0.22291325032711029
   vertex 2.0042030811309814 19.811023712158203 0.27883189916610718
  endloop
 endfacet
 facet normal 0.17370305157472632 0.98479806145617144 -0.00016740906424170534
  outer loop
   vertex 1.3670449256896973 19.92340087890625 0.11467529833316803
   vertex 1.3805888891220093 19.921016693115234 0.14266800880432129
   vertex 1.4199039936065674 19.914077758789062 0.11700959503650665
  endloop
 endfacet
 facet normal 0.17372918017299299 0.98479345857289335 -0.00012612873860464742
  outer loop
   vertex 1.3805888891220093 19.921016693115234 0.14266800880432129
   vertex 1.4265646934509277 19.912908554077148 0.16246134042739868
   vertex 1.4199039936065674 19.914077758789062 0.11700959503650665
  endloop
 endfacet
 facet normal 0.17373976671844446 0.98479159893295132 -1.1476128771733663e-05
  outer loop
   vertex 1.5543649196624756 19.890357971191406 0.12706927955150604
   vertex 1.5096157789230347 19.898252487182617 0.10508912056684494
   vertex 1.5116732120513916 19.897890090942383 0.15503443777561188
  endloop
 endfacet
 facet normal 0.17376069054724219 0.9847879072509248 -1.2364845326312115e-05
  outer loop
   vertex 1.4667350053787231 19.905818939208984 0.13401257991790771
   vertex 1.5116732120513916 19.897890090942383 0.15503443777561188
   vertex 1.5096157789230347 19.898252487182617 0.10508912056684494
  endloop
 endfacet
 facet normal 0.17368348378131138 0.98480152474804228 -6.5692603599745172e-05
  outer loop
   vertex 1.8114031553268433 19.845022201538086 -0.19627177715301514
   vertex 1.7681708335876465 19.85264778137207 -0.18192623555660248
   vertex 1.8041312694549561 19.846307754516602 -0.15048182010650635
  endloop
 endfacet
 facet normal 0.17365628831335986 0.98480632283541947 -5.7102333448061448e-06
  outer loop
   vertex 1.3776295185089111 19.921524047851562 -0.11127977818250656
   vertex 1.3742235898971558 19.922124862670898 -0.071822203695774078
   vertex 1.4180307388305664 19.914400100708008 -0.073142305016517639
  endloop
 endfacet
 facet normal 0.17373228877379304 0.98479291824199999 4.221978974876401e-06
  outer loop
   vertex 1.5543649196624756 19.890357971191406 0.12706927955150604
   vertex 1.5520848035812378 19.89076042175293 0.079537667334079742
   vertex 1.5096157789230347 19.898252487182617 0.10508912056684494
  endloop
 endfacet
 facet normal 0.17368575537772016 0.98480112630868333 1.393316202081216e-07
  outer loop
   vertex 1.5152851343154907 19.897251129150391 0.0030443579889833927
   vertex 1.4623147249221802 19.906593322753906 0.023034136742353439
   vertex 1.5097047090530396 19.898235321044922 0.053935889154672623
  endloop
 endfacet
 facet normal 0.17371320778074439 0.98479628382292894 -2.8479343693680503e-05
  outer loop
   vertex 1.5520848035812378 19.89076042175293 0.079537667334079742
   vertex 1.5097047090530396 19.898235321044922 0.053935889154672623
   vertex 1.5096157789230347 19.898252487182617 0.10508912056684494
  endloop
 endfacet
 facet normal 0.17370282995051536 0.98479811441010812 -2.6860340635017982e-05
  outer loop
   vertex 1.5097047090530396 19.898235321044922 0.053935889154672623
   vertex 1.4623147249221802 19.906593322753906 0.023034136742353439
   vertex 1.4637730121612549 19.906337738037109 0.082946747541427612
  endloop
 endfacet
 facet normal 0.17360558420226499 0.98481525881190446 -8.4528289894885726e-05
  outer loop
   vertex 1.8527513742446899 19.837730407714844 -0.21484470367431641
   vertex 1.8912628889083862 19.830944061279297 -0.18507383763790131
   vertex 1.8961725234985352 19.830074310302734 -0.2348092794418335
  endloop
 endfacet
 facet normal 0.17350894251969551 0.984832288588953 -0.00010108581443230992
  outer loop
   vertex 1.9353325366973877 19.823171615600586 -0.24714650213718414
   vertex 1.9351308345794678 19.823211669921875 -0.20312778651714325
   vertex 1.9793274402618408 19.815422058105469 -0.23235955834388733
  endloop
 endfacet
 facet normal 0.17356389542505649 0.98482261040608676 -1.5421449240974865e-05
  outer loop
   vertex 1.9793274402618408 19.815422058105469 -0.23235955834388733
   vertex 1.9351308345794678 19.823211669921875 -0.20312778651714325
   vertex 1.9764323234558105 19.815933227539062 -0.17247767746448517
  endloop
 endfacet
 facet normal 0.17361662725980892 0.98481331183422649 -8.7023164262659637e-05
  outer loop
   vertex 1.7939013242721558 19.848100662231445 -0.27097311615943909
   vertex 1.8171908855438232 19.843997955322266 -0.23587097227573395
   vertex 1.8501073122024536 19.838191986083984 -0.26984831690788269
  endloop
 endfacet
 facet normal 0.17367304867079239 0.9848033667084003 -3.2942258957585068e-05
  outer loop
   vertex 1.4395785331726074 19.910598754882812 -0.11704912781715393
   vertex 1.4873807430267334 19.902168273925781 -0.12951065599918365
   vertex 1.459514856338501 19.907081604003906 -0.15651221573352814
  endloop
 endfacet
 facet normal 0.17368070796248655 0.98480201602676698 -3.018716072304613e-05
  outer loop
   vertex 1.4219865798950195 19.913700103759766 -0.15736418962478638
   vertex 1.459514856338501 19.907081604003906 -0.15651221573352814
   vertex 1.4549868106842041 19.907878875732422 -0.19889345765113831
  endloop
 endfacet
 facet normal 0.17364095488575176 0.98480902655535363 1.208748713245555e-06
  outer loop
   vertex 1.493979811668396 19.901004791259766 -0.17943713068962097
   vertex 1.459514856338501 19.907081604003906 -0.15651221573352814
   vertex 1.4873807430267334 19.902168273925781 -0.12951065599918365
  endloop
 endfacet
 facet normal 0.17365611712880391 0.98480635303242259 3.2751329490618548e-06
  outer loop
   vertex 1.493979811668396 19.901004791259766 -0.17943713068962097
   vertex 1.4873807430267334 19.902168273925781 -0.12951065599918365
   vertex 1.5329190492630005 19.894138336181641 -0.15141411125659943
  endloop
 endfacet
 facet normal 0.17366192510629666 0.98480532856710068 -2.4376626012974665e-05
  outer loop
   vertex 1.4734139442443848 19.904632568359375 -0.074165619909763336
   vertex 1.5255123376846313 19.895444869995117 -0.098246335983276367
   vertex 1.4873807430267334 19.902168273925781 -0.12951065599918365
  endloop
 endfacet
 facet normal 0.17346574271411441 0.98483988858616023 -0.00017307293284265379
  outer loop
   vertex 1.9506081342697144 19.820472717285156 -0.32399454712867737
   vertex 1.9172565937042236 19.826343536376953 -0.34440752863883972
   vertex 1.9101107120513916 19.827611923217773 -0.28898414969444275
  endloop
 endfacet
 facet normal 0.17385800061446074 0.98477073192451992 -3.4164126503284546e-05
  outer loop
   vertex 1.4250210523605347 19.913187026977539 0.22001674771308899
   vertex 1.4734113216400146 19.904644012451172 0.22366964817047119
   vertex 1.4692871570587158 19.905370712280273 0.18309241533279419
  endloop
 endfacet
 facet normal 0.17391399994319723 0.98476084375826722 -3.4989470929103798e-05
  outer loop
   vertex 1.505179762840271 19.89903450012207 0.25078028440475464
   vertex 1.4734113216400146 19.904644012451172 0.22366964817047119
   vertex 1.4551234245300293 19.907875061035156 0.2605033814907074
  endloop
 endfacet
 facet normal 0.17375873462887728 0.98478821780401771 0.00026117916842279372
  outer loop
   vertex 1.5435408353805542 19.892242431640625 0.33713394403457642
   vertex 1.5962063074111938 19.882951736450195 0.33055371046066284
   vertex 1.5786063671112061 19.886068344116211 0.28822585940361023
  endloop
 endfacet
 facet normal 0.17386277306533404 0.98476987320811538 0.00018155909429154598
  outer loop
   vertex 1.505179762840271 19.89903450012207 0.25078028440475464
   vertex 1.5362282991409302 19.893547058105469 0.28208115696907043
   vertex 1.5578718185424805 19.889734268188477 0.23646703362464905
  endloop
 endfacet
 facet normal 0.17377130929825366 0.98478602414317296 0.00013681027988885611
  outer loop
   vertex 1.5578718185424805 19.889734268188477 0.23646703362464905
   vertex 1.5362282991409302 19.893547058105469 0.28208115696907043
   vertex 1.5786063671112061 19.886068344116211 0.28822585940361023
  endloop
 endfacet
 facet normal 0.17375237355556242 0.98478936921681648 -0.00010469647996857087
  outer loop
   vertex 1.3980025053024292 19.917949676513672 0.17865863442420959
   vertex 1.4250210523605347 19.913187026977539 0.22001674771308899
   vertex 1.4265646934509277 19.912908554077148 0.16246134042739868
  endloop
 endfacet
 facet normal 0.17377360368634118 0.98478562786525004 -4.2566507244850715e-05
  outer loop
   vertex 1.4265646934509277 19.912908554077148 0.16246134042739868
   vertex 1.4692871570587158 19.905370712280273 0.18309241533279419
   vertex 1.4667350053787231 19.905818939208984 0.13401257991790771
  endloop
 endfacet
 facet normal 0.17377441166166732 0.98478548528907772 -4.2609824058117247e-05
  outer loop
   vertex 1.5116732120513916 19.897890090942383 0.15503443777561188
   vertex 1.4667350053787231 19.905818939208984 0.13401257991790771
   vertex 1.4692871570587158 19.905370712280273 0.18309241533279419
  endloop
 endfacet
 facet normal 0.17372419377861975 0.98479434222248541 8.9568693500083932e-05
  outer loop
   vertex 1.5579342842102051 19.889728546142578 0.17822392284870148
   vertex 1.5578718185424805 19.889734268188477 0.23646703362464905
   vertex 1.604122519493103 19.88157844543457 0.20232976973056793
  endloop
 endfacet
 facet normal 0.173681306542015 0.98480191037640497 -3.2815262173582232e-05
  outer loop
   vertex 1.5357855558395386 19.893630981445312 -0.20581886172294617
   vertex 1.493979811668396 19.901004791259766 -0.17943713068962097
   vertex 1.5329190492630005 19.894138336181641 -0.15141411125659943
  endloop
 endfacet
 facet normal 0.17369750130894634 0.98479905413193913 -3.193534755837484e-05
  outer loop
   vertex 1.5357855558395386 19.893630981445312 -0.20581886172294617
   vertex 1.5329190492630005 19.894138336181641 -0.15141411125659943
   vertex 1.5829290151596069 19.885316848754883 -0.17603752017021179
  endloop
 endfacet
 facet normal 0.17360855770231945 0.98481473768363925 3.3669349161820048e-05
  outer loop
   vertex 1.9693511724472046 19.81718635559082 0.050644662231206894
   vertex 1.9876706600189209 19.813955307006836 0.097109727561473846
   vertex 2.0173680782318115 19.808721542358398 0.054418552666902542
  endloop
 endfacet
 facet normal 0.17362058486185009 0.9848126170613839 4.2295825832843598e-05
  outer loop
   vertex 2.0173680782318115 19.808721542358398 0.054418552666902542
   vertex 1.9876706600189209 19.813955307006836 0.097109727561473846
   vertex 2.0410611629486084 19.804542541503906 0.099944144487380981
  endloop
 endfacet
 facet normal 0.17352726131905671 0.98482904106680236 -0.00022237479666462558
  outer loop
   vertex 1.8789081573486328 19.833150863647461 0.36757740378379822
   vertex 1.883137583732605 19.832395553588867 0.32292079925537109
   vertex 1.8326995372772217 19.841283798217773 0.32753178477287292
  endloop
 endfacet
 facet normal 0.17366917289827202 0.98480405075564126 -3.3210380245179191e-07
  outer loop
   vertex 1.6134581565856934 19.879934310913086 -0.089353710412979126
   vertex 1.6630051136016846 19.871196746826172 -0.11784461140632629
   vertex 1.6139880418777466 19.879840850830078 -0.13490551710128784
  endloop
 endfacet
 facet normal 0.1736746136419566 0.98480309113330744 -1.6449911590184643e-05
  outer loop
   vertex 1.6139880418777466 19.879840850830078 -0.13490551710128784
   vertex 1.6630051136016846 19.871196746826172 -0.11784461140632629
   vertex 1.6384813785552979 19.875520706176758 -0.17265796661376953
  endloop
 endfacet
 facet normal 0.17360340539002111 0.98481564581313707 3.7398419220065709e-05
  outer loop
   vertex 1.9354441165924072 19.823162078857422 0.089965701103210449
   vertex 1.9524195194244385 19.820167541503906 0.14556960761547089
   vertex 1.9876706600189209 19.813955307006836 0.097109727561473846
  endloop
 endfacet
 facet normal 0.17358500260605123 0.98481889038411374 3.5861005298884198e-06
  outer loop
   vertex 2.0361430644989014 19.805414199829102 0.0099086137488484383
   vertex 1.9994491338729858 19.811882019042969 -0.022019682452082634
   vertex 1.9963209629058838 19.812433242797852 0.019250448793172836
  endloop
 endfacet
 facet normal 0.17366781695412012 0.98480428630826777 -8.3804854612361292e-05
  outer loop
   vertex 1.7491922378540039 19.855998992919922 -0.10175291448831558
   vertex 1.76032555103302 19.854032516479492 -0.13869865238666534
   vertex 1.7176623344421387 19.861557006835938 -0.12768895924091339
  endloop
 endfacet
 facet normal 0.1736805577112914 0.98480204243831548 -3.2900106121397314e-05
  outer loop
   vertex 1.7176623344421387 19.861557006835938 -0.12768895924091339
   vertex 1.76032555103302 19.854032516479492 -0.13869865238666534
   vertex 1.7320715188980103 19.859014511108398 -0.16598041355609894
  endloop
 endfacet
 facet normal 0.17367047955373893 0.9848038202897248 -8.6219261299259339e-06
  outer loop
   vertex 1.8968634605407715 19.829963684082031 0.236667200922966
   vertex 1.9535927772521973 19.81995964050293 0.25839123129844666
   vertex 1.9476630687713623 19.821004867553711 0.20367923378944397
  endloop
 endfacet
 facet normal 0.17376315246783466 0.98478747274946044 -1.8978160260508433e-05
  outer loop
   vertex 1.9535927772521973 19.81995964050293 0.25839123129844666
   vertex 1.9945037364959717 19.812740325927734 0.22291325032711029
   vertex 1.9476630687713623 19.821004867553711 0.20367923378944397
  endloop
 endfacet
 facet normal 0.17367011565543336 0.98480385775003809 -0.00022954056498442291
  outer loop
   vertex 1.7617743015289307 19.853761672973633 -0.30966317653656006
   vertex 1.8131929636001587 19.844692230224609 -0.31723141670227051
   vertex 1.7734088897705078 19.851699829101562 -0.35293009877204895
  endloop
 endfacet
 facet normal 0.17365198439907284 0.98480708177248022 -2.2440376160734713e-06
  outer loop
   vertex 1.9524195194244385 19.820167541503906 0.14556960761547089
   vertex 1.8978698253631592 19.82978630065918 0.12752707302570343
   vertex 1.9018186330795288 19.829090118408203 0.17792060971260071
  endloop
 endfacet
 facet normal 0.17366879357750709 0.98480411733453732 2.4865161363085982e-05
  outer loop
   vertex 1.9524195194244385 19.820167541503906 0.14556960761547089
   vertex 1.9018186330795288 19.829090118408203 0.17792060971260071
   vertex 1.9476630687713623 19.821004867553711 0.20367923378944397
  endloop
 endfacet
 facet normal 0.17370182568922468 0.98479829149932585 -2.8499805253960391e-05
  outer loop
   vertex 1.4637730121612549 19.906337738037109 0.082946747541427612
   vertex 1.5096157789230347 19.898252487182617 0.10508912056684494
   vertex 1.5097047090530396 19.898235321044922 0.053935889154672623
  endloop
 endfacet
 facet normal 0.17373706505226516 0.98479207140089864 9.1285005534690617e-05
  outer loop
   vertex 2.035982608795166 19.805438995361328 -0.24581265449523926
   vertex 2.0220394134521484 19.807893753051758 -0.19077704846858978
   vertex 2.0626559257507324 19.800729751586914 -0.20766697824001312
  endloop
 endfacet
 facet normal 0.17359469955091994 0.9848171804792778 -3.6341042749684336e-05
  outer loop
   vertex 1.9457862377166748 19.821338653564453 -0.094718597829341888
   vertex 2.0003249645233154 19.811725616455078 -0.079589918255805969
   vertex 1.9740754365921021 19.816350936889648 -0.12592555582523346
  endloop
 endfacet
 facet normal 0.17334430762890526 0.98486128428477715 -4.1588397285631248e-05
  outer loop
   vertex 1.7667984962463379 19.85289192199707 0.38783237338066101
   vertex 1.8257702589035034 19.842512130737305 0.38217735290527344
   vertex 1.789059042930603 19.848972320556641 0.35117176175117493
  endloop
 endfacet
 facet normal 0.17342979593645313 0.98484622382439369 -0.00014594612871249882
  outer loop
   vertex 1.8257702589035034 19.842512130737305 0.38217735290527344
   vertex 1.8326995372772217 19.841283798217773 0.32753178477287292
   vertex 1.789059042930603 19.848972320556641 0.35117176175117493
  endloop
 endfacet
 facet normal 0.17358246342576325 0.98481933794472243 -1.0781020823809148e-06
  outer loop
   vertex 1.7958047389984131 19.847782135009766 0.21768663823604584
   vertex 1.7579628229141235 19.854452133178711 0.26421856880187988
   vertex 1.8117882013320923 19.844964981079102 0.27435758709907532
  endloop
 endfacet
 facet normal 0.17357653857934993 0.98482038173052766 3.1352025304842308e-05
  outer loop
   vertex 1.8117882013320923 19.844964981079102 0.27435758709907532
   vertex 1.7579628229141235 19.854452133178711 0.26421856880187988
   vertex 1.7766975164413452 19.85114860534668 0.31136980652809143
  endloop
 endfacet
 facet normal 0.17359490372355979 0.984817145062308 -1.3875633353969087e-05
  outer loop
   vertex 1.9793274402618408 19.815422058105469 -0.23235955834388733
   vertex 1.9764323234558105 19.815933227539062 -0.17247767746448517
   vertex 2.0220394134521484 19.807893753051758 -0.19077704846858978
  endloop
 endfacet
 facet normal 0.17354337974570605 0.98482622512330598 4.0691737318227917e-05
  outer loop
   vertex 2.035982608795166 19.805438995361328 -0.24581265449523926
   vertex 1.9793274402618408 19.815422058105469 -0.23235955834388733
   vertex 2.0220394134521484 19.807893753051758 -0.19077704846858978
  endloop
 endfacet
 facet normal 0.17361533694214126 0.98481353941607264 8.5797752881253494e-05
  outer loop
   vertex 1.6567130088806152 19.872299194335938 0.25716176629066467
   vertex 1.7050302028656006 19.863780975341797 0.26009288430213928
   vertex 1.6813997030258179 19.867950439453125 0.21897855401039124
  endloop
 endfacet
 facet normal 0.17364341793055674 0.98480858984211206 6.9156234987302267e-05
  outer loop
   vertex 1.7050302028656006 19.863780975341797 0.26009288430213928
   vertex 1.7333346605300903 19.858793258666992 0.21763038635253906
   vertex 1.6813997030258179 19.867950439453125 0.21897855401039124
  endloop
 endfacet
 facet normal 0.17368822851115961 0.98480068959131717 -3.2513404750602363e-05
  outer loop
   vertex 1.5152851343154907 19.897251129150391 0.0030443579889833927
   vertex 1.5615458488464355 19.889091491699219 -0.017717299982905388
   vertex 1.5206938982009888 19.896295547485352 -0.046746335923671722
  endloop
 endfacet
 facet normal 0.17363864627451589 0.98480942995786613 -8.4770373952669818e-05
  outer loop
   vertex 1.8450833559036255 19.839090347290039 -0.11398137360811234
   vertex 1.8041312694549561 19.846307754516602 -0.15048182010650635
   vertex 1.7905446290969849 19.84870719909668 -0.10530318319797516
  endloop
 endfacet
 facet normal 0.17363994502463348 0.98480920099984026 -8.4367638852592152e-05
  outer loop
   vertex 1.7905446290969849 19.84870719909668 -0.10530318319797516
   vertex 1.8041312694549561 19.846307754516602 -0.15048182010650635
   vertex 1.76032555103302 19.854032516479492 -0.13869865238666534
  endloop
 endfacet
 facet normal 0.17352851018734039 0.98482884579892582 2.5189641848740775e-05
  outer loop
   vertex 1.7434818744659424 19.857000350952148 0.34682074189186096
   vertex 1.7766975164413452 19.85114860534668 0.31136980652809143
   vertex 1.7255189418792725 19.860166549682617 0.30383041501045227
  endloop
 endfacet
 facet normal 0.17355888049775919 0.98482349095809962 8.1593299859935835e-05
  outer loop
   vertex 1.7255189418792725 19.860166549682617 0.30383041501045227
   vertex 1.7579628229141235 19.854452133178711 0.26421856880187988
   vertex 1.7050302028656006 19.863780975341797 0.26009288430213928
  endloop
 endfacet
 facet normal 0.17356394996943569 0.98482260080667416 1.4539093396554643e-05
  outer loop
   vertex 1.7050302028656006 19.863780975341797 0.26009288430213928
   vertex 1.7579628229141235 19.854452133178711 0.26421856880187988
   vertex 1.7333346605300903 19.858793258666992 0.21763038635253906
  endloop
 endfacet
 facet normal 0.17359358432746583 0.98481737362641619 -8.9910570694009355e-05
  outer loop
   vertex 1.8117882013320923 19.844964981079102 0.27435758709907532
   vertex 1.8326995372772217 19.841283798217773 0.32753178477287292
   vertex 1.8638073205947876 19.835796356201172 0.28285819292068481
  endloop
 endfacet
 facet normal 0.17364851693760264 0.98480768955035936 -8.466317965036247e-05
  outer loop
   vertex 1.8638073205947876 19.835796356201172 0.28285819292068481
   vertex 1.8968634605407715 19.829963684082031 0.236667200922966
   vertex 1.8441219329833984 19.839263916015625 0.24200460314750671
  endloop
 endfacet
 facet normal 0.17362727232754249 0.98481143885773526 -1.4108664523483437e-05
  outer loop
   vertex 1.8117882013320923 19.844964981079102 0.27435758709907532
   vertex 1.8441219329833984 19.839263916015625 0.24200460314750671
   vertex 1.7958047389984131 19.847782135009766 0.21768663823604584
  endloop
 endfacet
 facet normal 0.173549280104111 0.98482518513038275 4.5915709361450815e-05
  outer loop
   vertex 2.0361430644989014 19.805414199829102 0.0099086137488484383
   vertex 2.0499992370605469 19.802974700927734 -0.03906843438744545
   vertex 1.9994491338729858 19.811882019042969 -0.022019682452082634
  endloop
 endfacet
 facet normal 0.17353390807731381 0.9848278937206334 -4.9971944976228418e-05
  outer loop
   vertex 2.0003249645233154 19.811725616455078 -0.079589918255805969
   vertex 2.0499992370605469 19.802974700927734 -0.03906843438744545
   vertex 2.0602560043334961 19.801164627075195 -0.093385122716426849
  endloop
 endfacet
 facet normal 0.17363111126720668 0.98481076040798132 5.8178764802438493e-05
  outer loop
   vertex 2.0090539455413818 19.810182571411133 0.14226336777210236
   vertex 1.9876706600189209 19.813955307006836 0.097109727561473846
   vertex 1.9524195194244385 19.820167541503906 0.14556960761547089
  endloop
 endfacet
 facet normal 0.17373174482645085 0.9847930123903359 5.988927149561172e-05
  outer loop
   vertex 1.9945037364959717 19.812740325927734 0.22291325032711029
   vertex 1.9864205121994019 19.814168930053711 0.18005582690238953
   vertex 1.9476630687713623 19.821004867553711 0.20367923378944397
  endloop
 endfacet
 facet normal 0.17369870483903116 0.98479883872700824 -8.473003688158589e-05
  outer loop
   vertex 1.7765349149703979 19.851169586181641 -0.2273225337266922
   vertex 1.8114031553268433 19.845022201538086 -0.19627177715301514
   vertex 1.8171908855438232 19.843997955322266 -0.23587097227573395
  endloop
 endfacet
 facet normal 0.1736218637535295 0.9848123891060353 -8.1792502628588157e-05
  outer loop
   vertex 1.8501073122024536 19.838191986083984 -0.26984831690788269
   vertex 1.8171908855438232 19.843997955322266 -0.23587097227573395
   vertex 1.8527513742446899 19.837730407714844 -0.21484470367431641
  endloop
 endfacet
 facet normal 0.17365804565087606 0.9848060123152762 -3.5894322927428313e-05
  outer loop
   vertex 1.5152851343154907 19.897251129150391 0.0030443579889833927
   vertex 1.5206938982009888 19.896295547485352 -0.046746335923671722
   vertex 1.4824188947677612 19.903045654296875 -0.024918977171182632
  endloop
 endfacet
 facet normal 0.17397099186849269 0.98475077274696088 -9.7788323539189817e-05
  outer loop
   vertex 1.6856081485748291 19.867195129394531 -0.38552847504615784
   vertex 1.6321698427200317 19.876636505126953 -0.37850335240364075
   vertex 1.6912405490875244 19.866203308105469 -0.35303458571434021
  endloop
 endfacet
 facet normal 0.17351279542275674 0.98483161432823518 3.5273539577176247e-05
  outer loop
   vertex 2.0799901485443115 19.797689437866211 -0.0025746710598468781
   vertex 2.0499992370605469 19.802974700927734 -0.03906843438744545
   vertex 2.0361430644989014 19.805414199829102 0.0099086137488484383
  endloop
 endfacet
 facet normal 0.17386222384469036 0.98476995870672557 -0.00023568736261407735
  outer loop
   vertex 1.7205555438995361 19.861019134521484 -0.38887959718704224
   vertex 1.6912405490875244 19.866203308105469 -0.35303458571434021
   vertex 1.7321887016296387 19.858976364135742 -0.34259894490242004
  endloop
 endfacet
 facet normal 0.17393158981210405 0.98475773774712883 -3.5484040529292354e-06
  outer loop
   vertex 1.663077712059021 19.871177673339844 -0.31424617767333984
   vertex 1.6912405490875244 19.866203308105469 -0.35303458571434021
   vertex 1.6321698427200317 19.876636505126953 -0.37850335240364075
  endloop
 endfacet
 facet normal 0.1734978498744551 0.98483423880511034 -0.00013478167432563813
  outer loop
   vertex 1.9506081342697144 19.820472717285156 -0.32399454712867737
   vertex 1.9101107120513916 19.827611923217773 -0.28898414969444275
   vertex 1.9541528224945068 19.819854736328125 -0.27660694718360901
  endloop
 endfacet
 facet normal 0.17356687317205075 0.98482208059846987 0.00010051357201682687
  outer loop
   vertex 2.1012921333312988 19.793926239013672 0.11056867241859436
   vertex 2.0721175670623779 19.799074172973633 0.050270449370145798
   vertex 2.0410611629486084 19.804542541503906 0.099944144487380981
  endloop
 endfacet
 facet normal 0.17361312747728427 0.98481393090115321 5.8911586381119217e-05
  outer loop
   vertex 2.0579564571380615 19.80156135559082 0.14524175226688385
   vertex 2.0410611629486084 19.804542541503906 0.099944144487380981
   vertex 2.0090539455413818 19.810182571411133 0.14226336777210236
  endloop
 endfacet
 facet normal 0.17372563701623137 0.98479409134275697 2.6451808648204911e-05
  outer loop
   vertex 1.6393831968307495 19.875360488891602 -0.26652774214744568
   vertex 1.6102950572967529 19.8804931640625 -0.31463828682899475
   vertex 1.59037184715271 19.884006500244141 -0.26701730489730835
  endloop
 endfacet
 facet normal 0.1738018530380239 0.98478064330939263 -2.1063900822676159e-05
  outer loop
   vertex 1.6102950572967529 19.8804931640625 -0.31463828682899475
   vertex 1.6393831968307495 19.875360488891602 -0.26652774214744568
   vertex 1.663077712059021 19.871177673339844 -0.31424617767333984
  endloop
 endfacet
 facet normal 0.17358645764756039 0.98481863392008073 2.2711002233196277e-06
  outer loop
   vertex 1.7333346605300903 19.858793258666992 0.21763038635253906
   vertex 1.7579628229141235 19.854452133178711 0.26421856880187988
   vertex 1.7958047389984131 19.847782135009766 0.21768663823604584
  endloop
 endfacet
 facet normal 0.17361968644314624 0.98481277476813112 5.5972120015619532e-05
  outer loop
   vertex 1.7333346605300903 19.858793258666992 0.21763038635253906
   vertex 1.757551908493042 19.854526519775391 0.17024910449981689
   vertex 1.7026877403259277 19.864198684692383 0.17432442307472229
  endloop
 endfacet
 facet normal 0.17363062721607631 0.98481084724545964 -2.0981701951519542e-05
  outer loop
   vertex 1.8441219329833984 19.839263916015625 0.24200460314750671
   vertex 1.8525656461715698 19.837774276733398 0.19788488745689392
   vertex 1.7958047389984131 19.847782135009766 0.21768663823604584
  endloop
 endfacet
 facet normal 0.17363963017587161 0.98480926011117642 5.627055328245817e-06
  outer loop
   vertex 1.8525656461715698 19.837774276733398 0.19788488745689392
   vertex 1.8136558532714844 19.844635009765625 0.15676712989807129
   vertex 1.7958047389984131 19.847782135009766 0.21768663823604584
  endloop
 endfacet
 facet normal 0.17362955655005208 0.98481103623261557 2.5834470108943336e-06
  outer loop
   vertex 1.7958047389984131 19.847782135009766 0.21768663823604584
   vertex 1.8136558532714844 19.844635009765625 0.15676712989807129
   vertex 1.757551908493042 19.854526519775391 0.17024910449981689
  endloop
 endfacet
 facet normal 0.1736318190270941 0.98481063323873885 -8.9895810190434821e-05
  outer loop
   vertex 1.8482648134231567 19.838525772094727 -0.16730542480945587
   vertex 1.8527513742446899 19.837730407714844 -0.21484470367431641
   vertex 1.8114031553268433 19.845022201538086 -0.19627177715301514
  endloop
 endfacet
 facet normal 0.17362115254048782 0.98481251496399536 -7.5899954829630455e-05
  outer loop
   vertex 1.8482648134231567 19.838525772094727 -0.16730542480945587
   vertex 1.8114031553268433 19.845022201538086 -0.19627177715301514
   vertex 1.8041312694549561 19.846307754516602 -0.15048182010650635
  endloop
 endfacet
 facet normal 0.1736590150985545 0.98480582274258543 0.00019485199354485203
  outer loop
   vertex 1.6567130088806152 19.872299194335938 0.25716176629066467
   vertex 1.6107946634292603 19.880397796630859 0.24989445507526398
   vertex 1.6271436214447021 19.877506256103516 0.29332229495048523
  endloop
 endfacet
 facet normal 0.17370206426158102 0.9847982337196286 0.00017814029596908949
  outer loop
   vertex 1.6107946634292603 19.880397796630859 0.24989445507526398
   vertex 1.5786063671112061 19.886068344116211 0.28822585940361023
   vertex 1.6271436214447021 19.877506256103516 0.29332229495048523
  endloop
 endfacet
 facet normal 0.17357380505877107 0.98482086120489454 7.4384605683077868e-05
  outer loop
   vertex 1.7255189418792725 19.860166549682617 0.30383041501045227
   vertex 1.7050302028656006 19.863780975341797 0.26009288430213928
   vertex 1.6756430864334106 19.86895751953125 0.29860773682594299
  endloop
 endfacet
 facet normal 0.17361414109307036 0.98481374825478196 0.00010611730506668272
  outer loop
   vertex 1.7050302028656006 19.863780975341797 0.26009288430213928
   vertex 1.6567130088806152 19.872299194335938 0.25716176629066467
   vertex 1.6756430864334106 19.86895751953125 0.29860773682594299
  endloop
 endfacet
 facet normal 0.1735754067712893 0.98482057386052457 0.00012435919107496734
  outer loop
   vertex 1.6756430864334106 19.86895751953125 0.29860773682594299
   vertex 1.6567130088806152 19.872299194335938 0.25716176629066467
   vertex 1.6271436214447021 19.877506256103516 0.29332229495048523
  endloop
 endfacet
 facet normal 0.17357966442347955 0.98481981192132106 0.00019530971794095111
  outer loop
   vertex 1.6451032161712646 19.874332427978516 0.33545225858688354
   vertex 1.6271436214447021 19.877506256103516 0.29332229495048523
   vertex 1.5962063074111938 19.882951736450195 0.33055371046066284
  endloop
 endfacet
 facet normal 0.17349385417139204 0.98483495069839155 -4.9473755326938994e-05
  outer loop
   vertex 1.8326995372772217 19.841283798217773 0.32753178477287292
   vertex 1.8117882013320923 19.844964981079102 0.27435758709907532
   vertex 1.7766975164413452 19.85114860534668 0.31136980652809143
  endloop
 endfacet
 facet normal 0.17348920693632411 0.98483577006327272 -3.2870748717241779e-05
  outer loop
   vertex 1.789059042930603 19.848972320556641 0.35117176175117493
   vertex 1.8326995372772217 19.841283798217773 0.32753178477287292
   vertex 1.7766975164413452 19.85114860534668 0.31136980652809143
  endloop
 endfacet
 facet normal 0.17352805818209263 0.98482891976724296 0.00010869055914888415
  outer loop
   vertex 2.1186037063598633 19.790884017944336 0.01250155083835125
   vertex 2.1223533153533936 19.790229797363281 -0.046077772974967957
   vertex 2.0799901485443115 19.797689437866211 -0.0025746710598468781
  endloop
 endfacet
 facet normal 0.17351497080946041 0.98483123074103818 4.3151873278783848e-05
  outer loop
   vertex 2.0721175670623779 19.799074172973633 0.050270449370145798
   vertex 2.0799901485443115 19.797689437866211 -0.0025746710598468781
   vertex 2.0361430644989014 19.805414199829102 0.0099086137488484383
  endloop
 endfacet
 facet normal 0.17356995509890705 0.98482153985493237 7.2970700508611053e-05
  outer loop
   vertex 2.1186037063598633 19.790884017944336 0.01250155083835125
   vertex 2.0721175670623779 19.799074172973633 0.050270449370145798
   vertex 2.1094574928283691 19.792491912841797 0.067569449543952942
  endloop
 endfacet
 facet normal 0.17367396441895547 0.98480320573833169 7.1069328333975918e-06
  outer loop
   vertex 1.5520848035812378 19.89076042175293 0.079537667334079742
   vertex 1.5543649196624756 19.890357971191406 0.12706927955150604
   vertex 1.5879912376403809 19.884428024291992 0.10100520402193069
  endloop
 endfacet
 facet normal 0.17378355963299205 0.98478386528155315 -0.00011437836397259776
  outer loop
   vertex 1.663077712059021 19.871177673339844 -0.31424617767333984
   vertex 1.7139352560043335 19.862203598022461 -0.30829712748527527
   vertex 1.6912405490875244 19.866203308105469 -0.35303458571434021
  endloop
 endfacet
 facet normal 0.1736495162837903 0.98480751675509348 2.0906269821740776e-05
  outer loop
   vertex 1.7372798919677734 19.858100891113281 0.069881469011306763
   vertex 1.7267701625823975 19.859952926635742 0.12301960587501526
   vertex 1.7653681039810181 19.853147506713867 0.099813185632228851
  endloop
 endfacet
 facet normal 0.17362316632403563 0.98481213982371152 -0.00021300577181958304
  outer loop
   vertex 1.9259181022644043 19.824857711791992 0.34325346350669861
   vertex 1.883137583732605 19.832395553588867 0.32292079925537109
   vertex 1.8789081573486328 19.833150863647461 0.36757740378379822
  endloop
 endfacet
 facet normal 0.17365595110633678 0.98480638224204753 1.1861013299737107e-05
  outer loop
   vertex 1.6670606136322021 19.870481491088867 0.13341169059276581
   vertex 1.6504753828048706 19.873405456542969 0.1826649010181427
   vertex 1.7026877403259277 19.864198684692383 0.17432442307472229
  endloop
 endfacet
 facet normal 0.1736616316789715 0.98480537941642543 4.8529040973112099e-05
  outer loop
   vertex 1.6504753828048706 19.873405456542969 0.1826649010181427
   vertex 1.6813997030258179 19.867950439453125 0.21897855401039124
   vertex 1.7026877403259277 19.864198684692383 0.17432442307472229
  endloop
 endfacet
 facet normal 0.17363280293403052 0.98481046383814952 -7.7563599757596329e-06
  outer loop
   vertex 1.7653681039810181 19.853147506713867 0.099813185632228851
   vertex 1.7267701625823975 19.859952926635742 0.12301960587501526
   vertex 1.7733749151229858 19.851736068725586 0.13154987990856171
  endloop
 endfacet
 facet normal 0.17361537173351801 0.98481353701217733 -3.9239348008812487e-06
  outer loop
   vertex 1.757551908493042 19.854526519775391 0.17024910449981689
   vertex 1.7267701625823975 19.859952926635742 0.12301960587501526
   vertex 1.7026877403259277 19.864198684692383 0.17432442307472229
  endloop
 endfacet
 facet normal 0.17365316137571676 0.98480687413210155 1.4365870101066371e-05
  outer loop
   vertex 1.7026877403259277 19.864198684692383 0.17432442307472229
   vertex 1.7267701625823975 19.859952926635742 0.12301960587501526
   vertex 1.6670606136322021 19.870481491088867 0.13341169059276581
  endloop
 endfacet
 facet normal 0.17361842313464396 0.9848129985890185 3.0957158595963207e-05
  outer loop
   vertex 1.8841205835342407 19.832210540771484 0.079240202903747559
   vertex 1.9354441165924072 19.823162078857422 0.089965701103210449
   vertex 1.9199169874191284 19.825901031494141 0.039558093994855881
  endloop
 endfacet
 facet normal 0.17360921004402788 0.98481462205095283 -4.8811141993738169e-05
  outer loop
   vertex 1.8712092638015747 19.83448600769043 -0.063594833016395569
   vertex 1.915233850479126 19.826725006103516 -0.065113522112369537
   vertex 1.8987011909484863 19.82963752746582 -0.1046195924282074
  endloop
 endfacet
 facet normal 0.17362952590542163 0.9848110407214844 -4.2507944278518535e-05
  outer loop
   vertex 1.8450833559036255 19.839090347290039 -0.11398137360811234
   vertex 1.8987011909484863 19.82963752746582 -0.1046195924282074
   vertex 1.8829942941665649 19.832405090332031 -0.14354349672794342
  endloop
 endfacet
 facet normal 0.17364181195822351 0.9848088752466323 -1.937338844628477e-05
  outer loop
   vertex 1.7899501323699951 19.848814010620117 -0.019458029419183731
   vertex 1.8179733753204346 19.8438720703125 -0.063848458230495453
   vertex 1.7659951448440552 19.853036880493164 -0.064246758818626404
  endloop
 endfacet
 facet normal 0.17362403595872705 0.98481198609613629 -0.00021489249933838415
  outer loop
   vertex 1.883137583732605 19.832395553588867 0.32292079925537109
   vertex 1.9259181022644043 19.824857711791992 0.34325346350669861
   vertex 1.9144965410232544 19.826860427856445 0.29318761825561523
  endloop
 endfacet
 facet normal 0.17364547797302246 0.98480822880486285 -2.1395084070743755e-05
  outer loop
   vertex 1.7659951448440552 19.853036880493164 -0.064246758818626404
   vertex 1.7366529703140259 19.858211517333984 -0.022694181650876999
   vertex 1.7899501323699951 19.848814010620117 -0.019458029419183731
  endloop
 endfacet
 facet normal 0.17375427968408982 0.98478900470425057 0.00025788577838454222
  outer loop
   vertex 1.5435408353805542 19.892242431640625 0.33713394403457642
   vertex 1.5786063671112061 19.886068344116211 0.28822585940361023
   vertex 1.5362282991409302 19.893547058105469 0.28208115696907043
  endloop
 endfacet
 facet normal 0.17395220671624778 0.98475406905725582 0.00023076768601047872
  outer loop
   vertex 1.5435408353805542 19.892242431640625 0.33713394403457642
   vertex 1.5362282991409302 19.893547058105469 0.28208115696907043
   vertex 1.4960185289382935 19.900646209716797 0.29794049263000488
  endloop
 endfacet
 facet normal 0.17401616380440854 0.98474279054382841 -0.00010586194474634994
  outer loop
   vertex 1.6912405490875244 19.866203308105469 -0.35303458571434021
   vertex 1.7205555438995361 19.861019134521484 -0.38887959718704224
   vertex 1.6856081485748291 19.867195129394531 -0.38552847504615784
  endloop
 endfacet
 facet normal 0.17367947972044515 0.98480223226535979 -4.0610339216757777e-05
  outer loop
   vertex 1.6630051136016846 19.871196746826172 -0.11784461140632629
   vertex 1.7176623344421387 19.861557006835938 -0.12768895924091339
   vertex 1.6902147531509399 19.866395950317383 -0.16904039680957794
  endloop
 endfacet
 facet normal 0.17363799973494684 0.98480954757759531 6.9324483457120534e-06
  outer loop
   vertex 1.7858270406723022 19.849540710449219 0.066578470170497894
   vertex 1.8137060403823853 19.844625473022461 0.026044769212603569
   vertex 1.7607098817825317 19.853969573974609 0.024189971387386322
  endloop
 endfacet
 facet normal 0.17363956224523761 0.98480927176924582 -2.5702332652049236e-05
  outer loop
   vertex 1.7366529703140259 19.858211517333984 -0.022694181650876999
   vertex 1.7659951448440552 19.853036880493164 -0.064246758818626404
   vertex 1.7113969326019287 19.862663269042969 -0.074089273810386658
  endloop
 endfacet
 facet normal 0.17354198760116524 0.98482646766012838 8.4471954535873667e-05
  outer loop
   vertex 2.0721175670623779 19.799074172973633 0.050270449370145798
   vertex 2.0173680782318115 19.808721542358398 0.054418552666902542
   vertex 2.0410611629486084 19.804542541503906 0.099944144487380981
  endloop
 endfacet
 facet normal 0.17367669989946974 0.98480272012589254 7.9653451536622089e-05
  outer loop
   vertex 1.6567130088806152 19.872299194335938 0.25716176629066467
   vertex 1.6406251192092896 19.875139236450195 0.22213989496231079
   vertex 1.6107946634292603 19.880397796630859 0.24989445507526398
  endloop
 endfacet
 facet normal 0.17363348683602003 0.98481034056550865 7.3242150646371464e-05
  outer loop
   vertex 1.6504753828048706 19.873405456542969 0.1826649010181427
   vertex 1.6406251192092896 19.875139236450195 0.22213989496231079
   vertex 1.6813997030258179 19.867950439453125 0.21897855401039124
  endloop
 endfacet
 facet normal 0.17363543816123075 0.98480999424985061 9.9197613080823297e-05
  outer loop
   vertex 1.6406251192092896 19.875139236450195 0.22213989496231079
   vertex 1.6567130088806152 19.872299194335938 0.25716176629066467
   vertex 1.6813997030258179 19.867950439453125 0.21897855401039124
  endloop
 endfacet
 facet normal 0.17363737987319172 0.98480965680481192 -1.3219739105701536e-05
  outer loop
   vertex 1.7659951448440552 19.853036880493164 -0.064246758818626404
   vertex 1.7491922378540039 19.855998992919922 -0.10175291448831558
   vertex 1.7113969326019287 19.862663269042969 -0.074089273810386658
  endloop
 endfacet
 facet normal 0.17366782377645773 0.98480428758654304 -4.6215913378947614e-05
  outer loop
   vertex 1.6134581565856934 19.879934310913086 -0.089353710412979126
   vertex 1.6084856986999512 19.880813598632812 -0.038064524531364441
   vertex 1.6562862396240234 19.872383117675781 -0.058790616691112518
  endloop
 endfacet
 facet normal 0.17367873910203388 0.98480236031100721 8.1913348645005173e-05
  outer loop
   vertex 1.6406251192092896 19.875139236450195 0.22213989496231079
   vertex 1.604122519493103 19.88157844543457 0.20232976973056793
   vertex 1.6107946634292603 19.880397796630859 0.24989445507526398
  endloop
 endfacet
 facet normal 0.17379306448251555 0.98478217517307909 -0.00019544604219191264
  outer loop
   vertex 1.7617743015289307 19.853761672973633 -0.30966317653656006
   vertex 1.7734088897705078 19.851699829101562 -0.35293009877204895
   vertex 1.7321887016296387 19.858976364135742 -0.34259894490242004
  endloop
 endfacet
 facet normal 0.17383947383855344 0.98477399270454002 -0.00014362553190126292
  outer loop
   vertex 1.7139352560043335 19.862203598022461 -0.30829712748527527
   vertex 1.7321887016296387 19.858976364135742 -0.34259894490242004
   vertex 1.6912405490875244 19.866203308105469 -0.35303458571434021
  endloop
 endfacet
 facet normal 0.17364401314379119 0.98480848731477044 3.4803184914959888e-06
  outer loop
   vertex 1.7899501323699951 19.848814010620117 -0.019458029419183731
   vertex 1.7366529703140259 19.858211517333984 -0.022694181650876999
   vertex 1.7607098817825317 19.853969573974609 0.024189971387386322
  endloop
 endfacet
 facet normal 0.17372573648219086 0.98479407401835373 1.6188062252697617e-05
  outer loop
   vertex 1.6393831968307495 19.875360488891602 -0.26652774214744568
   vertex 1.59037184715271 19.884006500244141 -0.26701730489730835
   vertex 1.6149219274520874 19.879674911499023 -0.22117200493812561
  endloop
 endfacet
 facet normal 0.17365231211811458 0.98480702378248886 -2.0117391667397846e-05
  outer loop
   vertex 1.7491922378540039 19.855998992919922 -0.10175291448831558
   vertex 1.7659951448440552 19.853036880493164 -0.064246758818626404
   vertex 1.7905446290969849 19.84870719909668 -0.10530318319797516
  endloop
 endfacet
 facet normal 0.17370145686491295 0.98479835696363061 -2.1772791434596282e-06
  outer loop
   vertex 1.5725191831588745 19.887153625488281 -0.11956928670406342
   vertex 1.5329190492630005 19.894138336181641 -0.15141411125659943
   vertex 1.5255123376846313 19.895444869995117 -0.098246335983276367
  endloop
 endfacet
 facet normal 0.17364863650271034 0.98480765413553928 -0.00018814038846676106
  outer loop
   vertex 1.883137583732605 19.832395553588867 0.32292079925537109
   vertex 1.9144965410232544 19.826860427856445 0.29318761825561523
   vertex 1.8638073205947876 19.835796356201172 0.28285819292068481
  endloop
 endfacet
 facet normal 0.17363077524279741 0.98481081651889002 -9.7754704693952998e-05
  outer loop
   vertex 1.8638073205947876 19.835796356201172 0.28285819292068481
   vertex 1.9144965410232544 19.826860427856445 0.29318761825561523
   vertex 1.8968634605407715 19.829963684082031 0.236667200922966
  endloop
 endfacet
 facet normal 0.17358597917939697 0.98481871776278118 -3.1247424164822936e-05
  outer loop
   vertex 1.9740754365921021 19.816350936889648 -0.12592555582523346
   vertex 2.0003249645233154 19.811725616455078 -0.079589918255805969
   vertex 2.01595139503479 19.808969497680664 -0.13553424179553986
  endloop
 endfacet
 facet normal 0.17353479756362758 0.98482773718029792 -4.5987874956967161e-05
  outer loop
   vertex 2.01595139503479 19.808969497680664 -0.13553424179553986
   vertex 2.0003249645233154 19.811725616455078 -0.079589918255805969
   vertex 2.0602560043334961 19.801164627075195 -0.093385122716426849
  endloop
 endfacet
 facet normal 0.17353743485331535 0.98482727328091391 2.2508035012056136e-05
  outer loop
   vertex 2.0721175670623779 19.799074172973633 0.050270449370145798
   vertex 2.0361430644989014 19.805414199829102 0.0099086137488484383
   vertex 2.0173680782318115 19.808721542358398 0.054418552666902542
  endloop
 endfacet
 facet normal 0.17364186532586229 0.9848088656692805 -2.6558238596110238e-05
  outer loop
   vertex 1.7659951448440552 19.853036880493164 -0.064246758818626404
   vertex 1.8179733753204346 19.8438720703125 -0.063848458230495453
   vertex 1.7905446290969849 19.84870719909668 -0.10530318319797516
  endloop
 endfacet
 facet normal 0.17375423862338196 0.98478901511084249 -0.00024551461430903095
  outer loop
   vertex 1.9637678861618042 19.818172454833984 0.31471246480941772
   vertex 1.9144965410232544 19.826860427856445 0.29318761825561523
   vertex 1.9259181022644043 19.824857711791992 0.34325346350669861
  endloop
 endfacet
 facet normal 0.17394317891321995 0.98475567492741256 -0.00017665735038417869
  outer loop
   vertex 1.9637678861618042 19.818172454833984 0.31471246480941772
   vertex 2.0042030811309814 19.811023712158203 0.27883189916610718
   vertex 1.9535927772521973 19.81995964050293 0.25839123129844666
  endloop
 endfacet
 facet normal 0.17348023767683982 0.9848373495257372 4.5985955945440808e-05
  outer loop
   vertex 1.6946060657501221 19.865610122680664 0.34164837002754211
   vertex 1.7434818744659424 19.857000350952148 0.34682074189186096
   vertex 1.7255189418792725 19.860166549682617 0.30383041501045227
  endloop
 endfacet
 facet normal 0.17350368372347921 0.98483320457707846 0.00017577492789962241
  outer loop
   vertex 1.6451032161712646 19.874332427978516 0.33545225858688354
   vertex 1.6696447134017944 19.870000839233398 0.38012444972991943
   vertex 1.6946060657501221 19.865610122680664 0.34164837002754211
  endloop
 endfacet
 facet normal 0.1735690838654271 0.98482168869189779 0.00012086420129955622
  outer loop
   vertex 1.6756430864334106 19.86895751953125 0.29860773682594299
   vertex 1.6946060657501221 19.865610122680664 0.34164837002754211
   vertex 1.7255189418792725 19.860166549682617 0.30383041501045227
  endloop
 endfacet
 facet normal 0.17358536644074163 0.98481882510545815 -4.7702602761712279e-05
  outer loop
   vertex 1.4549868106842041 19.907878875732422 -0.19889345765113831
   vertex 1.4937059879302979 19.901052474975586 -0.23422491550445557
   vertex 1.4457840919494629 19.90949821472168 -0.25553151965141296
  endloop
 endfacet
 facet normal 0.17354850080591658 0.98482532280601065 3.7789622681828578e-05
  outer loop
   vertex 1.4928433895111084 19.901206970214844 -0.29900887608528137
   vertex 1.4457840919494629 19.90949821472168 -0.25553151965141296
   vertex 1.4937059879302979 19.901052474975586 -0.23422491550445557
  endloop
 endfacet
 facet normal 0.17346770342407211 0.9848395577945972 3.5661187903510632e-05
  outer loop
   vertex 1.7667984962463379 19.85289192199707 0.38783237338066101
   vertex 1.789059042930603 19.848972320556641 0.35117176175117493
   vertex 1.7434818744659424 19.857000350952148 0.34682074189186096
  endloop
 endfacet
 facet normal 0.17357123454929338 0.98482131420303731 7.5022908241311845e-05
  outer loop
   vertex 2.1012921333312988 19.793926239013672 0.11056867241859436
   vertex 2.0410611629486084 19.804542541503906 0.099944144487380981
   vertex 2.0579564571380615 19.80156135559082 0.14524175226688385
  endloop
 endfacet
 facet normal 0.17350692239082829 0.9848326383963576 0.00014910309261985047
  outer loop
   vertex 1.6946060657501221 19.865610122680664 0.34164837002754211
   vertex 1.6756430864334106 19.86895751953125 0.29860773682594299
   vertex 1.6451032161712646 19.874332427978516 0.33545225858688354
  endloop
 endfacet
 facet normal 0.17346794672700488 0.98483950164398837 0.00016571040271538828
  outer loop
   vertex 1.6946060657501221 19.865610122680664 0.34164837002754211
   vertex 1.7083929777145386 19.863174438476562 0.38492089509963989
   vertex 1.7434818744659424 19.857000350952148 0.34682074189186096
  endloop
 endfacet
 facet normal 0.17348182175763904 0.98483705837545443 0.00016115220196092142
  outer loop
   vertex 1.7083929777145386 19.863174438476562 0.38492089509963989
   vertex 1.6946060657501221 19.865610122680664 0.34164837002754211
   vertex 1.6696447134017944 19.870000839233398 0.38012444972991943
  endloop
 endfacet
 facet normal 0.17366690615090158 0.98480444982757431 3.6163278162899038e-05
  outer loop
   vertex 1.5390638113021851 19.893054962158203 -0.26648539304733276
   vertex 1.4928433895111084 19.901206970214844 -0.29900887608528137
   vertex 1.4937059879302979 19.901052474975586 -0.23422491550445557
  endloop
 endfacet
 facet normal 0.17338316952536467 0.98485444064802141 8.5212742327303993e-05
  outer loop
   vertex 1.7434818744659424 19.857000350952148 0.34682074189186096
   vertex 1.7083929777145386 19.863174438476562 0.38492089509963989
   vertex 1.7667984962463379 19.85289192199707 0.38783237338066101
  endloop
 endfacet
 facet normal 0.17382991940718912 0.98477568810804261 5.6835037512660859e-05
  outer loop
   vertex 1.5125210285186768 19.897741317749023 0.2043817937374115
   vertex 1.505179762840271 19.89903450012207 0.25078028440475464
   vertex 1.5578718185424805 19.889734268188477 0.23646703362464905
  endloop
 endfacet
 facet normal 0.17380739792824465 0.98477966083109669 8.9659372213648429e-05
  outer loop
   vertex 1.5125210285186768 19.897741317749023 0.2043817937374115
   vertex 1.5578718185424805 19.889734268188477 0.23646703362464905
   vertex 1.5579342842102051 19.889728546142578 0.17822392284870148
  endloop
 endfacet
 facet normal 0.17369465622127078 0.98479955639668793 -1.1002778612574968e-05
  outer loop
   vertex 1.5357855558395386 19.893630981445312 -0.20581886172294617
   vertex 1.4937059879302979 19.901052474975586 -0.23422491550445557
   vertex 1.493979811668396 19.901004791259766 -0.17943713068962097
  endloop
 endfacet
 facet normal 0.17362103476363186 0.98481253547770664 -7.9079557658334027e-05
  outer loop
   vertex 1.4219865798950195 19.913700103759766 -0.15736418962478638
   vertex 1.4549868106842041 19.907878875732422 -0.19889345765113831
   vertex 1.4151467084884644 19.914901733398438 -0.21004050970077515
  endloop
 endfacet
 facet normal 0.17366606064724691 0.98480459936029274 -2.1402802709274643e-05
  outer loop
   vertex 1.5206938982009888 19.896295547485352 -0.046746335923671722
   vertex 1.4734139442443848 19.904632568359375 -0.074165619909763336
   vertex 1.4824188947677612 19.903045654296875 -0.024918977171182632
  endloop
 endfacet
 facet normal 0.17366530067719904 0.98480473302875482 3.3835795638857015e-05
  outer loop
   vertex 1.5390638113021851 19.893054962158203 -0.26648539304733276
   vertex 1.4937059879302979 19.901052474975586 -0.23422491550445557
   vertex 1.5357855558395386 19.893630981445312 -0.20581886172294617
  endloop
 endfacet
 facet normal 0.17355489352769871 0.98482419121002274 0.00010648997063518987
  outer loop
   vertex 2.0721175670623779 19.799074172973633 0.050270449370145798
   vertex 2.1012921333312988 19.793926239013672 0.11056867241859436
   vertex 2.1094574928283691 19.792491912841797 0.067569449543952942
  endloop
 endfacet
 facet normal 0.17349167077495006 0.98483533540282209 -4.810122108611371e-05
  outer loop
   vertex 1.9541528224945068 19.819854736328125 -0.27660694718360901
   vertex 1.9353325366973877 19.823171615600586 -0.24714650213718414
   vertex 1.9793274402618408 19.815422058105469 -0.23235955834388733
  endloop
 endfacet
 facet normal 0.1735260436000256 0.98482928059166952 1.6787393568972287e-05
  outer loop
   vertex 2.0953679084777832 19.79496955871582 0.14127674698829651
   vertex 2.1012921333312988 19.793926239013672 0.11056867241859436
   vertex 2.0579564571380615 19.80156135559082 0.14524175226688385
  endloop
 endfacet
 facet normal 0.17343208207557612 0.98484583196259567 -1.3146602464084159e-05
  outer loop
   vertex 1.9943997859954834 19.812767028808594 -0.29064339399337769
   vertex 1.9541528224945068 19.819854736328125 -0.27660694718360901
   vertex 1.9793274402618408 19.815422058105469 -0.23235955834388733
  endloop
 endfacet
 facet normal 0.17367368579065551 0.9848032511348993 -8.6127935282703062e-05
  outer loop
   vertex 1.4219865798950195 19.913700103759766 -0.15736418962478638
   vertex 1.4151467084884644 19.914901733398438 -0.21004050970077515
   vertex 1.3852499723434448 19.92017936706543 -0.15019425749778748
  endloop
 endfacet
 facet normal 0.17361819458072783 0.98481303931151321 -1.0608896513006961e-05
  outer loop
   vertex 1.493979811668396 19.901004791259766 -0.17943713068962097
   vertex 1.4937059879302979 19.901052474975586 -0.23422491550445557
   vertex 1.4549868106842041 19.907878875732422 -0.19889345765113831
  endloop
 endfacet
 facet normal 0.17362468238681239 0.98481189528220792 -2.4015496003281992e-05
  outer loop
   vertex 1.459514856338501 19.907081604003906 -0.15651221573352814
   vertex 1.493979811668396 19.901004791259766 -0.17943713068962097
   vertex 1.4549868106842041 19.907878875732422 -0.19889345765113831
  endloop
 endfacet
 facet normal 0.17364708109405871 0.9848079459064627 -3.0116558040060726e-05
  outer loop
   vertex 1.8179733753204346 19.8438720703125 -0.063848458230495453
   vertex 1.8450833559036255 19.839090347290039 -0.11398137360811234
   vertex 1.7905446290969849 19.84870719909668 -0.10530318319797516
  endloop
 endfacet
 facet normal 0.17364971208066043 0.98480748223453163 2.0716819357425935e-05
  outer loop
   vertex 1.7372798919677734 19.858100891113281 0.069881469011306763
   vertex 1.7653681039810181 19.853147506713867 0.099813185632228851
   vertex 1.7858270406723022 19.849540710449219 0.066578470170497894
  endloop
 endfacet
 facet normal 0.17367562763206063 0.98480291242393647 6.9240464629116382e-06
  outer loop
   vertex 1.5390638113021851 19.893054962158203 -0.26648539304733276
   vertex 1.5725357532501221 19.887151718139648 -0.22729207575321198
   vertex 1.59037184715271 19.884006500244141 -0.26701730489730835
  endloop
 endfacet
 facet normal 0.17361111885487862 0.98481428247280434 -9.191046112199018e-05
  outer loop
   vertex 1.8912628889083862 19.830944061279297 -0.18507383763790131
   vertex 1.8527513742446899 19.837730407714844 -0.21484470367431641
   vertex 1.8482648134231567 19.838525772094727 -0.16730542480945587
  endloop
 endfacet
 facet normal 0.17378796050897277 0.98478307151125344 -0.00021644166267770039
  outer loop
   vertex 1.7734088897705078 19.851699829101562 -0.35293009877204895
   vertex 1.7205555438995361 19.861019134521484 -0.38887959718704224
   vertex 1.7321887016296387 19.858976364135742 -0.34259894490242004
  endloop
 endfacet
 facet normal 0.17360712977717738 0.98481498664440137 -8.1062432133835338e-05
  outer loop
   vertex 1.8527513742446899 19.837730407714844 -0.21484470367431641
   vertex 1.8961725234985352 19.830074310302734 -0.2348092794418335
   vertex 1.8501073122024536 19.838191986083984 -0.26984831690788269
  endloop
 endfacet
 facet normal 0.17361799653410867 0.98481306166509119 -0.00015764933119735588
  outer loop
   vertex 1.7939013242721558 19.848100662231445 -0.27097311615943909
   vertex 1.8501073122024536 19.838191986083984 -0.26984831690788269
   vertex 1.8131929636001587 19.844692230224609 -0.31723141670227051
  endloop
 endfacet
 facet normal 0.17355248974929557 0.9848246073322251 -0.00016153869222584587
  outer loop
   vertex 1.9101107120513916 19.827611923217773 -0.28898414969444275
   vertex 1.9172565937042236 19.826343536376953 -0.34440752863883972
   vertex 1.8656466007232666 19.835441589355469 -0.32618480920791626
  endloop
 endfacet
 facet normal 0.17370523385101322 0.98479768819890801 -7.1069339199927905e-05
  outer loop
   vertex 1.7240993976593018 19.860418319702148 -0.21311585605144501
   vertex 1.691713809967041 19.866127014160156 -0.26429092884063721
   vertex 1.6663861274719238 19.870597839355469 -0.21775460243225098
  endloop
 endfacet
 facet normal 0.17366803702160538 0.98480425012771311 -4.2982028526524394e-05
  outer loop
   vertex 1.7681708335876465 19.85264778137207 -0.18192623555660248
   vertex 1.7240993976593018 19.860418319702148 -0.21311585605144501
   vertex 1.7320715188980103 19.859014511108398 -0.16598041355609894
  endloop
 endfacet
 facet normal 0.17370363671062572 0.9847979720663218 2.8417656217331751e-05
  outer loop
   vertex 1.6504753828048706 19.873405456542969 0.1826649010181427
   vertex 1.6670606136322021 19.870481491088867 0.13341169059276581
   vertex 1.6074759960174561 19.880990982055664 0.14535427093505859
  endloop
 endfacet
 facet normal 0.17376250399191942 0.98478758658452492 -3.8929232473521403e-05
  outer loop
   vertex 1.691713809967041 19.866127014160156 -0.26429092884063721
   vertex 1.6393831968307495 19.875360488891602 -0.26652774214744568
   vertex 1.6663861274719238 19.870597839355469 -0.21775460243225098
  endloop
 endfacet
 facet normal 0.17369879035293015 0.98479882708542121 2.0027655990117651e-05
  outer loop
   vertex 1.6026127338409424 19.88184928894043 0.012132051400840282
   vertex 1.5560027360916138 19.890069961547852 0.031679309904575348
   vertex 1.5955349206924438 19.883096694946289 0.0602460578083992
  endloop
 endfacet
 facet normal 0.17365050986220376 0.98480734169846118 1.2704601897755985e-05
  outer loop
   vertex 1.6026127338409424 19.88184928894043 0.012132051400840282
   vertex 1.5955349206924438 19.883096694946289 0.0602460578083992
   vertex 1.6440718173980713 19.874538421630859 0.0439947210252285
  endloop
 endfacet
 facet normal 0.17367048394921619 0.98480381721750176 6.7813585770023954e-05
  outer loop
   vertex 1.604122519493103 19.88157844543457 0.20232976973056793
   vertex 1.6504753828048706 19.873405456542969 0.1826649010181427
   vertex 1.6074759960174561 19.880990982055664 0.14535427093505859
  endloop
 endfacet
 facet normal 0.173677361749347 0.98480260299739053 8.4530175218792443e-05
  outer loop
   vertex 1.6406251192092896 19.875139236450195 0.22213989496231079
   vertex 1.6504753828048706 19.873405456542969 0.1826649010181427
   vertex 1.604122519493103 19.88157844543457 0.20232976973056793
  endloop
 endfacet
 facet normal 0.17364329584133201 0.98480861348399107 2.4841476798943126e-05
  outer loop
   vertex 1.9354441165924072 19.823162078857422 0.089965701103210449
   vertex 1.8978698253631592 19.82978630065918 0.12752707302570343
   vertex 1.9524195194244385 19.820167541503906 0.14556960761547089
  endloop
 endfacet
 facet normal 0.17371742977821231 0.98479553163459765 -0.00012435345614837147
  outer loop
   vertex 1.4199039936065674 19.914077758789062 0.11700959503650665
   vertex 1.4265646934509277 19.912908554077148 0.16246134042739868
   vertex 1.4667350053787231 19.905818939208984 0.13401257991790771
  endloop
 endfacet
 facet normal 0.17365034987664743 0.98480736998921237 1.6275021858458902e-06
  outer loop
   vertex 1.7006648778915405 19.864557266235352 0.023307919502258301
   vertex 1.7372798919677734 19.858100891113281 0.069881469011306763
   vertex 1.7607098817825317 19.853969573974609 0.024189971387386322
  endloop
 endfacet
 facet normal 0.17364838391323104 0.98480771664522271 5.8803858300190329e-07
  outer loop
   vertex 1.7607098817825317 19.853969573974609 0.024189971387386322
   vertex 1.7372798919677734 19.858100891113281 0.069881469011306763
   vertex 1.7858270406723022 19.849540710449219 0.066578470170497894
  endloop
 endfacet
 facet normal 0.17369548184436615 0.98479941071045574 -1.5849052534281342e-05
  outer loop
   vertex 1.5615458488464355 19.889091491699219 -0.017717299982905388
   vertex 1.5152851343154907 19.897251129150391 0.0030443579889833927
   vertex 1.5560027360916138 19.890069961547852 0.031679309904575348
  endloop
 endfacet
 facet normal 0.17356194696591484 0.9848229487566873 -0.00010083443931724559
  outer loop
   vertex 1.9351308345794678 19.823211669921875 -0.20312778651714325
   vertex 1.9353325366973877 19.823171615600586 -0.24714650213718414
   vertex 1.8961725234985352 19.830074310302734 -0.2348092794418335
  endloop
 endfacet
 facet normal 0.17355328511516335 0.9848244763166274 -8.9852186319600935e-05
  outer loop
   vertex 1.8961725234985352 19.830074310302734 -0.2348092794418335
   vertex 1.8912628889083862 19.830944061279297 -0.18507383763790131
   vertex 1.9351308345794678 19.823211669921875 -0.20312778651714325
  endloop
 endfacet
 facet normal 0.17368419522697129 0.98480139921859522 -6.6524104365462861e-05
  outer loop
   vertex 1.7681708335876465 19.85264778137207 -0.18192623555660248
   vertex 1.7765349149703979 19.851169586181641 -0.2273225337266922
   vertex 1.7240993976593018 19.860418319702148 -0.21311585605144501
  endloop
 endfacet
 facet normal 0.17353529869168377 0.9848276411371647 -0.00013175809673372996
  outer loop
   vertex 1.8326995372772217 19.841283798217773 0.32753178477287292
   vertex 1.883137583732605 19.832395553588867 0.32292079925537109
   vertex 1.8638073205947876 19.835796356201172 0.28285819292068481
  endloop
 endfacet
 facet normal 0.17362952723295424 0.98481103680763171 -9.5156389176599796e-05
  outer loop
   vertex 1.8171908855438232 19.843997955322266 -0.23587097227573395
   vertex 1.8114031553268433 19.845022201538086 -0.19627177715301514
   vertex 1.8527513742446899 19.837730407714844 -0.21484470367431641
  endloop
 endfacet
 facet normal 0.17370319748310206 0.98479804789164949 -6.3662727253087153e-05
  outer loop
   vertex 1.4150192737579346 19.914936065673828 0.066234014928340912
   vertex 1.4199039936065674 19.914077758789062 0.11700959503650665
   vertex 1.4637730121612549 19.906337738037109 0.082946747541427612
  endloop
 endfacet
 facet normal 0.17360789398156365 0.98481485469326779 -3.3507670328235847e-05
  outer loop
   vertex 1.8829942941665649 19.832405090332031 -0.14354349672794342
   vertex 1.8987011909484863 19.82963752746582 -0.1046195924282074
   vertex 1.9296481609344482 19.824180603027344 -0.14705654978752136
  endloop
 endfacet
 facet normal 0.17369433916612206 0.98479961213190381 2.20566565909562e-05
  outer loop
   vertex 1.6844254732131958 19.867420196533203 0.081341065466403961
   vertex 1.7006648778915405 19.864557266235352 0.023307919502258301
   vertex 1.6440718173980713 19.874538421630859 0.0439947210252285
  endloop
 endfacet
 facet normal 0.17362270098312288 0.98481224489588526 2.5400537744289208e-06
  outer loop
   vertex 1.9044690132141113 19.828622817993164 -0.016878789290785789
   vertex 1.8442085981369019 19.83924674987793 -0.017737427726387978
   vertex 1.8669272661209106 19.835241317749023 0.030335776507854462
  endloop
 endfacet
 facet normal 0.1737761647099022 0.98478517563968737 -4.9183607441272324e-05
  outer loop
   vertex 1.691713809967041 19.866127014160156 -0.26429092884063721
   vertex 1.7139352560043335 19.862203598022461 -0.30829712748527527
   vertex 1.663077712059021 19.871177673339844 -0.31424617767333984
  endloop
 endfacet
 facet normal 0.17373083667379557 0.98479317400418021 2.8694870105749624e-05
  outer loop
   vertex 1.59037184715271 19.884006500244141 -0.26701730489730835
   vertex 1.6102950572967529 19.8804931640625 -0.31463828682899475
   vertex 1.5664409399032593 19.888229370117188 -0.305940181016922
  endloop
 endfacet
 facet normal 0.17376259660664461 0.98478757015209017 -4.1163801540584562e-05
  outer loop
   vertex 1.663077712059021 19.871177673339844 -0.31424617767333984
   vertex 1.6393831968307495 19.875360488891602 -0.26652774214744568
   vertex 1.691713809967041 19.866127014160156 -0.26429092884063721
  endloop
 endfacet
 facet normal 0.17362835342679733 0.98481124771201356 -3.5583790807733921e-05
  outer loop
   vertex 1.8712092638015747 19.83448600769043 -0.063594833016395569
   vertex 1.8987011909484863 19.82963752746582 -0.1046195924282074
   vertex 1.8450833559036255 19.839090347290039 -0.11398137360811234
  endloop
 endfacet
 facet normal 0.17365704018270522 0.98480619006767345 -1.9984382499543792e-05
  outer loop
   vertex 1.5725191831588745 19.887153625488281 -0.11956928670406342
   vertex 1.6139880418777466 19.879840850830078 -0.13490551710128784
   vertex 1.5829290151596069 19.885316848754883 -0.17603752017021179
  endloop
 endfacet
 facet normal 0.17370781704962271 0.98479723506369332 -1.033246028349515e-05
  outer loop
   vertex 1.5725191831588745 19.887153625488281 -0.11956928670406342
   vertex 1.5829290151596069 19.885316848754883 -0.17603752017021179
   vertex 1.5329190492630005 19.894138336181641 -0.15141411125659943
  endloop
 endfacet
 facet normal 0.17368534961143786 0.98480119764212115 -2.1283710030518033e-05
  outer loop
   vertex 1.5955349206924438 19.883096694946289 0.0602460578083992
   vertex 1.5879912376403809 19.884428024291992 0.10100520402193069
   vertex 1.6310113668441772 19.876840591430664 0.09410848468542099
  endloop
 endfacet
 facet normal 0.17362409614567889 0.98481199658716556 -6.7938181424482194e-05
  outer loop
   vertex 1.8482648134231567 19.838525772094727 -0.16730542480945587
   vertex 1.8041312694549561 19.846307754516602 -0.15048182010650635
   vertex 1.8450833559036255 19.839090347290039 -0.11398137360811234
  endloop
 endfacet
 facet normal 0.1736043975903897 0.984815468255405 -8.1376688858220711e-05
  outer loop
   vertex 1.9296481609344482 19.824180603027344 -0.14705654978752136
   vertex 1.8912628889083862 19.830944061279297 -0.18507383763790131
   vertex 1.8829942941665649 19.832405090332031 -0.14354349672794342
  endloop
 endfacet
 facet normal 0.17369079883292685 0.98480023645706138 2.5978754017731256e-05
  outer loop
   vertex 1.6844254732131958 19.867420196533203 0.081341065466403961
   vertex 1.6310113668441772 19.876840591430664 0.09410848468542099
   vertex 1.6670606136322021 19.870481491088867 0.13341169059276581
  endloop
 endfacet
 facet normal 0.17365292323723069 0.98480691614312466 1.2955040825438418e-05
  outer loop
   vertex 1.7267701625823975 19.859952926635742 0.12301960587501526
   vertex 1.6844254732131958 19.867420196533203 0.081341065466403961
   vertex 1.6670606136322021 19.870481491088867 0.13341169059276581
  endloop
 endfacet
 facet normal 0.17360961998849972 0.984814548587719 -6.8828887855303992e-05
  outer loop
   vertex 1.8829942941665649 19.832405090332031 -0.14354349672794342
   vertex 1.8482648134231567 19.838525772094727 -0.16730542480945587
   vertex 1.8450833559036255 19.839090347290039 -0.11398137360811234
  endloop
 endfacet
 facet normal 0.17365440046582944 0.98480665537936807 -2.6820811273128148e-05
  outer loop
   vertex 1.6134581565856934 19.879934310913086 -0.089353710412979126
   vertex 1.6562862396240234 19.872383117675781 -0.058790616691112518
   vertex 1.6630051136016846 19.871196746826172 -0.11784461140632629
  endloop
 endfacet
 facet normal 0.17364451675851666 0.98480839851007285 4.8710105180857035e-06
  outer loop
   vertex 1.8137060403823853 19.844625473022461 0.026044769212603569
   vertex 1.8340522050857544 19.841037750244141 0.071124903857707977
   vertex 1.8669272661209106 19.835241317749023 0.030335776507854462
  endloop
 endfacet
 facet normal 0.1737011926009899 0.9847984031590713 -2.871126571878019e-05
  outer loop
   vertex 1.6630051136016846 19.871196746826172 -0.11784461140632629
   vertex 1.6902147531509399 19.866395950317383 -0.16904039680957794
   vertex 1.6384813785552979 19.875520706176758 -0.17265796661376953
  endloop
 endfacet
 facet normal 0.17367130815117696 0.98480367420363668 2.7630393488723714e-07
  outer loop
   vertex 1.6026127338409424 19.88184928894043 0.012132051400840282
   vertex 1.6084856986999512 19.880813598632812 -0.038064524531364441
   vertex 1.5615458488464355 19.889091491699219 -0.017717299982905388
  endloop
 endfacet
 facet normal 0.17367268015617701 0.98480343159154693 -3.5956690493905677e-05
  outer loop
   vertex 1.7176623344421387 19.861557006835938 -0.12768895924091339
   vertex 1.7320715188980103 19.859014511108398 -0.16598041355609894
   vertex 1.6902147531509399 19.866395950317383 -0.16904039680957794
  endloop
 endfacet
 facet normal 0.17367493044680998 0.98480303503348732 -2.6891036021881015e-05
  outer loop
   vertex 1.7320715188980103 19.859014511108398 -0.16598041355609894
   vertex 1.76032555103302 19.854032516479492 -0.13869865238666534
   vertex 1.7681708335876465 19.85264778137207 -0.18192623555660248
  endloop
 endfacet
 facet normal 0.1737321863444781 0.98479293233044674 -8.8656459090640503e-05
  outer loop
   vertex 1.743695855140686 19.856956481933594 -0.26565533876419067
   vertex 1.691713809967041 19.866127014160156 -0.26429092884063721
   vertex 1.7240993976593018 19.860418319702148 -0.21311585605144501
  endloop
 endfacet
 facet normal 0.17367324256663291 0.98480333208721293 -4.3889795314135329e-05
  outer loop
   vertex 1.7320715188980103 19.859014511108398 -0.16598041355609894
   vertex 1.7240993976593018 19.860418319702148 -0.21311585605144501
   vertex 1.6902147531509399 19.866395950317383 -0.16904039680957794
  endloop
 endfacet
 facet normal 0.17368242618274976 0.98480171339306966 -1.1547629799040484e-05
  outer loop
   vertex 1.6440718173980713 19.874538421630859 0.0439947210252285
   vertex 1.7006648778915405 19.864557266235352 0.023307919502258301
   vertex 1.6505032777786255 19.873403549194336 -0.0073298527859151363
  endloop
 endfacet
 facet normal 0.1736889185350545 0.98480056829454887 -1.6274424791012682e-05
  outer loop
   vertex 1.5255123376846313 19.895444869995117 -0.098246335983276367
   vertex 1.5206938982009888 19.896295547485352 -0.046746335923671722
   vertex 1.5669238567352295 19.888141632080078 -0.068192452192306519
  endloop
 endfacet
 facet normal 0.17368289943816029 0.9848016297484129 -2.2082203042531572e-05
  outer loop
   vertex 1.6910924911499023 19.866245269775391 -0.027631219476461411
   vertex 1.7113969326019287 19.862663269042969 -0.074089273810386658
   vertex 1.6562862396240234 19.872383117675781 -0.058790616691112518
  endloop
 endfacet
 facet normal 0.17368039857389167 0.98480207077998583 -2.320917875683532e-05
  outer loop
   vertex 1.5669238567352295 19.888141632080078 -0.068192452192306519
   vertex 1.6134581565856934 19.879934310913086 -0.089353710412979126
   vertex 1.5725191831588745 19.887153625488281 -0.11956928670406342
  endloop
 endfacet
 facet normal 0.17369693363160096 0.98479915449215683 -2.3632864978642968e-05
  outer loop
   vertex 1.6149219274520874 19.879674911499023 -0.22117200493812561
   vertex 1.6384813785552979 19.875520706176758 -0.17265796661376953
   vertex 1.6663861274719238 19.870597839355469 -0.21775460243225098
  endloop
 endfacet
 facet normal 0.1736842256883738 0.98480139573107273 -2.6705075826977543e-05
  outer loop
   vertex 1.5615458488464355 19.889091491699219 -0.017717299982905388
   vertex 1.5669238567352295 19.888141632080078 -0.068192452192306519
   vertex 1.5206938982009888 19.896295547485352 -0.046746335923671722
  endloop
 endfacet
 facet normal 0.1736830059282379 0.98480161116311393 -1.0112696309996708e-05
  outer loop
   vertex 1.6505032777786255 19.873403549194336 -0.0073298527859151363
   vertex 1.6562862396240234 19.872383117675781 -0.058790616691112518
   vertex 1.6084856986999512 19.880813598632812 -0.038064524531364441
  endloop
 endfacet
 facet normal 0.17367346693015184 0.98480329343408357 -1.1218010339143295e-05
  outer loop
   vertex 1.6562862396240234 19.872383117675781 -0.058790616691112518
   vertex 1.6505032777786255 19.873403549194336 -0.0073298527859151363
   vertex 1.6910924911499023 19.866245269775391 -0.027631219476461411
  endloop
 endfacet
 facet normal 0.17369545372186931 0.98479941579792218 -6.5217669576642118e-07
  outer loop
   vertex 1.6393831968307495 19.875360488891602 -0.26652774214744568
   vertex 1.6149219274520874 19.879674911499023 -0.22117200493812561
   vertex 1.6663861274719238 19.870597839355469 -0.21775460243225098
  endloop
 endfacet
 facet normal 0.17365138663100396 0.98480718705938919 1.5404630868823527e-05
  outer loop
   vertex 1.5955349206924438 19.883096694946289 0.0602460578083992
   vertex 1.6310113668441772 19.876840591430664 0.09410848468542099
   vertex 1.6440718173980713 19.874538421630859 0.0439947210252285
  endloop
 endfacet
 facet normal 0.17368251156734379 0.9848016981211668 -2.3522878660588617e-05
  outer loop
   vertex 1.6562862396240234 19.872383117675781 -0.058790616691112518
   vertex 1.7113969326019287 19.862663269042969 -0.074089273810386658
   vertex 1.6630051136016846 19.871196746826172 -0.11784461140632629
  endloop
 endfacet
 facet normal 0.17366406696985809 0.98480495116715061 -3.9334635474642954e-07
  outer loop
   vertex 1.6134581565856934 19.879934310913086 -0.089353710412979126
   vertex 1.6139880418777466 19.879840850830078 -0.13490551710128784
   vertex 1.5725191831588745 19.887153625488281 -0.11956928670406342
  endloop
 endfacet
 facet normal 0.17368336438450199 0.98480154737355974 -3.5024603154456056e-05
  outer loop
   vertex 1.4097520112991333 19.915863037109375 0.010474329814314842
   vertex 1.4150192737579346 19.914936065673828 0.066234014928340912
   vertex 1.4623147249221802 19.906593322753906 0.023034136742353439
  endloop
 endfacet
 facet normal 0.17367645914171159 0.98480276520729437 -3.43520630723664e-05
  outer loop
   vertex 1.4150192737579346 19.914936065673828 0.066234014928340912
   vertex 1.4097520112991333 19.915863037109375 0.010474329814314842
   vertex 1.3677856922149658 19.92326545715332 0.050123382359743118
  endloop
 endfacet
 facet normal 0.17369559292704737 0.98479938149257551 -0.00013859856469272401
  outer loop
   vertex 1.7617743015289307 19.853761672973633 -0.30966317653656006
   vertex 1.743695855140686 19.856956481933594 -0.26565533876419067
   vertex 1.7939013242721558 19.848100662231445 -0.27097311615943909
  endloop
 endfacet
 facet normal 0.17368918183782953 0.98480051929851853 -7.2813964261879107e-05
  outer loop
   vertex 1.4150192737579346 19.914936065673828 0.066234014928340912
   vertex 1.3677856922149658 19.92326545715332 0.050123382359743118
   vertex 1.3670449256896973 19.92340087890625 0.11467529833316803
  endloop
 endfacet
 facet normal 0.17368089687876595 0.98480198178340406 -5.229595870660448e-05
  outer loop
   vertex 1.4097520112991333 19.915863037109375 0.010474329814314842
   vertex 1.4412766695022583 19.910301208496094 -0.029087621718645096
   vertex 1.4025895595550537 19.917123794555664 -0.035124052315950394
  endloop
 endfacet
 facet normal 0.1738020561671719 0.9847806022646447 -0.00010332157041464321
  outer loop
   vertex 1.4692871570587158 19.905370712280273 0.18309241533279419
   vertex 1.4265646934509277 19.912908554077148 0.16246134042739868
   vertex 1.4250210523605347 19.913187026977539 0.22001674771308899
  endloop
 endfacet
 facet normal 0.17353745086477232 0.98482727060329067 1.494756386519662e-05
  outer loop
   vertex 1.9943997859954834 19.812767028808594 -0.29064339399337769
   vertex 1.9793274402618408 19.815422058105469 -0.23235955834388733
   vertex 2.035982608795166 19.805438995361328 -0.24581265449523926
  endloop
 endfacet
 facet normal 0.17361664183481576 0.98481330862766725 -9.3956523223346708e-05
  outer loop
   vertex 1.8501073122024536 19.838191986083984 -0.26984831690788269
   vertex 1.8961725234985352 19.830074310302734 -0.2348092794418335
   vertex 1.9101107120513916 19.827611923217773 -0.28898414969444275
  endloop
 endfacet
 facet normal 0.17370124271038678 0.98479839460755014 1.6101533753583301e-05
  outer loop
   vertex 1.6670606136322021 19.870481491088867 0.13341169059276581
   vertex 1.6310113668441772 19.876840591430664 0.09410848468542099
   vertex 1.6074759960174561 19.880990982055664 0.14535427093505859
  endloop
 endfacet
 facet normal 0.1736518368864445 0.98480710686473838 4.2598915099745506e-05
  outer loop
   vertex 1.5725357532501221 19.887151718139648 -0.22729207575321198
   vertex 1.5357855558395386 19.893630981445312 -0.20581886172294617
   vertex 1.5829290151596069 19.885316848754883 -0.17603752017021179
  endloop
 endfacet
 facet normal 0.17365958753796498 0.98480573966239349 -5.2765044605801522e-05
  outer loop
   vertex 1.3677856922149658 19.92326545715332 0.050123382359743118
   vertex 1.4097520112991333 19.915863037109375 0.010474329814314842
   vertex 1.3700599670410156 19.922861099243164 -0.011742623522877693
  endloop
 endfacet
 facet normal 0.17371110839755874 0.98479665409002148 3.0205795934630826e-05
  outer loop
   vertex 1.6149219274520874 19.879674911499023 -0.22117200493812561
   vertex 1.5725357532501221 19.887151718139648 -0.22729207575321198
   vertex 1.5829290151596069 19.885316848754883 -0.17603752017021179
  endloop
 endfacet
 facet normal 0.17369281787004404 0.98479988045515687 -2.1814502109773052e-05
  outer loop
   vertex 1.5255123376846313 19.895444869995117 -0.098246335983276367
   vertex 1.5669238567352295 19.888141632080078 -0.068192452192306519
   vertex 1.5725191831588745 19.887153625488281 -0.11956928670406342
  endloop
 endfacet
 facet normal 0.17363510900906337 0.98480997228460998 -0.00040915546723623811
  outer loop
   vertex 1.8336377143859863 19.841072082519531 -0.3736368715763092
   vertex 1.7789251804351807 19.850713729858398 -0.38543274998664856
   vertex 1.7734088897705078 19.851699829101562 -0.35293009877204895
  endloop
 endfacet
 facet normal 0.17368811148675747 0.98480067897935231 -0.00025021984469758102
  outer loop
   vertex 1.8131929636001587 19.844692230224609 -0.31723141670227051
   vertex 1.8336377143859863 19.841072082519531 -0.3736368715763092
   vertex 1.7734088897705078 19.851699829101562 -0.35293009877204895
  endloop
 endfacet
 facet normal 0.17368197888747522 0.9848017921783162 -1.8223803729663263e-05
  outer loop
   vertex 1.4180307388305664 19.914400100708008 -0.073142305016517639
   vertex 1.4412766695022583 19.910301208496094 -0.029087621718645096
   vertex 1.4734139442443848 19.904632568359375 -0.074165619909763336
  endloop
 endfacet
 facet normal 0.17364601471981941 0.98480813418868507 2.0192206421258063e-05
  outer loop
   vertex 1.7372798919677734 19.858100891113281 0.069881469011306763
   vertex 1.6844254732131958 19.867420196533203 0.081341065466403961
   vertex 1.7267701625823975 19.859952926635742 0.12301960587501526
  endloop
 endfacet
 facet normal 0.17368185181323126 0.98480181443270398 -2.5313654035597873e-05
  outer loop
   vertex 1.4395785331726074 19.910598754882812 -0.11704912781715393
   vertex 1.4180307388305664 19.914400100708008 -0.073142305016517639
   vertex 1.4734139442443848 19.904632568359375 -0.074165619909763336
  endloop
 endfacet
 facet normal 0.17367664661067933 0.98480273234846305 -2.7947639871039186e-05
  outer loop
   vertex 1.4180307388305664 19.914400100708008 -0.073142305016517639
   vertex 1.4395785331726074 19.910598754882812 -0.11704912781715393
   vertex 1.3776295185089111 19.921524047851562 -0.11127977818250656
  endloop
 endfacet
 facet normal 0.17365013471709101 0.98480740788315912 -9.5492949348216125e-06
  outer loop
   vertex 1.5255123376846313 19.895444869995117 -0.098246335983276367
   vertex 1.5329190492630005 19.894138336181641 -0.15141411125659943
   vertex 1.4873807430267334 19.902168273925781 -0.12951065599918365
  endloop
 endfacet
 facet normal 0.17367619447159283 0.98480281044604123 6.3335961598943554e-05
  outer loop
   vertex 1.5390638113021851 19.893054962158203 -0.26648539304733276
   vertex 1.59037184715271 19.884006500244141 -0.26701730489730835
   vertex 1.5664409399032593 19.888229370117188 -0.305940181016922
  endloop
 endfacet
 facet normal 0.17368991349630641 0.98480039288293875 1.1280737776954953e-05
  outer loop
   vertex 1.5520848035812378 19.89076042175293 0.079537667334079742
   vertex 1.5560027360916138 19.890069961547852 0.031679309904575348
   vertex 1.5097047090530396 19.898235321044922 0.053935889154672623
  endloop
 endfacet
 facet normal 0.17364810645498932 0.98480774878165422 -0.00018183565839376579
  outer loop
   vertex 1.8501073122024536 19.838191986083984 -0.26984831690788269
   vertex 1.8656466007232666 19.835441589355469 -0.32618480920791626
   vertex 1.8131929636001587 19.844692230224609 -0.31723141670227051
  endloop
 endfacet
 facet normal 0.17370408219135416 0.98479789382105754 1.2476714755908948e-05
  outer loop
   vertex 1.5560027360916138 19.890069961547852 0.031679309904575348
   vertex 1.5520848035812378 19.89076042175293 0.079537667334079742
   vertex 1.5955349206924438 19.883096694946289 0.0602460578083992
  endloop
 endfacet
 facet normal 0.17368466147324568 0.98480131923597858 1.5650341612168119e-08
  outer loop
   vertex 1.5560027360916138 19.890069961547852 0.031679309904575348
   vertex 1.5152851343154907 19.897251129150391 0.0030443579889833927
   vertex 1.5097047090530396 19.898235321044922 0.053935889154672623
  endloop
 endfacet
 facet normal 0.17369833436678855 0.98479890521938296 -7.0120668688294352e-05
  outer loop
   vertex 1.4199039936065674 19.914077758789062 0.11700959503650665
   vertex 1.4667350053787231 19.905818939208984 0.13401257991790771
   vertex 1.4637730121612549 19.906337738037109 0.082946747541427612
  endloop
 endfacet
 facet normal 0.17367036382391171 0.98480383966390317 -4.5961978136157854e-05
  outer loop
   vertex 1.6084856986999512 19.880813598632812 -0.038064524531364441
   vertex 1.6134581565856934 19.879934310913086 -0.089353710412979126
   vertex 1.5669238567352295 19.888141632080078 -0.068192452192306519
  endloop
 endfacet
 facet normal 0.17369086271377626 0.98480022517478527 -2.6560050803279565e-05
  outer loop
   vertex 1.4623147249221802 19.906593322753906 0.023034136742353439
   vertex 1.4150192737579346 19.914936065673828 0.066234014928340912
   vertex 1.4637730121612549 19.906337738037109 0.082946747541427612
  endloop
 endfacet
 facet normal 0.17365879028216885 0.98480588122101986 -2.9499567667489665e-05
  outer loop
   vertex 1.5615458488464355 19.889091491699219 -0.017717299982905388
   vertex 1.6084856986999512 19.880813598632812 -0.038064524531364441
   vertex 1.5669238567352295 19.888141632080078 -0.068192452192306519
  endloop
 endfacet
 facet normal 0.17363339687766247 0.98481032195349028 -0.00027067062451245849
  outer loop
   vertex 1.8656466007232666 19.835441589355469 -0.32618480920791626
   vertex 1.8336377143859863 19.841072082519531 -0.3736368715763092
   vertex 1.8131929636001587 19.844692230224609 -0.31723141670227051
  endloop
 endfacet
 facet normal 0.173686723943519 0.98480095533474032 -1.7249654439440567e-05
  outer loop
   vertex 1.3776295185089111 19.921524047851562 -0.11127977818250656
   vertex 1.4219865798950195 19.913700103759766 -0.15736418962478638
   vertex 1.3852499723434448 19.92017936706543 -0.15019425749778748
  endloop
 endfacet
 facet normal 0.1736863319140895 0.98480102346539267 -4.7830364250637188e-05
  outer loop
   vertex 1.4623147249221802 19.906593322753906 0.023034136742353439
   vertex 1.4412766695022583 19.910301208496094 -0.029087621718645096
   vertex 1.4097520112991333 19.915863037109375 0.010474329814314842
  endloop
 endfacet
 facet normal 0.17367734615469616 0.98480260838843992 -4.4090666599752705e-05
  outer loop
   vertex 1.4412766695022583 19.910301208496094 -0.029087621718645096
   vertex 1.4623147249221802 19.906593322753906 0.023034136742353439
   vertex 1.4824188947677612 19.903045654296875 -0.024918977171182632
  endloop
 endfacet
 facet normal 0.17366810526754883 0.9848042378567281 -4.8085426529769835e-05
  outer loop
   vertex 1.4824188947677612 19.903045654296875 -0.024918977171182632
   vertex 1.4623147249221802 19.906593322753906 0.023034136742353439
   vertex 1.5152851343154907 19.897251129150391 0.0030443579889833927
  endloop
 endfacet
 facet normal 0.17358642592879434 0.9848186387631559 3.8444137939288132e-05
  outer loop
   vertex 1.757551908493042 19.854526519775391 0.17024910449981689
   vertex 1.7333346605300903 19.858793258666992 0.21763038635253906
   vertex 1.7958047389984131 19.847782135009766 0.21768663823604584
  endloop
 endfacet
 facet normal 0.1736645011582309 0.98480487442456466 -1.8630090428060154e-05
  outer loop
   vertex 1.4734139442443848 19.904632568359375 -0.074165619909763336
   vertex 1.5206938982009888 19.896295547485352 -0.046746335923671722
   vertex 1.5255123376846313 19.895444869995117 -0.098246335983276367
  endloop
 endfacet
 facet normal 0.17365579334304659 0.98480640987231705 -2.2644977060974915e-05
  outer loop
   vertex 1.3742235898971558 19.922124862670898 -0.071822203695774078
   vertex 1.4025895595550537 19.917123794555664 -0.035124052315950394
   vertex 1.4180307388305664 19.914400100708008 -0.073142305016517639
  endloop
 endfacet
 facet normal 0.17363046069622898 0.98481087680190393 -7.1470738198401522e-06
  outer loop
   vertex 1.7733749151229858 19.851736068725586 0.13154987990856171
   vertex 1.8036541938781738 19.846397399902344 0.10720355808734894
   vertex 1.7653681039810181 19.853147506713867 0.099813185632228851
  endloop
 endfacet
 facet normal 0.17362404444993276 0.98481200781926381 -2.1067466833944416e-05
  outer loop
   vertex 1.8136558532714844 19.844635009765625 0.15676712989807129
   vertex 1.7733749151229858 19.851736068725586 0.13154987990856171
   vertex 1.757551908493042 19.854526519775391 0.17024910449981689
  endloop
 endfacet
 facet normal 0.17367518146219588 0.98480299102565816 -1.4525526710601716e-05
  outer loop
   vertex 1.4180307388305664 19.914400100708008 -0.073142305016517639
   vertex 1.4025895595550537 19.917123794555664 -0.035124052315950394
   vertex 1.4412766695022583 19.910301208496094 -0.029087621718645096
  endloop
 endfacet
 facet normal 0.17368068109275278 0.98480202080220181 -2.8966488327500344e-05
  outer loop
   vertex 1.4395785331726074 19.910598754882812 -0.11704912781715393
   vertex 1.459514856338501 19.907081604003906 -0.15651221573352814
   vertex 1.4219865798950195 19.913700103759766 -0.15736418962478638
  endloop
 endfacet
 facet normal 0.1736343915007906 0.98481018364407791 -1.6705319331767514e-05
  outer loop
   vertex 1.7733749151229858 19.851736068725586 0.13154987990856171
   vertex 1.7267701625823975 19.859952926635742 0.12301960587501526
   vertex 1.757551908493042 19.854526519775391 0.17024910449981689
  endloop
 endfacet
 facet normal 0.17365725434598239 0.98480615131302196 -4.8466979310260997e-05
  outer loop
   vertex 1.4097520112991333 19.915863037109375 0.010474329814314842
   vertex 1.4025895595550537 19.917123794555664 -0.035124052315950394
   vertex 1.3700599670410156 19.922861099243164 -0.011742623522877693
  endloop
 endfacet
 facet normal 0.17358380091899142 0.98481908186629119 -0.00020012633845205944
  outer loop
   vertex 1.8501073122024536 19.838191986083984 -0.26984831690788269
   vertex 1.9101107120513916 19.827611923217773 -0.28898414969444275
   vertex 1.8656466007232666 19.835441589355469 -0.32618480920791626
  endloop
 endfacet
 facet normal 0.17367671573582447 0.98480272017919257 -2.7182356476221441e-05
  outer loop
   vertex 1.4395785331726074 19.910598754882812 -0.11704912781715393
   vertex 1.4219865798950195 19.913700103759766 -0.15736418962478638
   vertex 1.3776295185089111 19.921524047851562 -0.11127977818250656
  endloop
 endfacet
 facet normal 0.17356643333909877 0.98482214426668191 -0.0001933388711071845
  outer loop
   vertex 2.1223533153533936 19.790229797363281 -0.046077772974967957
   vertex 2.1111037731170654 19.792200088500977 -0.10895483195781708
   vertex 2.0602560043334961 19.801164627075195 -0.093385122716426849
  endloop
 endfacet
 facet normal 0.17346973466358245 0.98483919867847225 -6.2466715906132019e-05
  outer loop
   vertex 2.1223533153533936 19.790229797363281 -0.046077772974967957
   vertex 2.0602560043334961 19.801164627075195 -0.093385122716426849
   vertex 2.0499992370605469 19.802974700927734 -0.03906843438744545
  endloop
 endfacet
endsolid
