solid Visualization Toolkit generated SLA File
 facet normal 0 1 0
  outer loop
   vertex 0.21318553388118744 20.010000228881836 -0.17437179386615753
   vertex 0.25738599896430969 20.010000228881836 -0.14983969926834106
   vertex 0.25488883256912231 20.010000228881836 -0.20273292064666748
  endloop
 endfacet
 facet normal 0 1 -0
  outer loop
   vertex 0.16688951849937439 20.010000228881836 -0.29814288020133972
   vertex 0.16190691292285919 20.010000228881836 -0.35368120670318604
   vertex 0.11171356588602066 20.010000228881836 -0.3183971643447876
  endloop
 endfacet
 facet normal 0 1 0
  outer loop
   vertex -0.33547592163085938 20.010000228881836 -0.077528819441795349
   vertex -0.33065587282180786 20.010000228881836 -0.12025463581085205
   vertex -0.3723132312297821 20.010000228881836 -0.1142476499080658
  endloop
 endfacet
 facet normal 0 1 -0
  outer loop
   vertex -0.0809674933552742 20.010000228881836 -0.33182841539382935
   vertex -0.1160515621304512 20.010000228881836 -0.37325066328048706
   vertex -0.12635035812854767 20.010000228881836 -0.32818987965583801
  endloop
 endfacet
 facet normal 0 1 0
  outer loop
   vertex 0.10846542567014694 20.010000228881836 0.3367648720741272
   vertex 0.14176112413406372 20.010000228881836 0.30345585942268372
   vertex 0.087236605584621429 20.010000228881836 0.29925152659416199
  endloop
 endfacet
 facet normal 0 1 0
  outer loop
   vertex -0.29412278532981873 20.010000228881836 -0.099781200289726257
   vertex -0.25390991568565369 20.010000228881836 -0.12682163715362549
   vertex -0.29836329817771912 20.010000228881836 -0.14651297032833099
  endloop
 endfacet
 facet normal 0 1 0
  outer loop
   vertex 0.19012294709682465 20.010000228881836 0.11932700872421265
   vertex 0.22062648832798004 20.010000228881836 0.066323436796665192
   vertex 0.16032809019088745 20.010000228881836 0.056632217019796371
  endloop
 endfacet
 facet normal -0 1 0
  outer loop
   vertex 0.30422672629356384 20.010000228881836 -0.063282839953899384
   vertex 0.25423255562782288 20.010000228881836 -0.041887354105710983
   vertex 0.28962284326553345 20.010000228881836 -0.015587198548018932
  endloop
 endfacet
 facet normal 0 1 0
  outer loop
   vertex 0.22062648832798004 20.010000228881836 0.066323436796665192
   vertex 0.24154405295848846 20.010000228881836 0.10888031125068665
   vertex 0.28067973256111145 20.010000228881836 0.073188535869121552
  endloop
 endfacet
 facet normal 0 1 0
  outer loop
   vertex -0.29254895448684692 20.010000228881836 0.003404401708394289
   vertex -0.24880336225032806 20.010000228881836 -0.027186412364244461
   vertex -0.29381215572357178 20.010000228881836 -0.050469152629375458
  endloop
 endfacet
 facet normal 0 1 0
  outer loop
   vertex 0.0076787383295595646 20.010000228881836 0.38948428630828857
   vertex 0.0198187455534935 20.010000228881836 0.34682929515838623
   vertex -0.029780266806483269 20.010000228881836 0.35141134262084961
  endloop
 endfacet
 facet normal 0 1 -0
  outer loop
   vertex 0.0076787383295595646 20.010000228881836 0.38948428630828857
   vertex -0.029780266806483269 20.010000228881836 0.35141134262084961
   vertex -0.059445645660161972 20.010000228881836 0.39109411835670471
  endloop
 endfacet
 facet normal -0 1 0
  outer loop
   vertex -0.16523231565952301 20.010000228881836 -0.18489542603492737
   vertex -0.21109046041965485 20.010000228881836 -0.15583105385303497
   vertex -0.16825480759143829 20.010000228881836 -0.13074475526809692
  endloop
 endfacet
 facet normal -0 1 0
  outer loop
   vertex -0.16825480759143829 20.010000228881836 -0.13074475526809692
   vertex -0.2112436443567276 20.010000228881836 -0.10474638640880585
   vertex -0.17142005264759064 20.010000228881836 -0.081034742295742035
  endloop
 endfacet
 facet normal 0 1 0
  outer loop
   vertex -0.34034386277198792 20.010000228881836 0.029921051114797592
   vertex -0.38928213715553284 20.010000228881836 0.0029678661376237869
   vertex -0.38718277215957642 20.010000228881836 0.055872101336717606
  endloop
 endfacet
 facet normal 0 1 -0
  outer loop
   vertex 0.028826231136918068 20.010000228881836 0.2090286910533905
   vertex 0.0035644085146486759 20.010000228881836 0.16237971186637878
   vertex -0.025347117334604263 20.010000228881836 0.20447430014610291
  endloop
 endfacet
 facet normal 0 1 -0
  outer loop
   vertex -0.10833217948675156 20.010000228881836 -0.27720975875854492
   vertex -0.12635035812854767 20.010000228881836 -0.32818987965583801
   vertex -0.16178230941295624 20.010000228881836 -0.30249497294425964
  endloop
 endfacet
 facet normal 0 1 0
  outer loop
   vertex -0.0097413035109639168 20.010000228881836 -0.24653775990009308
   vertex -0.022365394979715347 20.010000228881836 -0.19419229030609131
   vertex 0.028402455151081085 20.010000228881836 -0.20734447240829468
  endloop
 endfacet
 facet normal 0 1 -0
  outer loop
   vertex -0.048010814934968948 20.010000228881836 -0.2878279983997345
   vertex -0.0809674933552742 20.010000228881836 -0.33182841539382935
   vertex -0.10833217948675156 20.010000228881836 -0.27720975875854492
  endloop
 endfacet
 facet normal 0 1 0
  outer loop
   vertex -0.16719652712345123 20.010000228881836 0.35716724395751953
   vertex -0.11397448927164078 20.010000228881836 0.32658445835113525
   vertex -0.16361360251903534 20.010000228881836 0.31660884618759155
  endloop
 endfacet
 facet normal 0 1 -0
  outer loop
   vertex -0.060381684452295303 20.010000228881836 0.31749850511550903
   vertex -0.088120125234127045 20.010000228881836 0.28105700016021729
   vertex -0.11397448927164078 20.010000228881836 0.32658445835113525
  endloop
 endfacet
 facet normal 0 1 0
  outer loop
   vertex 0.2578103244304657 20.010000228881836 -0.095555812120437622
   vertex 0.30273553729057312 20.010000228881836 -0.12447495013475418
   vertex 0.25738599896430969 20.010000228881836 -0.14983969926834106
  endloop
 endfacet
 facet normal 0 1 0
  outer loop
   vertex -0.048010814934968948 20.010000228881836 -0.2878279983997345
   vertex -0.030716303735971451 20.010000228881836 -0.33961188793182373
   vertex -0.0809674933552742 20.010000228881836 -0.33182841539382935
  endloop
 endfacet
 facet normal 0 1 0
  outer loop
   vertex 0.041726503521203995 20.010000228881836 -0.25738528370857239
   vertex 0.091849483549594879 20.010000228881836 -0.2671801745891571
   vertex 0.055305417627096176 20.010000228881836 -0.30670392513275146
  endloop
 endfacet
 facet normal 0 1 -0
  outer loop
   vertex 0.38705500960350037 20.010000228881836 0.0043655736371874809
   vertex 0.35426580905914307 20.010000228881836 -0.053367499262094498
   vertex 0.33185330033302307 20.010000228881836 -0.01325500849634409
  endloop
 endfacet
 facet normal 0 1 0
  outer loop
   vertex 0.30422672629356384 20.010000228881836 -0.063282839953899384
   vertex 0.35426580905914307 20.010000228881836 -0.053367499262094498
   vertex 0.33899515867233276 20.010000228881836 -0.10001677274703979
  endloop
 endfacet
 facet normal 0 1 0
  outer loop
   vertex -0.29836329817771912 20.010000228881836 -0.14651297032833099
   vertex -0.256246417760849 20.010000228881836 -0.17682655155658722
   vertex -0.30229797959327698 20.010000228881836 -0.19224290549755096
  endloop
 endfacet
 facet normal 0 1 -0
  outer loop
   vertex 0.11171356588602066 20.010000228881836 -0.3183971643447876
   vertex 0.10657508671283722 20.010000228881836 -0.37726718187332153
   vertex 0.064370900392532349 20.010000228881836 -0.35346996784210205
  endloop
 endfacet
 facet normal 0 1 0
  outer loop
   vertex 0.28962284326553345 20.010000228881836 -0.015587198548018932
   vertex 0.30671319365501404 20.010000228881836 0.023950226604938507
   vertex 0.33185330033302307 20.010000228881836 -0.01325500849634409
  endloop
 endfacet
 facet normal 0 1 0
  outer loop
   vertex -0.23037706315517426 20.010000228881836 0.082740575075149536
   vertex -0.29098683595657349 20.010000228881836 0.065696984529495239
   vertex -0.26799142360687256 20.010000228881836 0.1227109283208847
  endloop
 endfacet
 facet normal 0 1 0
  outer loop
   vertex -0.26799142360687256 20.010000228881836 0.1227109283208847
   vertex -0.32085296511650085 20.010000228881836 0.11817575991153717
   vertex -0.2994428277015686 20.010000228881836 0.16520340740680695
  endloop
 endfacet
 facet normal 0 1 0
  outer loop
   vertex -0.35127374529838562 20.010000228881836 0.16784171760082245
   vertex -0.32085296511650085 20.010000228881836 0.11817575991153717
   vertex -0.37247887253761292 20.010000228881836 0.11167607456445694
  endloop
 endfacet
 facet normal 0 1 0
  outer loop
   vertex -0.27893814444541931 20.010000228881836 0.20736050605773926
   vertex -0.23037242889404297 20.010000228881836 0.2178465873003006
   vertex -0.24861617386341095 20.010000228881836 0.17112496495246887
  endloop
 endfacet
 facet normal 0 1 0
  outer loop
   vertex 0.20913724601268768 20.010000228881836 -0.021701108664274216
   vertex 0.25423255562782288 20.010000228881836 -0.041887354105710983
   vertex 0.2134258896112442 20.010000228881836 -0.072093792259693146
  endloop
 endfacet
 facet normal 0 1 0
  outer loop
   vertex 0.14176112413406372 20.010000228881836 0.30345585942268372
   vertex 0.19148842990398407 20.010000228881836 0.2800426185131073
   vertex 0.15517522394657135 20.010000228881836 0.25518620014190674
  endloop
 endfacet
 facet normal 0 1 0
  outer loop
   vertex 0.19148842990398407 20.010000228881836 0.2800426185131073
   vertex 0.19509291648864746 20.010000228881836 0.3355848491191864
   vertex 0.23561732470989227 20.010000228881836 0.30250954627990723
  endloop
 endfacet
 facet normal 0 1 0
  outer loop
   vertex 0.24154405295848846 20.010000228881836 0.10888031125068665
   vertex 0.23644135892391205 20.010000228881836 0.15452979505062103
   vertex 0.28119471669197083 20.010000228881836 0.12994885444641113
  endloop
 endfacet
 facet normal -0 1 0
  outer loop
   vertex 0.027609465643763542 20.010000228881836 0.11846880614757538
   vertex 0.0035644085146486759 20.010000228881836 0.16237971186637878
   vertex 0.054919060319662094 20.010000228881836 0.16279652714729309
  endloop
 endfacet
 facet normal 0 1 0
  outer loop
   vertex 0.057602163404226303 20.010000228881836 0.25563594698905945
   vertex 0.11117283254861832 20.010000228881836 0.25500795245170593
   vertex 0.083549782633781433 20.010000228881836 0.2085864394903183
  endloop
 endfacet
 facet normal 0 1 -0
  outer loop
   vertex 0.33788692951202393 20.010000228881836 0.059198573231697083
   vertex 0.30671319365501404 20.010000228881836 0.023950226604938507
   vertex 0.28067973256111145 20.010000228881836 0.073188535869121552
  endloop
 endfacet
 facet normal 0 1 0
  outer loop
   vertex -0.046750739216804504 20.010000228881836 0.080929979681968689
   vertex -0.00020322127966210246 20.010000228881836 0.07681012898683548
   vertex -0.028441622853279114 20.010000228881836 0.037994161248207092
  endloop
 endfacet
 facet normal 0 1 0
  outer loop
   vertex -0.12200471758842468 20.010000228881836 -0.1552184671163559
   vertex -0.11571432650089264 20.010000228881836 -0.21211037039756775
   vertex -0.16523231565952301 20.010000228881836 -0.18489542603492737
  endloop
 endfacet
 facet normal 0 1 0
  outer loop
   vertex -0.25211694836616516 20.010000228881836 -0.077524684369564056
   vertex -0.2112436443567276 20.010000228881836 -0.10474638640880585
   vertex -0.25390991568565369 20.010000228881836 -0.12682163715362549
  endloop
 endfacet
 facet normal -0 1 0
  outer loop
   vertex -0.02013678103685379 20.010000228881836 0.11954999715089798
   vertex -0.045622903853654861 20.010000228881836 0.15772269666194916
   vertex 0.0035644085146486759 20.010000228881836 0.16237971186637878
  endloop
 endfacet
 facet normal 0 1 0
  outer loop
   vertex -0.097599692642688751 20.010000228881836 0.090139970183372498
   vertex -0.093235641717910767 20.010000228881836 0.14440964162349701
   vertex -0.060533974319696426 20.010000228881836 0.11888936161994934
  endloop
 endfacet
 facet normal 0 1 0
  outer loop
   vertex -0.07380472868680954 20.010000228881836 0.35329380631446838
   vertex -0.029780266806483269 20.010000228881836 0.35141134262084961
   vertex -0.060381684452295303 20.010000228881836 0.31749850511550903
  endloop
 endfacet
 facet normal 0 1 0
  outer loop
   vertex -0.058532942086458206 20.010000228881836 0.2429586797952652
   vertex -0.0024721629451960325 20.010000228881836 0.25827699899673462
   vertex -0.025347117334604263 20.010000228881836 0.20447430014610291
  endloop
 endfacet
 facet normal -0 1 0
  outer loop
   vertex -0.13561993837356567 20.010000228881836 -0.051434598863124847
   vertex -0.1745208203792572 20.010000228881836 -0.040487371385097504
   vertex -0.15289916098117828 20.010000228881836 -0.0043164626695215702
  endloop
 endfacet
 facet normal 0 1 0
  outer loop
   vertex 0.16688951849937439 20.010000228881836 -0.29814288020133972
   vertex 0.21162340044975281 20.010000228881836 -0.27093356847763062
   vertex 0.21065405011177063 20.010000228881836 -0.32480165362358093
  endloop
 endfacet
 facet normal 0 1 0
  outer loop
   vertex -0.18145832419395447 20.010000228881836 0.10176989436149597
   vertex -0.13846904039382935 20.010000228881836 0.12361722439527512
   vertex -0.14508406817913055 20.010000228881836 0.080470845103263855
  endloop
 endfacet
 facet normal -0 1 0
  outer loop
   vertex -0.2168785035610199 20.010000228881836 0.13374951481819153
   vertex -0.24861617386341095 20.010000228881836 0.17112496495246887
   vertex -0.19740912318229675 20.010000228881836 0.18035496771335602
  endloop
 endfacet
 facet normal -0 1 0
  outer loop
   vertex 0.14127711951732635 20.010000228881836 0.20654073357582092
   vertex 0.11117283254861832 20.010000228881836 0.25500795245170593
   vertex 0.15517522394657135 20.010000228881836 0.25518620014190674
  endloop
 endfacet
 facet normal 0 1 -0
  outer loop
   vertex 0.065547555685043335 20.010000228881836 0.022034024819731712
   vertex 0.031294651329517365 20.010000228881836 -0.018074663355946541
   vertex 0.017143173143267632 20.010000228881836 0.030745049938559532
  endloop
 endfacet
 facet normal 0 1 0
  outer loop
   vertex 0.095684722065925598 20.010000228881836 -0.084862016141414642
   vertex 0.12784057855606079 20.010000228881836 -0.039651233702898026
   vertex 0.1401003897190094 20.010000228881836 -0.079260505735874176
  endloop
 endfacet
 facet normal 0 1 0
  outer loop
   vertex 0.11973223835229874 20.010000228881836 -0.174251988530159
   vertex 0.13220486044883728 20.010000228881836 -0.12007692456245422
   vertex 0.17055331170558929 20.010000228881836 -0.14837697148323059
  endloop
 endfacet
 facet normal 0 1 0
  outer loop
   vertex -0.3528597354888916 20.010000228881836 -0.16340774297714233
   vertex -0.30229797959327698 20.010000228881836 -0.19224290549755096
   vertex -0.3356759250164032 20.010000228881836 -0.19963859021663666
  endloop
 endfacet
 facet normal 0 1 0
  outer loop
   vertex 0.1068573072552681 20.010000228881836 0.1606297492980957
   vertex 0.15184187889099121 20.010000228881836 0.15584996342658997
   vertex 0.13116766512393951 20.010000228881836 0.11250963807106018
  endloop
 endfacet
 facet normal 0 1 0
  outer loop
   vertex 0.14127711951732635 20.010000228881836 0.20654073357582092
   vertex 0.19030778110027313 20.010000228881836 0.17876866459846497
   vertex 0.15184187889099121 20.010000228881836 0.15584996342658997
  endloop
 endfacet
 facet normal 0 1 0
  outer loop
   vertex 0.17055331170558929 20.010000228881836 -0.14837697148323059
   vertex 0.17369939386844635 20.010000228881836 -0.099128283560276031
   vertex 0.21446315944194794 20.010000228881836 -0.12304020673036575
  endloop
 endfacet
 facet normal 0 1 0
  outer loop
   vertex 0.1401003897190094 20.010000228881836 -0.079260505735874176
   vertex 0.17369939386844635 20.010000228881836 -0.099128283560276031
   vertex 0.13220486044883728 20.010000228881836 -0.12007692456245422
  endloop
 endfacet
 facet normal 0 1 -0
  outer loop
   vertex 0.016098078340291977 20.010000228881836 -0.1569083034992218
   vertex -0.022365394979715347 20.010000228881836 -0.19419229030609131
   vertex -0.032942384481430054 20.010000228881836 -0.14152510464191437
  endloop
 endfacet
 facet normal 0 1 0
  outer loop
   vertex 0.043520830571651459 20.010000228881836 -0.069322243332862854
   vertex 0.095684722065925598 20.010000228881836 -0.084862016141414642
   vertex 0.053146053105592728 20.010000228881836 -0.12041642516851425
  endloop
 endfacet
 facet normal 0 1 0
  outer loop
   vertex 0.028402455151081085 20.010000228881836 -0.20734447240829468
   vertex 0.065035074949264526 20.010000228881836 -0.16882777214050293
   vertex 0.079254165291786194 20.010000228881836 -0.21772231161594391
  endloop
 endfacet
 facet normal 0 1 0
  outer loop
   vertex 0.065035074949264526 20.010000228881836 -0.16882777214050293
   vertex 0.053146053105592728 20.010000228881836 -0.12041642516851425
   vertex 0.093194983899593353 20.010000228881836 -0.13399031758308411
  endloop
 endfacet
 facet normal 0 1 0
  outer loop
   vertex 0.30273553729057312 20.010000228881836 -0.12447495013475418
   vertex 0.35721355676651001 20.010000228881836 -0.15898923575878143
   vertex 0.30030369758605957 20.010000228881836 -0.18004997074604034
  endloop
 endfacet
 facet normal 0 1 -0
  outer loop
   vertex -0.045622903853654861 20.010000228881836 0.15772269666194916
   vertex -0.060533974319696426 20.010000228881836 0.11888936161994934
   vertex -0.093235641717910767 20.010000228881836 0.14440964162349701
  endloop
 endfacet
 facet normal 0 1 0
  outer loop
   vertex 0.32675760984420776 20.010000228881836 0.10726349800825119
   vertex 0.33788692951202393 20.010000228881836 0.059198573231697083
   vertex 0.28067973256111145 20.010000228881836 0.073188535869121552
  endloop
 endfacet
 facet normal -0 1 0
  outer loop
   vertex -0.046750739216804504 20.010000228881836 0.080929979681968689
   vertex -0.097599692642688751 20.010000228881836 0.090139970183372498
   vertex -0.060533974319696426 20.010000228881836 0.11888936161994934
  endloop
 endfacet
 facet normal 0 1 0
  outer loop
   vertex 0.027609465643763542 20.010000228881836 0.11846880614757538
   vertex 0.054919060319662094 20.010000228881836 0.16279652714729309
   vertex 0.078215330839157104 20.010000228881836 0.11554962396621704
  endloop
 endfacet
 facet normal 0 1 0
  outer loop
   vertex 0.031294651329517365 20.010000228881836 -0.018074663355946541
   vertex 0.043520830571651459 20.010000228881836 -0.069322243332862854
   vertex -0.0043702530674636364 20.010000228881836 -0.054807152599096298
  endloop
 endfacet
 facet normal 0 1 0
  outer loop
   vertex -0.11397448927164078 20.010000228881836 0.32658445835113525
   vertex -0.10589044541120529 20.010000228881836 0.3796466588973999
   vertex -0.07380472868680954 20.010000228881836 0.35329380631446838
  endloop
 endfacet
 facet normal 0 1 0
  outer loop
   vertex -0.049989040940999985 20.010000228881836 -0.037922091782093048
   vertex -0.01443364005535841 20.010000228881836 -0.0063629653304815292
   vertex -0.0043702530674636364 20.010000228881836 -0.054807152599096298
  endloop
 endfacet
 facet normal 0 1 0
  outer loop
   vertex -0.34034386277198792 20.010000228881836 0.029921051114797592
   vertex -0.29098683595657349 20.010000228881836 0.065696984529495239
   vertex -0.29254895448684692 20.010000228881836 0.003404401708394289
  endloop
 endfacet
 facet normal 0 1 0
  outer loop
   vertex 0.28119471669197083 20.010000228881836 0.12994885444641113
   vertex 0.3190990686416626 20.010000228881836 0.15090462565422058
   vertex 0.32675760984420776 20.010000228881836 0.10726349800825119
  endloop
 endfacet
 facet normal 0 1 0
  outer loop
   vertex -0.38252681493759155 20.010000228881836 -0.056066043674945831
   vertex -0.38928213715553284 20.010000228881836 0.0029678661376237869
   vertex -0.3390810489654541 20.010000228881836 -0.024604585021734238
  endloop
 endfacet
 facet normal -0 1 0
  outer loop
   vertex 0.35721355676651001 20.010000228881836 -0.15898923575878143
   vertex 0.30273553729057312 20.010000228881836 -0.12447495013475418
   vertex 0.33899515867233276 20.010000228881836 -0.10001677274703979
  endloop
 endfacet
 facet normal -0 1 0
  outer loop
   vertex -0.12200471758842468 20.010000228881836 -0.1552184671163559
   vertex -0.16825480759143829 20.010000228881836 -0.13074475526809692
   vertex -0.1280570924282074 20.010000228881836 -0.10197202861309052
  endloop
 endfacet
 facet normal -0 1 0
  outer loop
   vertex -0.16264514625072479 20.010000228881836 -0.24367475509643555
   vertex -0.2114768922328949 20.010000228881836 -0.21070098876953125
   vertex -0.16523231565952301 20.010000228881836 -0.18489542603492737
  endloop
 endfacet
 facet normal -0 1 0
  outer loop
   vertex 0.24772006273269653 20.010000228881836 -0.24527773261070251
   vertex 0.21139955520629883 20.010000228881836 -0.22352352738380432
   vertex 0.25488883256912231 20.010000228881836 -0.20273292064666748
  endloop
 endfacet
 facet normal 0 1 0
  outer loop
   vertex 0.02766343392431736 20.010000228881836 -0.38787448406219482
   vertex -0.020332157611846924 20.010000228881836 -0.38984203338623047
   vertex 0.016849696636199951 20.010000228881836 -0.34588474035263062
  endloop
 endfacet
 facet normal 0 1 0
  outer loop
   vertex -0.3723132312297821 20.010000228881836 -0.1142476499080658
   vertex -0.33065587282180786 20.010000228881836 -0.12025463581085205
   vertex -0.3528597354888916 20.010000228881836 -0.16340774297714233
  endloop
 endfacet
 facet normal 0 1 0
  outer loop
   vertex -0.38252681493759155 20.010000228881836 -0.056066043674945831
   vertex -0.33547592163085938 20.010000228881836 -0.077528819441795349
   vertex -0.3723132312297821 20.010000228881836 -0.1142476499080658
  endloop
 endfacet
 facet normal 0 1 -0
  outer loop
   vertex 0.053146053105592728 20.010000228881836 -0.12041642516851425
   vertex 0.016098078340291977 20.010000228881836 -0.1569083034992218
   vertex 0.0054975338280200958 20.010000228881836 -0.10587742924690247
  endloop
 endfacet
 facet normal 0 1 0
  outer loop
   vertex -0.0809674933552742 20.010000228881836 -0.33182841539382935
   vertex -0.056449685245752335 20.010000228881836 -0.38420772552490234
   vertex -0.1160515621304512 20.010000228881836 -0.37325066328048706
  endloop
 endfacet
 facet normal 0 1 0
  outer loop
   vertex 0.067400552332401276 20.010000228881836 0.34153231978416443
   vertex 0.087236605584621429 20.010000228881836 0.29925152659416199
   vertex 0.036245502531528473 20.010000228881836 0.30207940936088562
  endloop
 endfacet
 facet normal 0 1 0
  outer loop
   vertex 0.055305417627096176 20.010000228881836 -0.30670392513275146
   vertex 0.11171356588602066 20.010000228881836 -0.3183971643447876
   vertex 0.064370900392532349 20.010000228881836 -0.35346996784210205
  endloop
 endfacet
 facet normal 0 1 0
  outer loop
   vertex 0.016849696636199951 20.010000228881836 -0.34588474035263062
   vertex 0.055305417627096176 20.010000228881836 -0.30670392513275146
   vertex 0.064370900392532349 20.010000228881836 -0.35346996784210205
  endloop
 endfacet
 facet normal 0 1 0
  outer loop
   vertex -0.11571432650089264 20.010000228881836 -0.21211037039756775
   vertex -0.072947926819324493 20.010000228881836 -0.17691431939601898
   vertex -0.062870301306247711 20.010000228881836 -0.23285229504108429
  endloop
 endfacet
 facet normal 0 1 0
  outer loop
   vertex -0.21332965791225433 20.010000228881836 -0.27365314960479736
   vertex -0.16264514625072479 20.010000228881836 -0.24367475509643555
   vertex -0.16178230941295624 20.010000228881836 -0.30249497294425964
  endloop
 endfacet
 facet normal 0 1 0
  outer loop
   vertex -0.16178230941295624 20.010000228881836 -0.30249497294425964
   vertex -0.16264514625072479 20.010000228881836 -0.24367475509643555
   vertex -0.10833217948675156 20.010000228881836 -0.27720975875854492
  endloop
 endfacet
 facet normal 0 1 0
  outer loop
   vertex 0.080010481178760529 20.010000228881836 -0.029767626896500587
   vertex 0.095684722065925598 20.010000228881836 -0.084862016141414642
   vertex 0.043520830571651459 20.010000228881836 -0.069322243332862854
  endloop
 endfacet
 facet normal 0 1 0
  outer loop
   vertex 0.35721355676651001 20.010000228881836 -0.15898923575878143
   vertex 0.33899515867233276 20.010000228881836 -0.10001677274703979
   vertex 0.37636959552764893 20.010000228881836 -0.10040818154811859
  endloop
 endfacet
 facet normal 0 1 -0
  outer loop
   vertex -0.24880336225032806 20.010000228881836 -0.027186412364244461
   vertex -0.25211694836616516 20.010000228881836 -0.077524684369564056
   vertex -0.29381215572357178 20.010000228881836 -0.050469152629375458
  endloop
 endfacet
 facet normal 0 1 0
  outer loop
   vertex -0.35127374529838562 20.010000228881836 0.16784171760082245
   vertex -0.2994428277015686 20.010000228881836 0.16520340740680695
   vertex -0.32085296511650085 20.010000228881836 0.11817575991153717
  endloop
 endfacet
 facet normal 0 1 0
  outer loop
   vertex -0.0097413035109639168 20.010000228881836 -0.24653775990009308
   vertex 0.0043394328095018864 20.010000228881836 -0.29749959707260132
   vertex -0.048010814934968948 20.010000228881836 -0.2878279983997345
  endloop
 endfacet
 facet normal 0 1 0
  outer loop
   vertex 0.19012294709682465 20.010000228881836 0.11932700872421265
   vertex 0.24154405295848846 20.010000228881836 0.10888031125068665
   vertex 0.22062648832798004 20.010000228881836 0.066323436796665192
  endloop
 endfacet
 facet normal 0 1 0
  outer loop
   vertex 0.19012294709682465 20.010000228881836 0.11932700872421265
   vertex 0.23644135892391205 20.010000228881836 0.15452979505062103
   vertex 0.24154405295848846 20.010000228881836 0.10888031125068665
  endloop
 endfacet
 facet normal 0 1 -0
  outer loop
   vertex 0.30422672629356384 20.010000228881836 -0.063282839953899384
   vertex 0.2578103244304657 20.010000228881836 -0.095555812120437622
   vertex 0.25423255562782288 20.010000228881836 -0.041887354105710983
  endloop
 endfacet
 facet normal -0 1 0
  outer loop
   vertex 0.25153514742851257 20.010000228881836 0.015538227744400501
   vertex 0.22062648832798004 20.010000228881836 0.066323436796665192
   vertex 0.28067973256111145 20.010000228881836 0.073188535869121552
  endloop
 endfacet
 facet normal 0 1 0
  outer loop
   vertex -0.12200471758842468 20.010000228881836 -0.1552184671163559
   vertex -0.1280570924282074 20.010000228881836 -0.10197202861309052
   vertex -0.08130018413066864 20.010000228881836 -0.12277412414550781
  endloop
 endfacet
 facet normal -0 1 0
  outer loop
   vertex -0.08130018413066864 20.010000228881836 -0.12277412414550781
   vertex -0.1280570924282074 20.010000228881836 -0.10197202861309052
   vertex -0.08910968154668808 20.010000228881836 -0.069318965077400208
  endloop
 endfacet
 facet normal 0 1 0
  outer loop
   vertex 0.23122185468673706 20.010000228881836 0.25299239158630371
   vertex 0.1902879923582077 20.010000228881836 0.22993765771389008
   vertex 0.19148842990398407 20.010000228881836 0.2800426185131073
  endloop
 endfacet
 facet normal -0 1 0
  outer loop
   vertex 0.1902879923582077 20.010000228881836 0.22993765771389008
   vertex 0.15517522394657135 20.010000228881836 0.25518620014190674
   vertex 0.19148842990398407 20.010000228881836 0.2800426185131073
  endloop
 endfacet
 facet normal 0 1 0
  outer loop
   vertex -0.24880336225032806 20.010000228881836 -0.027186412364244461
   vertex -0.24137730896472931 20.010000228881836 0.026882458478212357
   vertex -0.20188327133655548 20.010000228881836 -0.0092651676386594772
  endloop
 endfacet
 facet normal -0 1 0
  outer loop
   vertex -0.24880336225032806 20.010000228881836 -0.027186412364244461
   vertex -0.29254895448684692 20.010000228881836 0.003404401708394289
   vertex -0.24137730896472931 20.010000228881836 0.026882458478212357
  endloop
 endfacet
 facet normal 0 1 0
  outer loop
   vertex -0.21013519167900085 20.010000228881836 -0.05663507804274559
   vertex -0.20188327133655548 20.010000228881836 -0.0092651676386594772
   vertex -0.1745208203792572 20.010000228881836 -0.040487371385097504
  endloop
 endfacet
 facet normal -0 1 0
  outer loop
   vertex -0.17142005264759064 20.010000228881836 -0.081034742295742035
   vertex -0.21013519167900085 20.010000228881836 -0.05663507804274559
   vertex -0.1745208203792572 20.010000228881836 -0.040487371385097504
  endloop
 endfacet
 facet normal 0 1 -0
  outer loop
   vertex -0.12200471758842468 20.010000228881836 -0.1552184671163559
   vertex -0.16523231565952301 20.010000228881836 -0.18489542603492737
   vertex -0.16825480759143829 20.010000228881836 -0.13074475526809692
  endloop
 endfacet
 facet normal 0 1 -0
  outer loop
   vertex -0.16825480759143829 20.010000228881836 -0.13074475526809692
   vertex -0.21109046041965485 20.010000228881836 -0.15583105385303497
   vertex -0.2112436443567276 20.010000228881836 -0.10474638640880585
  endloop
 endfacet
 facet normal 0 1 0
  outer loop
   vertex -0.16264514625072479 20.010000228881836 -0.24367475509643555
   vertex -0.21332965791225433 20.010000228881836 -0.27365314960479736
   vertex -0.2114768922328949 20.010000228881836 -0.21070098876953125
  endloop
 endfacet
 facet normal -0 1 0
  outer loop
   vertex 0.20096024870872498 20.010000228881836 0.02289857529103756
   vertex 0.16032809019088745 20.010000228881836 0.056632217019796371
   vertex 0.22062648832798004 20.010000228881836 0.066323436796665192
  endloop
 endfacet
 facet normal 0 1 0
  outer loop
   vertex -0.2114768922328949 20.010000228881836 -0.21070098876953125
   vertex -0.26037153601646423 20.010000228881836 -0.22889530658721924
   vertex -0.256246417760849 20.010000228881836 -0.17682655155658722
  endloop
 endfacet
 facet normal 0 1 0
  outer loop
   vertex -0.029780266806483269 20.010000228881836 0.35141134262084961
   vertex 0.0198187455534935 20.010000228881836 0.34682929515838623
   vertex -0.013275986537337303 20.010000228881836 0.30985873937606812
  endloop
 endfacet
 facet normal 0 1 0
  outer loop
   vertex 0.087236605584621429 20.010000228881836 0.29925152659416199
   vertex 0.067400552332401276 20.010000228881836 0.34153231978416443
   vertex 0.10846542567014694 20.010000228881836 0.3367648720741272
  endloop
 endfacet
 facet normal -0 1 0
  outer loop
   vertex 0.10846542567014694 20.010000228881836 0.3367648720741272
   vertex 0.067400552332401276 20.010000228881836 0.34153231978416443
   vertex 0.10213404148817062 20.010000228881836 0.37762495875358582
  endloop
 endfacet
 facet normal -0 1 0
  outer loop
   vertex 0.25738599896430969 20.010000228881836 -0.14983969926834106
   vertex 0.21446315944194794 20.010000228881836 -0.12304020673036575
   vertex 0.2578103244304657 20.010000228881836 -0.095555812120437622
  endloop
 endfacet
 facet normal 0 1 0
  outer loop
   vertex 0.21446315944194794 20.010000228881836 -0.12304020673036575
   vertex 0.2134258896112442 20.010000228881836 -0.072093792259693146
   vertex 0.2578103244304657 20.010000228881836 -0.095555812120437622
  endloop
 endfacet
 facet normal 0 1 0
  outer loop
   vertex 0.25488883256912231 20.010000228881836 -0.20273292064666748
   vertex 0.25738599896430969 20.010000228881836 -0.14983969926834106
   vertex 0.30030369758605957 20.010000228881836 -0.18004997074604034
  endloop
 endfacet
 facet normal 0 1 0
  outer loop
   vertex 0.21318553388118744 20.010000228881836 -0.17437179386615753
   vertex 0.21446315944194794 20.010000228881836 -0.12304020673036575
   vertex 0.25738599896430969 20.010000228881836 -0.14983969926834106
  endloop
 endfacet
 facet normal -0 1 0
  outer loop
   vertex 0.33078533411026001 20.010000228881836 -0.20057184994220734
   vertex 0.30030369758605957 20.010000228881836 -0.18004997074604034
   vertex 0.35721355676651001 20.010000228881836 -0.15898923575878143
  endloop
 endfacet
 facet normal 0 1 0
  outer loop
   vertex -0.34034386277198792 20.010000228881836 0.029921051114797592
   vertex -0.3424452543258667 20.010000228881836 0.076237395405769348
   vertex -0.29098683595657349 20.010000228881836 0.065696984529495239
  endloop
 endfacet
 facet normal -0 1 0
  outer loop
   vertex -0.29836329817771912 20.010000228881836 -0.14651297032833099
   vertex -0.33065587282180786 20.010000228881836 -0.12025463581085205
   vertex -0.29412278532981873 20.010000228881836 -0.099781200289726257
  endloop
 endfacet
 facet normal -0 1 0
  outer loop
   vertex -0.25390991568565369 20.010000228881836 -0.12682163715362549
   vertex -0.29412278532981873 20.010000228881836 -0.099781200289726257
   vertex -0.25211694836616516 20.010000228881836 -0.077524684369564056
  endloop
 endfacet
 facet normal 0 1 0
  outer loop
   vertex -0.25211694836616516 20.010000228881836 -0.077524684369564056
   vertex -0.29412278532981873 20.010000228881836 -0.099781200289726257
   vertex -0.29381215572357178 20.010000228881836 -0.050469152629375458
  endloop
 endfacet
 facet normal 0 1 0
  outer loop
   vertex -0.34034386277198792 20.010000228881836 0.029921051114797592
   vertex -0.29254895448684692 20.010000228881836 0.003404401708394289
   vertex -0.3390810489654541 20.010000228881836 -0.024604585021734238
  endloop
 endfacet
 facet normal 0 1 0
  outer loop
   vertex -0.020332157611846924 20.010000228881836 -0.38984203338623047
   vertex -0.030716303735971451 20.010000228881836 -0.33961188793182373
   vertex 0.016849696636199951 20.010000228881836 -0.34588474035263062
  endloop
 endfacet
 facet normal 0 1 0
  outer loop
   vertex -0.030716303735971451 20.010000228881836 -0.33961188793182373
   vertex -0.020332157611846924 20.010000228881836 -0.38984203338623047
   vertex -0.056449685245752335 20.010000228881836 -0.38420772552490234
  endloop
 endfacet
 facet normal 0 1 0
  outer loop
   vertex -0.16178230941295624 20.010000228881836 -0.30249497294425964
   vertex -0.12635035812854767 20.010000228881836 -0.32818987965583801
   vertex -0.16465698182582855 20.010000228881836 -0.35571303963661194
  endloop
 endfacet
 facet normal 0 1 0
  outer loop
   vertex -0.10833217948675156 20.010000228881836 -0.27720975875854492
   vertex -0.11571432650089264 20.010000228881836 -0.21211037039756775
   vertex -0.062870301306247711 20.010000228881836 -0.23285229504108429
  endloop
 endfacet
 facet normal 0 1 0
  outer loop
   vertex -0.16264514625072479 20.010000228881836 -0.24367475509643555
   vertex -0.11571432650089264 20.010000228881836 -0.21211037039756775
   vertex -0.10833217948675156 20.010000228881836 -0.27720975875854492
  endloop
 endfacet
 facet normal 0 1 -0
  outer loop
   vertex -0.0097413035109639168 20.010000228881836 -0.24653775990009308
   vertex -0.048010814934968948 20.010000228881836 -0.2878279983997345
   vertex -0.062870301306247711 20.010000228881836 -0.23285229504108429
  endloop
 endfacet
 facet normal 0 1 0
  outer loop
   vertex 0.0043394328095018864 20.010000228881836 -0.29749959707260132
   vertex -0.0097413035109639168 20.010000228881836 -0.24653775990009308
   vertex 0.041726503521203995 20.010000228881836 -0.25738528370857239
  endloop
 endfacet
 facet normal 0 1 0
  outer loop
   vertex -0.062870301306247711 20.010000228881836 -0.23285229504108429
   vertex -0.048010814934968948 20.010000228881836 -0.2878279983997345
   vertex -0.10833217948675156 20.010000228881836 -0.27720975875854492
  endloop
 endfacet
 facet normal 0 1 0
  outer loop
   vertex -0.10833217948675156 20.010000228881836 -0.27720975875854492
   vertex -0.0809674933552742 20.010000228881836 -0.33182841539382935
   vertex -0.12635035812854767 20.010000228881836 -0.32818987965583801
  endloop
 endfacet
 facet normal -0 1 0
  outer loop
   vertex -0.16361360251903534 20.010000228881836 0.31660884618759155
   vertex -0.21484705805778503 20.010000228881836 0.33215853571891785
   vertex -0.16719652712345123 20.010000228881836 0.35716724395751953
  endloop
 endfacet
 facet normal 0 1 0
  outer loop
   vertex -0.07380472868680954 20.010000228881836 0.35329380631446838
   vertex -0.060381684452295303 20.010000228881836 0.31749850511550903
   vertex -0.11397448927164078 20.010000228881836 0.32658445835113525
  endloop
 endfacet
 facet normal 0 1 0
  outer loop
   vertex -0.060381684452295303 20.010000228881836 0.31749850511550903
   vertex -0.044341582804918289 20.010000228881836 0.28212156891822815
   vertex -0.088120125234127045 20.010000228881836 0.28105700016021729
  endloop
 endfacet
 facet normal 0 1 0
  outer loop
   vertex 0.2578103244304657 20.010000228881836 -0.095555812120437622
   vertex 0.30422672629356384 20.010000228881836 -0.063282839953899384
   vertex 0.30273553729057312 20.010000228881836 -0.12447495013475418
  endloop
 endfacet
 facet normal 0 1 0
  outer loop
   vertex 0.25738599896430969 20.010000228881836 -0.14983969926834106
   vertex 0.30273553729057312 20.010000228881836 -0.12447495013475418
   vertex 0.30030369758605957 20.010000228881836 -0.18004997074604034
  endloop
 endfacet
 facet normal 0 1 0
  outer loop
   vertex -0.0809674933552742 20.010000228881836 -0.33182841539382935
   vertex -0.030716303735971451 20.010000228881836 -0.33961188793182373
   vertex -0.056449685245752335 20.010000228881836 -0.38420772552490234
  endloop
 endfacet
 facet normal 0 1 0
  outer loop
   vertex 0.079254165291786194 20.010000228881836 -0.21772231161594391
   vertex 0.12766078114509583 20.010000228881836 -0.23007862269878387
   vertex 0.091849483549594879 20.010000228881836 -0.2671801745891571
  endloop
 endfacet
 facet normal 0 1 0
  outer loop
   vertex 0.028402455151081085 20.010000228881836 -0.20734447240829468
   vertex 0.079254165291786194 20.010000228881836 -0.21772231161594391
   vertex 0.041726503521203995 20.010000228881836 -0.25738528370857239
  endloop
 endfacet
 facet normal 0 1 -0
  outer loop
   vertex 0.38705506920814514 20.010000228881836 -0.048021312803030014
   vertex 0.37636959552764893 20.010000228881836 -0.10040818154811859
   vertex 0.35426580905914307 20.010000228881836 -0.053367499262094498
  endloop
 endfacet
 facet normal 0 1 0
  outer loop
   vertex 0.30273553729057312 20.010000228881836 -0.12447495013475418
   vertex 0.30422672629356384 20.010000228881836 -0.063282839953899384
   vertex 0.33899515867233276 20.010000228881836 -0.10001677274703979
  endloop
 endfacet
 facet normal 0 1 0
  outer loop
   vertex 0.33899515867233276 20.010000228881836 -0.10001677274703979
   vertex 0.35426580905914307 20.010000228881836 -0.053367499262094498
   vertex 0.37636959552764893 20.010000228881836 -0.10040818154811859
  endloop
 endfacet
 facet normal 0 1 0
  outer loop
   vertex -0.21013519167900085 20.010000228881836 -0.05663507804274559
   vertex -0.25211694836616516 20.010000228881836 -0.077524684369564056
   vertex -0.24880336225032806 20.010000228881836 -0.027186412364244461
  endloop
 endfacet
 facet normal -0 1 0
  outer loop
   vertex -0.18269096314907074 20.010000228881836 0.045616593211889267
   vertex -0.23037706315517426 20.010000228881836 0.082740575075149536
   vertex -0.18145832419395447 20.010000228881836 0.10176989436149597
  endloop
 endfacet
 facet normal 0 1 0
  outer loop
   vertex -0.18145832419395447 20.010000228881836 0.10176989436149597
   vertex -0.23037706315517426 20.010000228881836 0.082740575075149536
   vertex -0.2168785035610199 20.010000228881836 0.13374951481819153
  endloop
 endfacet
 facet normal -0 1 0
  outer loop
   vertex -0.23037706315517426 20.010000228881836 0.082740575075149536
   vertex -0.26799142360687256 20.010000228881836 0.1227109283208847
   vertex -0.2168785035610199 20.010000228881836 0.13374951481819153
  endloop
 endfacet
 facet normal -0 1 0
  outer loop
   vertex 0.11117283254861832 20.010000228881836 0.25500795245170593
   vertex 0.057602163404226303 20.010000228881836 0.25563594698905945
   vertex 0.087236605584621429 20.010000228881836 0.29925152659416199
  endloop
 endfacet
 facet normal 0 1 0
  outer loop
   vertex 0.057602163404226303 20.010000228881836 0.25563594698905945
   vertex 0.083549782633781433 20.010000228881836 0.2085864394903183
   vertex 0.028826231136918068 20.010000228881836 0.2090286910533905
  endloop
 endfacet
 facet normal 0 1 0
  outer loop
   vertex 0.036245502531528473 20.010000228881836 0.30207940936088562
   vertex 0.057602163404226303 20.010000228881836 0.25563594698905945
   vertex -0.0024721629451960325 20.010000228881836 0.25827699899673462
  endloop
 endfacet
 facet normal 0 1 0
  outer loop
   vertex -0.088120125234127045 20.010000228881836 0.28105700016021729
   vertex -0.058532942086458206 20.010000228881836 0.2429586797952652
   vertex -0.11298679560422897 20.010000228881836 0.23589792847633362
  endloop
 endfacet
 facet normal 0 1 0
  outer loop
   vertex -0.31032851338386536 20.010000228881836 -0.23824994266033173
   vertex -0.30229797959327698 20.010000228881836 -0.19224290549755096
   vertex -0.26037153601646423 20.010000228881836 -0.22889530658721924
  endloop
 endfacet
 facet normal 0 1 0
  outer loop
   vertex -0.30229797959327698 20.010000228881836 -0.19224290549755096
   vertex -0.256246417760849 20.010000228881836 -0.17682655155658722
   vertex -0.26037153601646423 20.010000228881836 -0.22889530658721924
  endloop
 endfacet
 facet normal 0 1 -0
  outer loop
   vertex 0.21446315944194794 20.010000228881836 -0.12304020673036575
   vertex 0.21318553388118744 20.010000228881836 -0.17437179386615753
   vertex 0.17055331170558929 20.010000228881836 -0.14837697148323059
  endloop
 endfacet
 facet normal 0 1 0
  outer loop
   vertex 0.11171356588602066 20.010000228881836 -0.3183971643447876
   vertex 0.16190691292285919 20.010000228881836 -0.35368120670318604
   vertex 0.10657508671283722 20.010000228881836 -0.37726718187332153
  endloop
 endfacet
 facet normal 0 1 0
  outer loop
   vertex 0.35426580905914307 20.010000228881836 -0.053367499262094498
   vertex 0.30422672629356384 20.010000228881836 -0.063282839953899384
   vertex 0.33185330033302307 20.010000228881836 -0.01325500849634409
  endloop
 endfacet
 facet normal 0 1 0
  outer loop
   vertex -0.37247887253761292 20.010000228881836 0.11167607456445694
   vertex -0.32085296511650085 20.010000228881836 0.11817575991153717
   vertex -0.3424452543258667 20.010000228881836 0.076237395405769348
  endloop
 endfacet
 facet normal -0 1 0
  outer loop
   vertex -0.18145832419395447 20.010000228881836 0.10176989436149597
   vertex -0.2168785035610199 20.010000228881836 0.13374951481819153
   vertex -0.17465575039386749 20.010000228881836 0.14394605159759521
  endloop
 endfacet
 facet normal -0 1 0
  outer loop
   vertex -0.19740912318229675 20.010000228881836 0.18035496771335602
   vertex -0.23037242889404297 20.010000228881836 0.2178465873003006
   vertex -0.17475645244121552 20.010000228881836 0.23560330271720886
  endloop
 endfacet
 facet normal -0 1 0
  outer loop
   vertex -0.13846904039382935 20.010000228881836 0.12361722439527512
   vertex -0.17465575039386749 20.010000228881836 0.14394605159759521
   vertex -0.1386445164680481 20.010000228881836 0.17990291118621826
  endloop
 endfacet
 facet normal 0 1 0
  outer loop
   vertex -0.08910968154668808 20.010000228881836 -0.069318965077400208
   vertex -0.042105961591005325 20.010000228881836 -0.089152216911315918
   vertex -0.08130018413066864 20.010000228881836 -0.12277412414550781
  endloop
 endfacet
 facet normal 0 1 0
  outer loop
   vertex -0.042105961591005325 20.010000228881836 -0.089152216911315918
   vertex -0.032942384481430054 20.010000228881836 -0.14152510464191437
   vertex -0.08130018413066864 20.010000228881836 -0.12277412414550781
  endloop
 endfacet
 facet normal 0 1 0
  outer loop
   vertex -0.08130018413066864 20.010000228881836 -0.12277412414550781
   vertex -0.032942384481430054 20.010000228881836 -0.14152510464191437
   vertex -0.072947926819324493 20.010000228881836 -0.17691431939601898
  endloop
 endfacet
 facet normal 0 1 0
  outer loop
   vertex -0.08130018413066864 20.010000228881836 -0.12277412414550781
   vertex -0.072947926819324493 20.010000228881836 -0.17691431939601898
   vertex -0.12200471758842468 20.010000228881836 -0.1552184671163559
  endloop
 endfacet
 facet normal 0 1 0
  outer loop
   vertex -0.032942384481430054 20.010000228881836 -0.14152510464191437
   vertex -0.022365394979715347 20.010000228881836 -0.19419229030609131
   vertex -0.072947926819324493 20.010000228881836 -0.17691431939601898
  endloop
 endfacet
 facet normal 0 1 0
  outer loop
   vertex -0.12200471758842468 20.010000228881836 -0.1552184671163559
   vertex -0.072947926819324493 20.010000228881836 -0.17691431939601898
   vertex -0.11571432650089264 20.010000228881836 -0.21211037039756775
  endloop
 endfacet
 facet normal 0 1 0
  outer loop
   vertex -0.29098683595657349 20.010000228881836 0.065696984529495239
   vertex -0.24137730896472931 20.010000228881836 0.026882458478212357
   vertex -0.29254895448684692 20.010000228881836 0.003404401708394289
  endloop
 endfacet
 facet normal 0 1 -0
  outer loop
   vertex -0.26799142360687256 20.010000228881836 0.1227109283208847
   vertex -0.29098683595657349 20.010000228881836 0.065696984529495239
   vertex -0.32085296511650085 20.010000228881836 0.11817575991153717
  endloop
 endfacet
 facet normal -0 1 0
  outer loop
   vertex -0.29098683595657349 20.010000228881836 0.065696984529495239
   vertex -0.3424452543258667 20.010000228881836 0.076237395405769348
   vertex -0.32085296511650085 20.010000228881836 0.11817575991153717
  endloop
 endfacet
 facet normal 0 1 0
  outer loop
   vertex 0.067632824182510376 20.010000228881836 -0.38465487957000732
   vertex 0.064370900392532349 20.010000228881836 -0.35346996784210205
   vertex 0.10657508671283722 20.010000228881836 -0.37726718187332153
  endloop
 endfacet
 facet normal 0 1 -0
  outer loop
   vertex 0.064370900392532349 20.010000228881836 -0.35346996784210205
   vertex 0.02766343392431736 20.010000228881836 -0.38787448406219482
   vertex 0.016849696636199951 20.010000228881836 -0.34588474035263062
  endloop
 endfacet
 facet normal 0 1 0
  outer loop
   vertex -0.2994428277015686 20.010000228881836 0.16520340740680695
   vertex -0.27893814444541931 20.010000228881836 0.20736050605773926
   vertex -0.24861617386341095 20.010000228881836 0.17112496495246887
  endloop
 endfacet
 facet normal 0 1 0
  outer loop
   vertex -0.24861617386341095 20.010000228881836 0.17112496495246887
   vertex -0.23037242889404297 20.010000228881836 0.2178465873003006
   vertex -0.19740912318229675 20.010000228881836 0.18035496771335602
  endloop
 endfacet
 facet normal 0 1 0
  outer loop
   vertex 0.1713087260723114 20.010000228881836 -0.052441500127315521
   vertex 0.20913724601268768 20.010000228881836 -0.021701108664274216
   vertex 0.2134258896112442 20.010000228881836 -0.072093792259693146
  endloop
 endfacet
 facet normal 0 1 0
  outer loop
   vertex 0.2134258896112442 20.010000228881836 -0.072093792259693146
   vertex 0.25423255562782288 20.010000228881836 -0.041887354105710983
   vertex 0.2578103244304657 20.010000228881836 -0.095555812120437622
  endloop
 endfacet
 facet normal 0 1 0
  outer loop
   vertex -0.25390991568565369 20.010000228881836 -0.12682163715362549
   vertex -0.21109046041965485 20.010000228881836 -0.15583105385303497
   vertex -0.256246417760849 20.010000228881836 -0.17682655155658722
  endloop
 endfacet
 facet normal 0 1 0
  outer loop
   vertex -0.256246417760849 20.010000228881836 -0.17682655155658722
   vertex -0.21109046041965485 20.010000228881836 -0.15583105385303497
   vertex -0.2114768922328949 20.010000228881836 -0.21070098876953125
  endloop
 endfacet
 facet normal 0 1 0
  outer loop
   vertex -0.21109046041965485 20.010000228881836 -0.15583105385303497
   vertex -0.16523231565952301 20.010000228881836 -0.18489542603492737
   vertex -0.2114768922328949 20.010000228881836 -0.21070098876953125
  endloop
 endfacet
 facet normal 0 1 0
  outer loop
   vertex 0.12784057855606079 20.010000228881836 -0.039651233702898026
   vertex 0.1713087260723114 20.010000228881836 -0.052441500127315521
   vertex 0.1401003897190094 20.010000228881836 -0.079260505735874176
  endloop
 endfacet
 facet normal 0 1 0
  outer loop
   vertex 0.1713087260723114 20.010000228881836 -0.052441500127315521
   vertex 0.16416691243648529 20.010000228881836 -0.0035454956814646721
   vertex 0.20913724601268768 20.010000228881836 -0.021701108664274216
  endloop
 endfacet
 facet normal 0 1 0
  outer loop
   vertex 0.1401003897190094 20.010000228881836 -0.079260505735874176
   vertex 0.1713087260723114 20.010000228881836 -0.052441500127315521
   vertex 0.17369939386844635 20.010000228881836 -0.099128283560276031
  endloop
 endfacet
 facet normal 0 1 0
  outer loop
   vertex 0.17369939386844635 20.010000228881836 -0.099128283560276031
   vertex 0.1713087260723114 20.010000228881836 -0.052441500127315521
   vertex 0.2134258896112442 20.010000228881836 -0.072093792259693146
  endloop
 endfacet
 facet normal 0 1 0
  outer loop
   vertex 0.19148842990398407 20.010000228881836 0.2800426185131073
   vertex 0.23561732470989227 20.010000228881836 0.30250954627990723
   vertex 0.23122185468673706 20.010000228881836 0.25299239158630371
  endloop
 endfacet
 facet normal 0 1 0
  outer loop
   vertex 0.26611453294754028 20.010000228881836 0.22913333773612976
   vertex 0.2839844822883606 20.010000228881836 0.18408526480197906
   vertex 0.23289266228675842 20.010000228881836 0.20504985749721527
  endloop
 endfacet
 facet normal -0 1 0
  outer loop
   vertex 0.28119471669197083 20.010000228881836 0.12994885444641113
   vertex 0.23644135892391205 20.010000228881836 0.15452979505062103
   vertex 0.2839844822883606 20.010000228881836 0.18408526480197906
  endloop
 endfacet
 facet normal 0 1 0
  outer loop
   vertex 0.23644135892391205 20.010000228881836 0.15452979505062103
   vertex 0.23289266228675842 20.010000228881836 0.20504985749721527
   vertex 0.2839844822883606 20.010000228881836 0.18408526480197906
  endloop
 endfacet
 facet normal 0 1 0
  outer loop
   vertex -0.33547592163085938 20.010000228881836 -0.077528819441795349
   vertex -0.29381215572357178 20.010000228881836 -0.050469152629375458
   vertex -0.29412278532981873 20.010000228881836 -0.099781200289726257
  endloop
 endfacet
 facet normal 0 1 0
  outer loop
   vertex 0.028826231136918068 20.010000228881836 0.2090286910533905
   vertex 0.083549782633781433 20.010000228881836 0.2085864394903183
   vertex 0.054919060319662094 20.010000228881836 0.16279652714729309
  endloop
 endfacet
 facet normal 0 1 0
  outer loop
   vertex 0.0035644085146486759 20.010000228881836 0.16237971186637878
   vertex 0.028826231136918068 20.010000228881836 0.2090286910533905
   vertex 0.054919060319662094 20.010000228881836 0.16279652714729309
  endloop
 endfacet
 facet normal 0 1 0
  outer loop
   vertex 0.054919060319662094 20.010000228881836 0.16279652714729309
   vertex 0.083549782633781433 20.010000228881836 0.2085864394903183
   vertex 0.1068573072552681 20.010000228881836 0.1606297492980957
  endloop
 endfacet
 facet normal 0 1 0
  outer loop
   vertex 0.3190990686416626 20.010000228881836 0.15090462565422058
   vertex 0.28119471669197083 20.010000228881836 0.12994885444641113
   vertex 0.2839844822883606 20.010000228881836 0.18408526480197906
  endloop
 endfacet
 facet normal -0 1 0
  outer loop
   vertex 0.36256080865859985 20.010000228881836 0.14690729975700378
   vertex 0.3190990686416626 20.010000228881836 0.15090462565422058
   vertex 0.34161481261253357 20.010000228881836 0.18599644303321838
  endloop
 endfacet
 facet normal -0 1 0
  outer loop
   vertex 0.3190990686416626 20.010000228881836 0.15090462565422058
   vertex 0.2839844822883606 20.010000228881836 0.18408526480197906
   vertex 0.34161481261253357 20.010000228881836 0.18599644303321838
  endloop
 endfacet
 facet normal 0 1 0
  outer loop
   vertex 0.20913724601268768 20.010000228881836 -0.021701108664274216
   vertex 0.25153514742851257 20.010000228881836 0.015538227744400501
   vertex 0.25423255562782288 20.010000228881836 -0.041887354105710983
  endloop
 endfacet
 facet normal 0 1 0
  outer loop
   vertex 0.30671319365501404 20.010000228881836 0.023950226604938507
   vertex 0.33788692951202393 20.010000228881836 0.059198573231697083
   vertex 0.34951111674308777 20.010000228881836 0.023663006722927094
  endloop
 endfacet
 facet normal 0 1 0
  outer loop
   vertex -0.028441622853279114 20.010000228881836 0.037994161248207092
   vertex -0.00020322127966210246 20.010000228881836 0.07681012898683548
   vertex 0.017143173143267632 20.010000228881836 0.030745049938559532
  endloop
 endfacet
 facet normal 0 1 0
  outer loop
   vertex -0.00020322127966210246 20.010000228881836 0.07681012898683548
   vertex 0.027609465643763542 20.010000228881836 0.11846880614757538
   vertex 0.04819415882229805 20.010000228881836 0.071707703173160553
  endloop
 endfacet
 facet normal -0 1 0
  outer loop
   vertex 0.26166319847106934 20.010000228881836 -0.28548452258110046
   vertex 0.21162340044975281 20.010000228881836 -0.27093356847763062
   vertex 0.24772006273269653 20.010000228881836 -0.24527773261070251
  endloop
 endfacet
 facet normal 0 1 0
  outer loop
   vertex -0.16523231565952301 20.010000228881836 -0.18489542603492737
   vertex -0.11571432650089264 20.010000228881836 -0.21211037039756775
   vertex -0.16264514625072479 20.010000228881836 -0.24367475509643555
  endloop
 endfacet
 facet normal 0 1 0
  outer loop
   vertex -0.25211694836616516 20.010000228881836 -0.077524684369564056
   vertex -0.21013519167900085 20.010000228881836 -0.05663507804274559
   vertex -0.2112436443567276 20.010000228881836 -0.10474638640880585
  endloop
 endfacet
 facet normal 0 1 0
  outer loop
   vertex -0.2112436443567276 20.010000228881836 -0.10474638640880585
   vertex -0.21109046041965485 20.010000228881836 -0.15583105385303497
   vertex -0.25390991568565369 20.010000228881836 -0.12682163715362549
  endloop
 endfacet
 facet normal 0 1 0
  outer loop
   vertex -0.29836329817771912 20.010000228881836 -0.14651297032833099
   vertex -0.25390991568565369 20.010000228881836 -0.12682163715362549
   vertex -0.256246417760849 20.010000228881836 -0.17682655155658722
  endloop
 endfacet
 facet normal 0 1 0
  outer loop
   vertex 0.0035644085146486759 20.010000228881836 0.16237971186637878
   vertex -0.045622903853654861 20.010000228881836 0.15772269666194916
   vertex -0.025347117334604263 20.010000228881836 0.20447430014610291
  endloop
 endfacet
 facet normal 0 1 -0
  outer loop
   vertex -0.025347117334604263 20.010000228881836 0.20447430014610291
   vertex -0.045622903853654861 20.010000228881836 0.15772269666194916
   vertex -0.078954458236694336 20.010000228881836 0.1944989413022995
  endloop
 endfacet
 facet normal 0 1 0
  outer loop
   vertex -0.060381684452295303 20.010000228881836 0.31749850511550903
   vertex -0.029780266806483269 20.010000228881836 0.35141134262084961
   vertex -0.013275986537337303 20.010000228881836 0.30985873937606812
  endloop
 endfacet
 facet normal 0 1 0
  outer loop
   vertex -0.025347117334604263 20.010000228881836 0.20447430014610291
   vertex -0.078954458236694336 20.010000228881836 0.1944989413022995
   vertex -0.058532942086458206 20.010000228881836 0.2429586797952652
  endloop
 endfacet
 facet normal 0 1 0
  outer loop
   vertex 0.028826231136918068 20.010000228881836 0.2090286910533905
   vertex -0.025347117334604263 20.010000228881836 0.20447430014610291
   vertex -0.0024721629451960325 20.010000228881836 0.25827699899673462
  endloop
 endfacet
 facet normal 0 1 0
  outer loop
   vertex -0.21013519167900085 20.010000228881836 -0.05663507804274559
   vertex -0.17142005264759064 20.010000228881836 -0.081034742295742035
   vertex -0.2112436443567276 20.010000228881836 -0.10474638640880585
  endloop
 endfacet
 facet normal 0 1 0
  outer loop
   vertex -0.17142005264759064 20.010000228881836 -0.081034742295742035
   vertex -0.1745208203792572 20.010000228881836 -0.040487371385097504
   vertex -0.13561993837356567 20.010000228881836 -0.051434598863124847
  endloop
 endfacet
 facet normal 0 1 -0
  outer loop
   vertex -0.08910968154668808 20.010000228881836 -0.069318965077400208
   vertex -0.1280570924282074 20.010000228881836 -0.10197202861309052
   vertex -0.13561993837356567 20.010000228881836 -0.051434598863124847
  endloop
 endfacet
 facet normal 0 1 -0
  outer loop
   vertex -0.1280570924282074 20.010000228881836 -0.10197202861309052
   vertex -0.16825480759143829 20.010000228881836 -0.13074475526809692
   vertex -0.17142005264759064 20.010000228881836 -0.081034742295742035
  endloop
 endfacet
 facet normal -0 1 0
  outer loop
   vertex -0.1280570924282074 20.010000228881836 -0.10197202861309052
   vertex -0.17142005264759064 20.010000228881836 -0.081034742295742035
   vertex -0.13561993837356567 20.010000228881836 -0.051434598863124847
  endloop
 endfacet
 facet normal 0 1 0
  outer loop
   vertex -0.013275986537337303 20.010000228881836 0.30985873937606812
   vertex 0.036245502531528473 20.010000228881836 0.30207940936088562
   vertex -0.0024721629451960325 20.010000228881836 0.25827699899673462
  endloop
 endfacet
 facet normal 0 1 0
  outer loop
   vertex -0.058532942086458206 20.010000228881836 0.2429586797952652
   vertex -0.044341582804918289 20.010000228881836 0.28212156891822815
   vertex -0.0024721629451960325 20.010000228881836 0.25827699899673462
  endloop
 endfacet
 facet normal -0 1 0
  outer loop
   vertex -0.0024721629451960325 20.010000228881836 0.25827699899673462
   vertex -0.044341582804918289 20.010000228881836 0.28212156891822815
   vertex -0.013275986537337303 20.010000228881836 0.30985873937606812
  endloop
 endfacet
 facet normal 0 1 0
  outer loop
   vertex 0.16190691292285919 20.010000228881836 -0.35368120670318604
   vertex 0.16688951849937439 20.010000228881836 -0.29814288020133972
   vertex 0.21065405011177063 20.010000228881836 -0.32480165362358093
  endloop
 endfacet
 facet normal 0 1 0
  outer loop
   vertex 0.26611453294754028 20.010000228881836 0.22913333773612976
   vertex 0.27142614126205444 20.010000228881836 0.27078589797019958
   vertex 0.31153243780136108 20.010000228881836 0.23242905735969543
  endloop
 endfacet
 facet normal -0 1 0
  outer loop
   vertex 0.37993139028549194 20.010000228881836 0.082945898175239563
   vertex 0.32675760984420776 20.010000228881836 0.10726349800825119
   vertex 0.36256080865859985 20.010000228881836 0.14690729975700378
  endloop
 endfacet
 facet normal 0 1 0
  outer loop
   vertex 0.32675760984420776 20.010000228881836 0.10726349800825119
   vertex 0.3190990686416626 20.010000228881836 0.15090462565422058
   vertex 0.36256080865859985 20.010000228881836 0.14690729975700378
  endloop
 endfacet
 facet normal 0 1 0
  outer loop
   vertex -0.052819214761257172 20.010000228881836 0.0046145450323820114
   vertex -0.074535474181175232 20.010000228881836 0.040624368935823441
   vertex -0.028441622853279114 20.010000228881836 0.037994161248207092
  endloop
 endfacet
 facet normal -0 1 0
  outer loop
   vertex -0.028441622853279114 20.010000228881836 0.037994161248207092
   vertex -0.074535474181175232 20.010000228881836 0.040624368935823441
   vertex -0.046750739216804504 20.010000228881836 0.080929979681968689
  endloop
 endfacet
 facet normal 0 1 0
  outer loop
   vertex 0.19030778110027313 20.010000228881836 0.17876866459846497
   vertex 0.23289266228675842 20.010000228881836 0.20504985749721527
   vertex 0.23644135892391205 20.010000228881836 0.15452979505062103
  endloop
 endfacet
 facet normal 0 1 0
  outer loop
   vertex 0.19030778110027313 20.010000228881836 0.17876866459846497
   vertex 0.1902879923582077 20.010000228881836 0.22993765771389008
   vertex 0.23289266228675842 20.010000228881836 0.20504985749721527
  endloop
 endfacet
 facet normal -0 1 0
  outer loop
   vertex 0.23289266228675842 20.010000228881836 0.20504985749721527
   vertex 0.1902879923582077 20.010000228881836 0.22993765771389008
   vertex 0.23122185468673706 20.010000228881836 0.25299239158630371
  endloop
 endfacet
 facet normal 0 1 0
  outer loop
   vertex 0.27142614126205444 20.010000228881836 0.27078589797019958
   vertex 0.23122185468673706 20.010000228881836 0.25299239158630371
   vertex 0.23561732470989227 20.010000228881836 0.30250954627990723
  endloop
 endfacet
 facet normal -0 1 0
  outer loop
   vertex -0.24137730896472931 20.010000228881836 0.026882458478212357
   vertex -0.29098683595657349 20.010000228881836 0.065696984529495239
   vertex -0.23037706315517426 20.010000228881836 0.082740575075149536
  endloop
 endfacet
 facet normal 0 1 0
  outer loop
   vertex -0.18269096314907074 20.010000228881836 0.045616593211889267
   vertex -0.18145832419395447 20.010000228881836 0.10176989436149597
   vertex -0.14508406817913055 20.010000228881836 0.080470845103263855
  endloop
 endfacet
 facet normal 0 1 -0
  outer loop
   vertex 0.16416691243648529 20.010000228881836 -0.0035454956814646721
   vertex 0.12784057855606079 20.010000228881836 -0.039651233702898026
   vertex 0.1162579357624054 20.010000228881836 0.011941074393689632
  endloop
 endfacet
 facet normal -0 1 0
  outer loop
   vertex 0.1162579357624054 20.010000228881836 0.011941074393689632
   vertex 0.065547555685043335 20.010000228881836 0.022034024819731712
   vertex 0.099971920251846313 20.010000228881836 0.065289132297039032
  endloop
 endfacet
 facet normal 0 1 0
  outer loop
   vertex 0.079254165291786194 20.010000228881836 -0.21772231161594391
   vertex 0.11973223835229874 20.010000228881836 -0.174251988530159
   vertex 0.12766078114509583 20.010000228881836 -0.23007862269878387
  endloop
 endfacet
 facet normal 0 1 0
  outer loop
   vertex 0.0043394328095018864 20.010000228881836 -0.29749959707260132
   vertex 0.016849696636199951 20.010000228881836 -0.34588474035263062
   vertex -0.030716303735971451 20.010000228881836 -0.33961188793182373
  endloop
 endfacet
 facet normal 0 1 -0
  outer loop
   vertex 0.0043394328095018864 20.010000228881836 -0.29749959707260132
   vertex -0.030716303735971451 20.010000228881836 -0.33961188793182373
   vertex -0.048010814934968948 20.010000228881836 -0.2878279983997345
  endloop
 endfacet
 facet normal -0 1 0
  outer loop
   vertex 0.16032809019088745 20.010000228881836 0.056632217019796371
   vertex 0.13116766512393951 20.010000228881836 0.11250963807106018
   vertex 0.19012294709682465 20.010000228881836 0.11932700872421265
  endloop
 endfacet
 facet normal 0 1 0
  outer loop
   vertex 0.15184187889099121 20.010000228881836 0.15584996342658997
   vertex 0.19012294709682465 20.010000228881836 0.11932700872421265
   vertex 0.13116766512393951 20.010000228881836 0.11250963807106018
  endloop
 endfacet
 facet normal -0 1 0
  outer loop
   vertex 0.11117283254861832 20.010000228881836 0.25500795245170593
   vertex 0.087236605584621429 20.010000228881836 0.29925152659416199
   vertex 0.14176112413406372 20.010000228881836 0.30345585942268372
  endloop
 endfacet
 facet normal 0 1 0
  outer loop
   vertex 0.1902879923582077 20.010000228881836 0.22993765771389008
   vertex 0.14127711951732635 20.010000228881836 0.20654073357582092
   vertex 0.15517522394657135 20.010000228881836 0.25518620014190674
  endloop
 endfacet
 facet normal 0 1 0
  outer loop
   vertex 0.15517522394657135 20.010000228881836 0.25518620014190674
   vertex 0.11117283254861832 20.010000228881836 0.25500795245170593
   vertex 0.14176112413406372 20.010000228881836 0.30345585942268372
  endloop
 endfacet
 facet normal 0 1 0
  outer loop
   vertex 0.065547555685043335 20.010000228881836 0.022034024819731712
   vertex 0.080010481178760529 20.010000228881836 -0.029767626896500587
   vertex 0.031294651329517365 20.010000228881836 -0.018074663355946541
  endloop
 endfacet
 facet normal 0 1 0
  outer loop
   vertex 0.017143173143267632 20.010000228881836 0.030745049938559532
   vertex 0.031294651329517365 20.010000228881836 -0.018074663355946541
   vertex -0.01443364005535841 20.010000228881836 -0.0063629653304815292
  endloop
 endfacet
 facet normal 0 1 0
  outer loop
   vertex -0.097146622836589813 20.010000228881836 -0.011088169179856777
   vertex -0.08910968154668808 20.010000228881836 -0.069318965077400208
   vertex -0.13561993837356567 20.010000228881836 -0.051434598863124847
  endloop
 endfacet
 facet normal 0 1 0
  outer loop
   vertex 0.11973223835229874 20.010000228881836 -0.174251988530159
   vertex 0.16908600926399231 20.010000228881836 -0.19983504712581635
   vertex 0.12766078114509583 20.010000228881836 -0.23007862269878387
  endloop
 endfacet
 facet normal 0 1 0
  outer loop
   vertex 0.16908600926399231 20.010000228881836 -0.19983504712581635
   vertex 0.17055331170558929 20.010000228881836 -0.14837697148323059
   vertex 0.21318553388118744 20.010000228881836 -0.17437179386615753
  endloop
 endfacet
 facet normal -0 1 0
  outer loop
   vertex 0.11973223835229874 20.010000228881836 -0.174251988530159
   vertex 0.093194983899593353 20.010000228881836 -0.13399031758308411
   vertex 0.13220486044883728 20.010000228881836 -0.12007692456245422
  endloop
 endfacet
 facet normal 0 1 0
  outer loop
   vertex -0.3528597354888916 20.010000228881836 -0.16340774297714233
   vertex -0.29836329817771912 20.010000228881836 -0.14651297032833099
   vertex -0.30229797959327698 20.010000228881836 -0.19224290549755096
  endloop
 endfacet
 facet normal 0 1 0
  outer loop
   vertex -0.3356759250164032 20.010000228881836 -0.19963859021663666
   vertex -0.30229797959327698 20.010000228881836 -0.19224290549755096
   vertex -0.31032851338386536 20.010000228881836 -0.23824994266033173
  endloop
 endfacet
 facet normal 0 1 0
  outer loop
   vertex -0.29836329817771912 20.010000228881836 -0.14651297032833099
   vertex -0.3528597354888916 20.010000228881836 -0.16340774297714233
   vertex -0.33065587282180786 20.010000228881836 -0.12025463581085205
  endloop
 endfacet
 facet normal 0 1 0
  outer loop
   vertex 0.19030778110027313 20.010000228881836 0.17876866459846497
   vertex 0.23644135892391205 20.010000228881836 0.15452979505062103
   vertex 0.19012294709682465 20.010000228881836 0.11932700872421265
  endloop
 endfacet
 facet normal -0 1 0
  outer loop
   vertex 0.19012294709682465 20.010000228881836 0.11932700872421265
   vertex 0.15184187889099121 20.010000228881836 0.15584996342658997
   vertex 0.19030778110027313 20.010000228881836 0.17876866459846497
  endloop
 endfacet
 facet normal -0 1 0
  outer loop
   vertex 0.17055331170558929 20.010000228881836 -0.14837697148323059
   vertex 0.13220486044883728 20.010000228881836 -0.12007692456245422
   vertex 0.17369939386844635 20.010000228881836 -0.099128283560276031
  endloop
 endfacet
 facet normal -0 1 0
  outer loop
   vertex 0.21446315944194794 20.010000228881836 -0.12304020673036575
   vertex 0.17369939386844635 20.010000228881836 -0.099128283560276031
   vertex 0.2134258896112442 20.010000228881836 -0.072093792259693146
  endloop
 endfacet
 facet normal 0 1 -0
  outer loop
   vertex 0.0054975338280200958 20.010000228881836 -0.10587742924690247
   vertex -0.032942384481430054 20.010000228881836 -0.14152510464191437
   vertex -0.042105961591005325 20.010000228881836 -0.089152216911315918
  endloop
 endfacet
 facet normal -0 1 0
  outer loop
   vertex 0.0054975338280200958 20.010000228881836 -0.10587742924690247
   vertex -0.042105961591005325 20.010000228881836 -0.089152216911315918
   vertex -0.0043702530674636364 20.010000228881836 -0.054807152599096298
  endloop
 endfacet
 facet normal 0 1 0
  outer loop
   vertex 0.11973223835229874 20.010000228881836 -0.174251988530159
   vertex 0.17055331170558929 20.010000228881836 -0.14837697148323059
   vertex 0.16908600926399231 20.010000228881836 -0.19983504712581635
  endloop
 endfacet
 facet normal 0 1 -0
  outer loop
   vertex 0.24772006273269653 20.010000228881836 -0.24527773261070251
   vertex 0.21162340044975281 20.010000228881836 -0.27093356847763062
   vertex 0.21139955520629883 20.010000228881836 -0.22352352738380432
  endloop
 endfacet
 facet normal 0 1 0
  outer loop
   vertex 0.093194983899593353 20.010000228881836 -0.13399031758308411
   vertex 0.095684722065925598 20.010000228881836 -0.084862016141414642
   vertex 0.13220486044883728 20.010000228881836 -0.12007692456245422
  endloop
 endfacet
 facet normal 0 1 0
  outer loop
   vertex 0.095684722065925598 20.010000228881836 -0.084862016141414642
   vertex 0.1401003897190094 20.010000228881836 -0.079260505735874176
   vertex 0.13220486044883728 20.010000228881836 -0.12007692456245422
  endloop
 endfacet
 facet normal 0 1 0
  outer loop
   vertex 0.016098078340291977 20.010000228881836 -0.1569083034992218
   vertex 0.065035074949264526 20.010000228881836 -0.16882777214050293
   vertex 0.028402455151081085 20.010000228881836 -0.20734447240829468
  endloop
 endfacet
 facet normal 0 1 0
  outer loop
   vertex 0.0054975338280200958 20.010000228881836 -0.10587742924690247
   vertex 0.016098078340291977 20.010000228881836 -0.1569083034992218
   vertex -0.032942384481430054 20.010000228881836 -0.14152510464191437
  endloop
 endfacet
 facet normal 0 1 0
  outer loop
   vertex 0.0054975338280200958 20.010000228881836 -0.10587742924690247
   vertex -0.0043702530674636364 20.010000228881836 -0.054807152599096298
   vertex 0.043520830571651459 20.010000228881836 -0.069322243332862854
  endloop
 endfacet
 facet normal 0 1 0
  outer loop
   vertex 0.079254165291786194 20.010000228881836 -0.21772231161594391
   vertex 0.065035074949264526 20.010000228881836 -0.16882777214050293
   vertex 0.11973223835229874 20.010000228881836 -0.174251988530159
  endloop
 endfacet
 facet normal -0 1 0
  outer loop
   vertex 0.11973223835229874 20.010000228881836 -0.174251988530159
   vertex 0.065035074949264526 20.010000228881836 -0.16882777214050293
   vertex 0.093194983899593353 20.010000228881836 -0.13399031758308411
  endloop
 endfacet
 facet normal -0 1 0
  outer loop
   vertex 0.093194983899593353 20.010000228881836 -0.13399031758308411
   vertex 0.053146053105592728 20.010000228881836 -0.12041642516851425
   vertex 0.095684722065925598 20.010000228881836 -0.084862016141414642
  endloop
 endfacet
 facet normal 0 1 0
  outer loop
   vertex 0.043520830571651459 20.010000228881836 -0.069322243332862854
   vertex 0.053146053105592728 20.010000228881836 -0.12041642516851425
   vertex 0.0054975338280200958 20.010000228881836 -0.10587742924690247
  endloop
 endfacet
 facet normal 0 1 0
  outer loop
   vertex 0.016098078340291977 20.010000228881836 -0.1569083034992218
   vertex 0.053146053105592728 20.010000228881836 -0.12041642516851425
   vertex 0.065035074949264526 20.010000228881836 -0.16882777214050293
  endloop
 endfacet
 facet normal 0 1 0
  outer loop
   vertex -0.30578383803367615 20.010000228881836 0.24097384512424469
   vertex -0.27893814444541931 20.010000228881836 0.20736050605773926
   vertex -0.32852879166603088 20.010000228881836 0.20440778136253357
  endloop
 endfacet
 facet normal 0 1 -0
  outer loop
   vertex -0.097146622836589813 20.010000228881836 -0.011088169179856777
   vertex -0.13561993837356567 20.010000228881836 -0.051434598863124847
   vertex -0.15289916098117828 20.010000228881836 -0.0043164626695215702
  endloop
 endfacet
 facet normal 0 1 0
  outer loop
   vertex 0.20096024870872498 20.010000228881836 0.02289857529103756
   vertex 0.22062648832798004 20.010000228881836 0.066323436796665192
   vertex 0.25153514742851257 20.010000228881836 0.015538227744400501
  endloop
 endfacet
 facet normal 0 1 0
  outer loop
   vertex -0.074535474181175232 20.010000228881836 0.040624368935823441
   vertex -0.052819214761257172 20.010000228881836 0.0046145450323820114
   vertex -0.097146622836589813 20.010000228881836 -0.011088169179856777
  endloop
 endfacet
 facet normal 0 1 0
  outer loop
   vertex 0.14127711951732635 20.010000228881836 0.20654073357582092
   vertex 0.1902879923582077 20.010000228881836 0.22993765771389008
   vertex 0.19030778110027313 20.010000228881836 0.17876866459846497
  endloop
 endfacet
 facet normal 0 1 -0
  outer loop
   vertex 0.049868695437908173 20.010000228881836 0.38608583807945251
   vertex 0.0198187455534935 20.010000228881836 0.34682929515838623
   vertex 0.0076787383295595646 20.010000228881836 0.38948428630828857
  endloop
 endfacet
 facet normal 0 1 0
  outer loop
   vertex 0.049868695437908173 20.010000228881836 0.38608583807945251
   vertex 0.067400552332401276 20.010000228881836 0.34153231978416443
   vertex 0.0198187455534935 20.010000228881836 0.34682929515838623
  endloop
 endfacet
 facet normal 0 1 0
  outer loop
   vertex 0.0198187455534935 20.010000228881836 0.34682929515838623
   vertex 0.036245502531528473 20.010000228881836 0.30207940936088562
   vertex -0.013275986537337303 20.010000228881836 0.30985873937606812
  endloop
 endfacet
 facet normal 0 1 0
  outer loop
   vertex 0.16688951849937439 20.010000228881836 -0.29814288020133972
   vertex 0.11171356588602066 20.010000228881836 -0.3183971643447876
   vertex 0.13397994637489319 20.010000228881836 -0.27249488234519958
  endloop
 endfacet
 facet normal 0 1 0
  outer loop
   vertex 0.38705500960350037 20.010000228881836 0.0043655736371874809
   vertex 0.33185330033302307 20.010000228881836 -0.01325500849634409
   vertex 0.34951111674308777 20.010000228881836 0.023663006722927094
  endloop
 endfacet
 facet normal 0 1 0
  outer loop
   vertex 0.20913724601268768 20.010000228881836 -0.021701108664274216
   vertex 0.20096024870872498 20.010000228881836 0.02289857529103756
   vertex 0.25153514742851257 20.010000228881836 0.015538227744400501
  endloop
 endfacet
 facet normal 0 1 0
  outer loop
   vertex 0.21162340044975281 20.010000228881836 -0.27093356847763062
   vertex 0.16688951849937439 20.010000228881836 -0.29814288020133972
   vertex 0.1703890860080719 20.010000228881836 -0.24903804063796997
  endloop
 endfacet
 facet normal 0 1 -0
  outer loop
   vertex 0.1703890860080719 20.010000228881836 -0.24903804063796997
   vertex 0.13397994637489319 20.010000228881836 -0.27249488234519958
   vertex 0.12766078114509583 20.010000228881836 -0.23007862269878387
  endloop
 endfacet
 facet normal 0 1 0
  outer loop
   vertex -0.078954458236694336 20.010000228881836 0.1944989413022995
   vertex -0.045622903853654861 20.010000228881836 0.15772269666194916
   vertex -0.093235641717910767 20.010000228881836 0.14440964162349701
  endloop
 endfacet
 facet normal 0 1 0
  outer loop
   vertex 0.078215330839157104 20.010000228881836 0.11554962396621704
   vertex 0.099971920251846313 20.010000228881836 0.065289132297039032
   vertex 0.04819415882229805 20.010000228881836 0.071707703173160553
  endloop
 endfacet
 facet normal 0 1 0
  outer loop
   vertex 0.32675760984420776 20.010000228881836 0.10726349800825119
   vertex 0.28067973256111145 20.010000228881836 0.073188535869121552
   vertex 0.28119471669197083 20.010000228881836 0.12994885444641113
  endloop
 endfacet
 facet normal 0 1 -0
  outer loop
   vertex 0.28119471669197083 20.010000228881836 0.12994885444641113
   vertex 0.28067973256111145 20.010000228881836 0.073188535869121552
   vertex 0.24154405295848846 20.010000228881836 0.10888031125068665
  endloop
 endfacet
 facet normal 0 1 0
  outer loop
   vertex 0.16416691243648529 20.010000228881836 -0.0035454956814646721
   vertex 0.16032809019088745 20.010000228881836 0.056632217019796371
   vertex 0.20096024870872498 20.010000228881836 0.02289857529103756
  endloop
 endfacet
 facet normal 0 1 0
  outer loop
   vertex 0.16416691243648529 20.010000228881836 -0.0035454956814646721
   vertex 0.20096024870872498 20.010000228881836 0.02289857529103756
   vertex 0.20913724601268768 20.010000228881836 -0.021701108664274216
  endloop
 endfacet
 facet normal 0 1 0
  outer loop
   vertex 0.091849483549594879 20.010000228881836 -0.2671801745891571
   vertex 0.11171356588602066 20.010000228881836 -0.3183971643447876
   vertex 0.055305417627096176 20.010000228881836 -0.30670392513275146
  endloop
 endfacet
 facet normal 0 1 0
  outer loop
   vertex 0.25423255562782288 20.010000228881836 -0.041887354105710983
   vertex 0.25153514742851257 20.010000228881836 0.015538227744400501
   vertex 0.28962284326553345 20.010000228881836 -0.015587198548018932
  endloop
 endfacet
 facet normal -0 1 0
  outer loop
   vertex 0.28962284326553345 20.010000228881836 -0.015587198548018932
   vertex 0.25153514742851257 20.010000228881836 0.015538227744400501
   vertex 0.30671319365501404 20.010000228881836 0.023950226604938507
  endloop
 endfacet
 facet normal 0 1 0
  outer loop
   vertex -0.16361360251903534 20.010000228881836 0.31660884618759155
   vertex -0.13933500647544861 20.010000228881836 0.28045123815536499
   vertex -0.18282529711723328 20.010000228881836 0.28657293319702148
  endloop
 endfacet
 facet normal 0 1 0
  outer loop
   vertex -0.02013678103685379 20.010000228881836 0.11954999715089798
   vertex -0.060533974319696426 20.010000228881836 0.11888936161994934
   vertex -0.045622903853654861 20.010000228881836 0.15772269666194916
  endloop
 endfacet
 facet normal 0 1 -0
  outer loop
   vertex 0.017143173143267632 20.010000228881836 0.030745049938559532
   vertex -0.01443364005535841 20.010000228881836 -0.0063629653304815292
   vertex -0.028441622853279114 20.010000228881836 0.037994161248207092
  endloop
 endfacet
 facet normal 0 1 0
  outer loop
   vertex -0.028441622853279114 20.010000228881836 0.037994161248207092
   vertex -0.01443364005535841 20.010000228881836 -0.0063629653304815292
   vertex -0.052819214761257172 20.010000228881836 0.0046145450323820114
  endloop
 endfacet
 facet normal -0 1 0
  outer loop
   vertex 0.38705500960350037 20.010000228881836 0.0043655736371874809
   vertex 0.34951111674308777 20.010000228881836 0.023663006722927094
   vertex 0.38438361883163452 20.010000228881836 0.04365573450922966
  endloop
 endfacet
 facet normal 0 1 0
  outer loop
   vertex -0.097146622836589813 20.010000228881836 -0.011088169179856777
   vertex -0.052819214761257172 20.010000228881836 0.0046145450323820114
   vertex -0.049989040940999985 20.010000228881836 -0.037922091782093048
  endloop
 endfacet
 facet normal 0 1 0
  outer loop
   vertex 0.031294651329517365 20.010000228881836 -0.018074663355946541
   vertex 0.080010481178760529 20.010000228881836 -0.029767626896500587
   vertex 0.043520830571651459 20.010000228881836 -0.069322243332862854
  endloop
 endfacet
 facet normal 0 1 0
  outer loop
   vertex -0.074535474181175232 20.010000228881836 0.040624368935823441
   vertex -0.097599692642688751 20.010000228881836 0.090139970183372498
   vertex -0.046750739216804504 20.010000228881836 0.080929979681968689
  endloop
 endfacet
 facet normal -0 1 0
  outer loop
   vertex -0.11397448927164078 20.010000228881836 0.32658445835113525
   vertex -0.16719652712345123 20.010000228881836 0.35716724395751953
   vertex -0.10589044541120529 20.010000228881836 0.3796466588973999
  endloop
 endfacet
 facet normal 0 1 0
  outer loop
   vertex -0.049989040940999985 20.010000228881836 -0.037922091782093048
   vertex -0.042105961591005325 20.010000228881836 -0.089152216911315918
   vertex -0.08910968154668808 20.010000228881836 -0.069318965077400208
  endloop
 endfacet
 facet normal 0 1 0
  outer loop
   vertex -0.08910968154668808 20.010000228881836 -0.069318965077400208
   vertex -0.097146622836589813 20.010000228881836 -0.011088169179856777
   vertex -0.049989040940999985 20.010000228881836 -0.037922091782093048
  endloop
 endfacet
 facet normal -0 1 0
  outer loop
   vertex -0.07380472868680954 20.010000228881836 0.35329380631446838
   vertex -0.10589044541120529 20.010000228881836 0.3796466588973999
   vertex -0.059445645660161972 20.010000228881836 0.39109411835670471
  endloop
 endfacet
 facet normal 0 1 0
  outer loop
   vertex -0.049989040940999985 20.010000228881836 -0.037922091782093048
   vertex -0.052819214761257172 20.010000228881836 0.0046145450323820114
   vertex -0.01443364005535841 20.010000228881836 -0.0063629653304815292
  endloop
 endfacet
 facet normal 0 1 0
  outer loop
   vertex -0.0043702530674636364 20.010000228881836 -0.054807152599096298
   vertex -0.01443364005535841 20.010000228881836 -0.0063629653304815292
   vertex 0.031294651329517365 20.010000228881836 -0.018074663355946541
  endloop
 endfacet
 facet normal 0 1 0
  outer loop
   vertex -0.07380472868680954 20.010000228881836 0.35329380631446838
   vertex -0.059445645660161972 20.010000228881836 0.39109411835670471
   vertex -0.029780266806483269 20.010000228881836 0.35141134262084961
  endloop
 endfacet
 facet normal 0 1 0
  outer loop
   vertex -0.049989040940999985 20.010000228881836 -0.037922091782093048
   vertex -0.0043702530674636364 20.010000228881836 -0.054807152599096298
   vertex -0.042105961591005325 20.010000228881836 -0.089152216911315918
  endloop
 endfacet
 facet normal 0 1 0
  outer loop
   vertex -0.20188327133655548 20.010000228881836 -0.0092651676386594772
   vertex -0.18269096314907074 20.010000228881836 0.045616593211889267
   vertex -0.15289916098117828 20.010000228881836 -0.0043164626695215702
  endloop
 endfacet
 facet normal 0 1 -0
  outer loop
   vertex -0.29412278532981873 20.010000228881836 -0.099781200289726257
   vertex -0.33065587282180786 20.010000228881836 -0.12025463581085205
   vertex -0.33547592163085938 20.010000228881836 -0.077528819441795349
  endloop
 endfacet
 facet normal 0 1 0
  outer loop
   vertex -0.16361360251903534 20.010000228881836 0.31660884618759155
   vertex -0.11397448927164078 20.010000228881836 0.32658445835113525
   vertex -0.13933500647544861 20.010000228881836 0.28045123815536499
  endloop
 endfacet
 facet normal -0 1 0
  outer loop
   vertex -0.19542805850505829 20.010000228881836 -0.33597993850708008
   vertex -0.23303705453872681 20.010000228881836 -0.31186172366142273
   vertex -0.21332965791225433 20.010000228881836 -0.27365314960479736
  endloop
 endfacet
 facet normal 0 1 -0
  outer loop
   vertex -0.16178230941295624 20.010000228881836 -0.30249497294425964
   vertex -0.19542805850505829 20.010000228881836 -0.33597993850708008
   vertex -0.21332965791225433 20.010000228881836 -0.27365314960479736
  endloop
 endfacet
 facet normal -0 1 0
  outer loop
   vertex 0.19148842990398407 20.010000228881836 0.2800426185131073
   vertex 0.14176112413406372 20.010000228881836 0.30345585942268372
   vertex 0.19509291648864746 20.010000228881836 0.3355848491191864
  endloop
 endfacet
 facet normal 0 1 0
  outer loop
   vertex 0.049868695437908173 20.010000228881836 0.38608583807945251
   vertex 0.10213404148817062 20.010000228881836 0.37762495875358582
   vertex 0.067400552332401276 20.010000228881836 0.34153231978416443
  endloop
 endfacet
 facet normal 0 1 0
  outer loop
   vertex 0.12784057855606079 20.010000228881836 -0.039651233702898026
   vertex 0.16416691243648529 20.010000228881836 -0.0035454956814646721
   vertex 0.1713087260723114 20.010000228881836 -0.052441500127315521
  endloop
 endfacet
 facet normal -0 1 0
  outer loop
   vertex -0.16465698182582855 20.010000228881836 -0.35571303963661194
   vertex -0.19542805850505829 20.010000228881836 -0.33597993850708008
   vertex -0.16178230941295624 20.010000228881836 -0.30249497294425964
  endloop
 endfacet
 facet normal 0 1 0
  outer loop
   vertex 0.19509291648864746 20.010000228881836 0.3355848491191864
   vertex 0.14176112413406372 20.010000228881836 0.30345585942268372
   vertex 0.14346294105052948 20.010000228881836 0.36154314875602722
  endloop
 endfacet
 facet normal -0 1 0
  outer loop
   vertex -0.23303705453872681 20.010000228881836 -0.31186172366142273
   vertex -0.26865401864051819 20.010000228881836 -0.28162229061126709
   vertex -0.21332965791225433 20.010000228881836 -0.27365314960479736
  endloop
 endfacet
 facet normal 0 1 0
  outer loop
   vertex -0.12635035812854767 20.010000228881836 -0.32818987965583801
   vertex -0.1160515621304512 20.010000228881836 -0.37325066328048706
   vertex -0.16465698182582855 20.010000228881836 -0.35571303963661194
  endloop
 endfacet
 facet normal 0 1 -0
  outer loop
   vertex -0.29254895448684692 20.010000228881836 0.003404401708394289
   vertex -0.29381215572357178 20.010000228881836 -0.050469152629375458
   vertex -0.3390810489654541 20.010000228881836 -0.024604585021734238
  endloop
 endfacet
 facet normal 0 1 0
  outer loop
   vertex -0.074535474181175232 20.010000228881836 0.040624368935823441
   vertex -0.12500441074371338 20.010000228881836 0.040373638272285461
   vertex -0.097599692642688751 20.010000228881836 0.090139970183372498
  endloop
 endfacet
 facet normal 0 1 0
  outer loop
   vertex -0.18269096314907074 20.010000228881836 0.045616593211889267
   vertex -0.12500441074371338 20.010000228881836 0.040373638272285461
   vertex -0.15289916098117828 20.010000228881836 -0.0043164626695215702
  endloop
 endfacet
 facet normal 0 1 0
  outer loop
   vertex 0.10846542567014694 20.010000228881836 0.3367648720741272
   vertex 0.10213404148817062 20.010000228881836 0.37762495875358582
   vertex 0.14346294105052948 20.010000228881836 0.36154314875602722
  endloop
 endfacet
 facet normal 0 1 0
  outer loop
   vertex 0.10846542567014694 20.010000228881836 0.3367648720741272
   vertex 0.14346294105052948 20.010000228881836 0.36154314875602722
   vertex 0.14176112413406372 20.010000228881836 0.30345585942268372
  endloop
 endfacet
 facet normal -0 1 0
  outer loop
   vertex -0.3390810489654541 20.010000228881836 -0.024604585021734238
   vertex -0.38928213715553284 20.010000228881836 0.0029678661376237869
   vertex -0.34034386277198792 20.010000228881836 0.029921051114797592
  endloop
 endfacet
 facet normal 0 1 -0
  outer loop
   vertex -0.29381215572357178 20.010000228881836 -0.050469152629375458
   vertex -0.33547592163085938 20.010000228881836 -0.077528819441795349
   vertex -0.3390810489654541 20.010000228881836 -0.024604585021734238
  endloop
 endfacet
 facet normal 0 1 0
  outer loop
   vertex -0.26037153601646423 20.010000228881836 -0.22889530658721924
   vertex -0.2114768922328949 20.010000228881836 -0.21070098876953125
   vertex -0.21332965791225433 20.010000228881836 -0.27365314960479736
  endloop
 endfacet
 facet normal -0 1 0
  outer loop
   vertex -0.097146622836589813 20.010000228881836 -0.011088169179856777
   vertex -0.12500441074371338 20.010000228881836 0.040373638272285461
   vertex -0.074535474181175232 20.010000228881836 0.040624368935823441
  endloop
 endfacet
 facet normal 0 1 0
  outer loop
   vertex -0.14508406817913055 20.010000228881836 0.080470845103263855
   vertex -0.097599692642688751 20.010000228881836 0.090139970183372498
   vertex -0.12500441074371338 20.010000228881836 0.040373638272285461
  endloop
 endfacet
 facet normal 0 1 0
  outer loop
   vertex -0.15289916098117828 20.010000228881836 -0.0043164626695215702
   vertex -0.12500441074371338 20.010000228881836 0.040373638272285461
   vertex -0.097146622836589813 20.010000228881836 -0.011088169179856777
  endloop
 endfacet
 facet normal 0 1 0
  outer loop
   vertex -0.3424452543258667 20.010000228881836 0.076237395405769348
   vertex -0.38718277215957642 20.010000228881836 0.055872101336717606
   vertex -0.37247887253761292 20.010000228881836 0.11167607456445694
  endloop
 endfacet
 facet normal 0 1 0
  outer loop
   vertex -0.26865401864051819 20.010000228881836 -0.28162229061126709
   vertex -0.26037153601646423 20.010000228881836 -0.22889530658721924
   vertex -0.21332965791225433 20.010000228881836 -0.27365314960479736
  endloop
 endfacet
 facet normal -0 1 0
  outer loop
   vertex -0.058532942086458206 20.010000228881836 0.2429586797952652
   vertex -0.088120125234127045 20.010000228881836 0.28105700016021729
   vertex -0.044341582804918289 20.010000228881836 0.28212156891822815
  endloop
 endfacet
 facet normal 0 1 0
  outer loop
   vertex -0.38718277215957642 20.010000228881836 0.055872101336717606
   vertex -0.3424452543258667 20.010000228881836 0.076237395405769348
   vertex -0.34034386277198792 20.010000228881836 0.029921051114797592
  endloop
 endfacet
 facet normal 0 1 0
  outer loop
   vertex 0.078215330839157104 20.010000228881836 0.11554962396621704
   vertex 0.1068573072552681 20.010000228881836 0.1606297492980957
   vertex 0.13116766512393951 20.010000228881836 0.11250963807106018
  endloop
 endfacet
 facet normal 0 1 -0
  outer loop
   vertex 0.38438361883163452 20.010000228881836 0.04365573450922966
   vertex 0.34951111674308777 20.010000228881836 0.023663006722927094
   vertex 0.33788692951202393 20.010000228881836 0.059198573231697083
  endloop
 endfacet
 facet normal 0 1 0
  outer loop
   vertex 0.099971920251846313 20.010000228881836 0.065289132297039032
   vertex 0.13116766512393951 20.010000228881836 0.11250963807106018
   vertex 0.16032809019088745 20.010000228881836 0.056632217019796371
  endloop
 endfacet
 facet normal 0 1 0
  outer loop
   vertex -0.3390810489654541 20.010000228881836 -0.024604585021734238
   vertex -0.33547592163085938 20.010000228881836 -0.077528819441795349
   vertex -0.38252681493759155 20.010000228881836 -0.056066043674945831
  endloop
 endfacet
 facet normal 0 1 0
  outer loop
   vertex 0.33788692951202393 20.010000228881836 0.059198573231697083
   vertex 0.37993139028549194 20.010000228881836 0.082945898175239563
   vertex 0.38438361883163452 20.010000228881836 0.04365573450922966
  endloop
 endfacet
 facet normal 0 1 -0
  outer loop
   vertex 0.12784057855606079 20.010000228881836 -0.039651233702898026
   vertex 0.095684722065925598 20.010000228881836 -0.084862016141414642
   vertex 0.080010481178760529 20.010000228881836 -0.029767626896500587
  endloop
 endfacet
 facet normal 0 1 0
  outer loop
   vertex -0.31032851338386536 20.010000228881836 -0.23824994266033173
   vertex -0.26037153601646423 20.010000228881836 -0.22889530658721924
   vertex -0.26865401864051819 20.010000228881836 -0.28162229061126709
  endloop
 endfacet
 facet normal 0 1 0
  outer loop
   vertex -0.097599692642688751 20.010000228881836 0.090139970183372498
   vertex -0.14508406817913055 20.010000228881836 0.080470845103263855
   vertex -0.13846904039382935 20.010000228881836 0.12361722439527512
  endloop
 endfacet
 facet normal 0 1 0
  outer loop
   vertex 0.078215330839157104 20.010000228881836 0.11554962396621704
   vertex 0.13116766512393951 20.010000228881836 0.11250963807106018
   vertex 0.099971920251846313 20.010000228881836 0.065289132297039032
  endloop
 endfacet
 facet normal 0 1 0
  outer loop
   vertex 0.0198187455534935 20.010000228881836 0.34682929515838623
   vertex 0.067400552332401276 20.010000228881836 0.34153231978416443
   vertex 0.036245502531528473 20.010000228881836 0.30207940936088562
  endloop
 endfacet
 facet normal 0 1 0
  outer loop
   vertex -0.18269096314907074 20.010000228881836 0.045616593211889267
   vertex -0.14508406817913055 20.010000228881836 0.080470845103263855
   vertex -0.12500441074371338 20.010000228881836 0.040373638272285461
  endloop
 endfacet
 facet normal 0 1 -0
  outer loop
   vertex 0.37993139028549194 20.010000228881836 0.082945898175239563
   vertex 0.33788692951202393 20.010000228881836 0.059198573231697083
   vertex 0.32675760984420776 20.010000228881836 0.10726349800825119
  endloop
 endfacet
 facet normal 0 1 0
  outer loop
   vertex -0.20188327133655548 20.010000228881836 -0.0092651676386594772
   vertex -0.15289916098117828 20.010000228881836 -0.0043164626695215702
   vertex -0.1745208203792572 20.010000228881836 -0.040487371385097504
  endloop
 endfacet
 facet normal 0 1 0
  outer loop
   vertex -0.044341582804918289 20.010000228881836 0.28212156891822815
   vertex -0.060381684452295303 20.010000228881836 0.31749850511550903
   vertex -0.013275986537337303 20.010000228881836 0.30985873937606812
  endloop
 endfacet
 facet normal 0 1 0
  outer loop
   vertex 0.036245502531528473 20.010000228881836 0.30207940936088562
   vertex 0.087236605584621429 20.010000228881836 0.29925152659416199
   vertex 0.057602163404226303 20.010000228881836 0.25563594698905945
  endloop
 endfacet
 facet normal 0 1 0
  outer loop
   vertex -0.24880336225032806 20.010000228881836 -0.027186412364244461
   vertex -0.20188327133655548 20.010000228881836 -0.0092651676386594772
   vertex -0.21013519167900085 20.010000228881836 -0.05663507804274559
  endloop
 endfacet
 facet normal -0 1 0
  outer loop
   vertex -0.0097413035109639168 20.010000228881836 -0.24653775990009308
   vertex -0.062870301306247711 20.010000228881836 -0.23285229504108429
   vertex -0.022365394979715347 20.010000228881836 -0.19419229030609131
  endloop
 endfacet
 facet normal 0 1 0
  outer loop
   vertex -0.00020322127966210246 20.010000228881836 0.07681012898683548
   vertex 0.04819415882229805 20.010000228881836 0.071707703173160553
   vertex 0.017143173143267632 20.010000228881836 0.030745049938559532
  endloop
 endfacet
 facet normal 0 1 0
  outer loop
   vertex -0.13846904039382935 20.010000228881836 0.12361722439527512
   vertex -0.093235641717910767 20.010000228881836 0.14440964162349701
   vertex -0.097599692642688751 20.010000228881836 0.090139970183372498
  endloop
 endfacet
 facet normal 0 1 0
  outer loop
   vertex -0.072947926819324493 20.010000228881836 -0.17691431939601898
   vertex -0.022365394979715347 20.010000228881836 -0.19419229030609131
   vertex -0.062870301306247711 20.010000228881836 -0.23285229504108429
  endloop
 endfacet
 facet normal 0 1 0
  outer loop
   vertex 0.067632824182510376 20.010000228881836 -0.38465487957000732
   vertex 0.02766343392431736 20.010000228881836 -0.38787448406219482
   vertex 0.064370900392532349 20.010000228881836 -0.35346996784210205
  endloop
 endfacet
 facet normal 0 1 0
  outer loop
   vertex -0.26571717858314514 20.010000228881836 0.29091542959213257
   vertex -0.22154086828231812 20.010000228881836 0.26798981428146362
   vertex -0.26051503419876099 20.010000228881836 0.24497386813163757
  endloop
 endfacet
 facet normal -0 1 0
  outer loop
   vertex -0.26799142360687256 20.010000228881836 0.1227109283208847
   vertex -0.2994428277015686 20.010000228881836 0.16520340740680695
   vertex -0.24861617386341095 20.010000228881836 0.17112496495246887
  endloop
 endfacet
 facet normal 0 1 0
  outer loop
   vertex -0.2168785035610199 20.010000228881836 0.13374951481819153
   vertex -0.26799142360687256 20.010000228881836 0.1227109283208847
   vertex -0.24861617386341095 20.010000228881836 0.17112496495246887
  endloop
 endfacet
 facet normal 0 1 0
  outer loop
   vertex -0.27893814444541931 20.010000228881836 0.20736050605773926
   vertex -0.26051503419876099 20.010000228881836 0.24497386813163757
   vertex -0.23037242889404297 20.010000228881836 0.2178465873003006
  endloop
 endfacet
 facet normal 0 1 0
  outer loop
   vertex 0.083549782633781433 20.010000228881836 0.2085864394903183
   vertex 0.14127711951732635 20.010000228881836 0.20654073357582092
   vertex 0.1068573072552681 20.010000228881836 0.1606297492980957
  endloop
 endfacet
 facet normal 0 1 0
  outer loop
   vertex 0.04819415882229805 20.010000228881836 0.071707703173160553
   vertex 0.027609465643763542 20.010000228881836 0.11846880614757538
   vertex 0.078215330839157104 20.010000228881836 0.11554962396621704
  endloop
 endfacet
 facet normal 0 1 -0
  outer loop
   vertex -0.078954458236694336 20.010000228881836 0.1944989413022995
   vertex -0.093235641717910767 20.010000228881836 0.14440964162349701
   vertex -0.1386445164680481 20.010000228881836 0.17990291118621826
  endloop
 endfacet
 facet normal 0 1 0
  outer loop
   vertex 0.04819415882229805 20.010000228881836 0.071707703173160553
   vertex 0.099971920251846313 20.010000228881836 0.065289132297039032
   vertex 0.065547555685043335 20.010000228881836 0.022034024819731712
  endloop
 endfacet
 facet normal 0 1 0
  outer loop
   vertex 0.12766078114509583 20.010000228881836 -0.23007862269878387
   vertex 0.13397994637489319 20.010000228881836 -0.27249488234519958
   vertex 0.091849483549594879 20.010000228881836 -0.2671801745891571
  endloop
 endfacet
 facet normal 0 1 0
  outer loop
   vertex 0.017143173143267632 20.010000228881836 0.030745049938559532
   vertex 0.04819415882229805 20.010000228881836 0.071707703173160553
   vertex 0.065547555685043335 20.010000228881836 0.022034024819731712
  endloop
 endfacet
 facet normal 0 1 -0
  outer loop
   vertex 0.027609465643763542 20.010000228881836 0.11846880614757538
   vertex -0.00020322127966210246 20.010000228881836 0.07681012898683548
   vertex -0.02013678103685379 20.010000228881836 0.11954999715089798
  endloop
 endfacet
 facet normal 0 1 0
  outer loop
   vertex -0.24137730896472931 20.010000228881836 0.026882458478212357
   vertex -0.23037706315517426 20.010000228881836 0.082740575075149536
   vertex -0.18269096314907074 20.010000228881836 0.045616593211889267
  endloop
 endfacet
 facet normal -0 1 0
  outer loop
   vertex -0.20188327133655548 20.010000228881836 -0.0092651676386594772
   vertex -0.24137730896472931 20.010000228881836 0.026882458478212357
   vertex -0.18269096314907074 20.010000228881836 0.045616593211889267
  endloop
 endfacet
 facet normal 0 1 0
  outer loop
   vertex -0.13846904039382935 20.010000228881836 0.12361722439527512
   vertex -0.1386445164680481 20.010000228881836 0.17990291118621826
   vertex -0.093235641717910767 20.010000228881836 0.14440964162349701
  endloop
 endfacet
 facet normal -0 1 0
  outer loop
   vertex 0.14127711951732635 20.010000228881836 0.20654073357582092
   vertex 0.083549782633781433 20.010000228881836 0.2085864394903183
   vertex 0.11117283254861832 20.010000228881836 0.25500795245170593
  endloop
 endfacet
 facet normal 0 1 -0
  outer loop
   vertex 0.057602163404226303 20.010000228881836 0.25563594698905945
   vertex 0.028826231136918068 20.010000228881836 0.2090286910533905
   vertex -0.0024721629451960325 20.010000228881836 0.25827699899673462
  endloop
 endfacet
 facet normal 0 1 0
  outer loop
   vertex -0.13933500647544861 20.010000228881836 0.28045123815536499
   vertex -0.088120125234127045 20.010000228881836 0.28105700016021729
   vertex -0.11298679560422897 20.010000228881836 0.23589792847633362
  endloop
 endfacet
 facet normal 0 1 0
  outer loop
   vertex -0.11298679560422897 20.010000228881836 0.23589792847633362
   vertex -0.058532942086458206 20.010000228881836 0.2429586797952652
   vertex -0.078954458236694336 20.010000228881836 0.1944989413022995
  endloop
 endfacet
 facet normal 0 1 0
  outer loop
   vertex -0.18145832419395447 20.010000228881836 0.10176989436149597
   vertex -0.17465575039386749 20.010000228881836 0.14394605159759521
   vertex -0.13846904039382935 20.010000228881836 0.12361722439527512
  endloop
 endfacet
 facet normal 0 1 0
  outer loop
   vertex -0.17465575039386749 20.010000228881836 0.14394605159759521
   vertex -0.19740912318229675 20.010000228881836 0.18035496771335602
   vertex -0.1386445164680481 20.010000228881836 0.17990291118621826
  endloop
 endfacet
 facet normal 0 1 -0
  outer loop
   vertex 0.27142614126205444 20.010000228881836 0.27078589797019958
   vertex 0.26611453294754028 20.010000228881836 0.22913333773612976
   vertex 0.23122185468673706 20.010000228881836 0.25299239158630371
  endloop
 endfacet
 facet normal 0 1 -0
  outer loop
   vertex -0.27893814444541931 20.010000228881836 0.20736050605773926
   vertex -0.2994428277015686 20.010000228881836 0.16520340740680695
   vertex -0.32852879166603088 20.010000228881836 0.20440778136253357
  endloop
 endfacet
 facet normal 0 1 0
  outer loop
   vertex -0.35127374529838562 20.010000228881836 0.16784171760082245
   vertex -0.32852879166603088 20.010000228881836 0.20440778136253357
   vertex -0.2994428277015686 20.010000228881836 0.16520340740680695
  endloop
 endfacet
 facet normal 0 1 0
  outer loop
   vertex 0.078215330839157104 20.010000228881836 0.11554962396621704
   vertex 0.054919060319662094 20.010000228881836 0.16279652714729309
   vertex 0.1068573072552681 20.010000228881836 0.1606297492980957
  endloop
 endfacet
 facet normal 0 1 0
  outer loop
   vertex 0.24772006273269653 20.010000228881836 -0.24527773261070251
   vertex 0.25488883256912231 20.010000228881836 -0.20273292064666748
   vertex 0.29829701781272888 20.010000228881836 -0.24429802596569061
  endloop
 endfacet
 facet normal 0 1 0
  outer loop
   vertex -0.17465575039386749 20.010000228881836 0.14394605159759521
   vertex -0.2168785035610199 20.010000228881836 0.13374951481819153
   vertex -0.19740912318229675 20.010000228881836 0.18035496771335602
  endloop
 endfacet
 facet normal 0 1 0
  outer loop
   vertex 0.1068573072552681 20.010000228881836 0.1606297492980957
   vertex 0.14127711951732635 20.010000228881836 0.20654073357582092
   vertex 0.15184187889099121 20.010000228881836 0.15584996342658997
  endloop
 endfacet
 facet normal 0 1 0
  outer loop
   vertex -0.1386445164680481 20.010000228881836 0.17990291118621826
   vertex -0.11298679560422897 20.010000228881836 0.23589792847633362
   vertex -0.078954458236694336 20.010000228881836 0.1944989413022995
  endloop
 endfacet
 facet normal 0 1 0
  outer loop
   vertex -0.18282529711723328 20.010000228881836 0.28657293319702148
   vertex -0.21484705805778503 20.010000228881836 0.33215853571891785
   vertex -0.16361360251903534 20.010000228881836 0.31660884618759155
  endloop
 endfacet
 facet normal 0 1 0
  outer loop
   vertex 0.21139955520629883 20.010000228881836 -0.22352352738380432
   vertex 0.21162340044975281 20.010000228881836 -0.27093356847763062
   vertex 0.1703890860080719 20.010000228881836 -0.24903804063796997
  endloop
 endfacet
 facet normal 0 1 -0
  outer loop
   vertex 0.13397994637489319 20.010000228881836 -0.27249488234519958
   vertex 0.11171356588602066 20.010000228881836 -0.3183971643447876
   vertex 0.091849483549594879 20.010000228881836 -0.2671801745891571
  endloop
 endfacet
 facet normal 0 1 0
  outer loop
   vertex -0.18282529711723328 20.010000228881836 0.28657293319702148
   vertex -0.13933500647544861 20.010000228881836 0.28045123815536499
   vertex -0.17475645244121552 20.010000228881836 0.23560330271720886
  endloop
 endfacet
 facet normal 0 1 -0
  outer loop
   vertex 0.26611453294754028 20.010000228881836 0.22913333773612976
   vertex 0.23289266228675842 20.010000228881836 0.20504985749721527
   vertex 0.23122185468673706 20.010000228881836 0.25299239158630371
  endloop
 endfacet
 facet normal 0 1 0
  outer loop
   vertex 0.21139955520629883 20.010000228881836 -0.22352352738380432
   vertex 0.21318553388118744 20.010000228881836 -0.17437179386615753
   vertex 0.25488883256912231 20.010000228881836 -0.20273292064666748
  endloop
 endfacet
 facet normal 0 1 0
  outer loop
   vertex 0.26166319847106934 20.010000228881836 -0.28548452258110046
   vertex 0.21065405011177063 20.010000228881836 -0.32480165362358093
   vertex 0.21162340044975281 20.010000228881836 -0.27093356847763062
  endloop
 endfacet
 facet normal 0 1 0
  outer loop
   vertex -0.21484705805778503 20.010000228881836 0.33215853571891785
   vertex -0.18282529711723328 20.010000228881836 0.28657293319702148
   vertex -0.22154086828231812 20.010000228881836 0.26798981428146362
  endloop
 endfacet
 facet normal 0 1 0
  outer loop
   vertex 0.1703890860080719 20.010000228881836 -0.24903804063796997
   vertex 0.16908600926399231 20.010000228881836 -0.19983504712581635
   vertex 0.21139955520629883 20.010000228881836 -0.22352352738380432
  endloop
 endfacet
 facet normal 0 1 -0
  outer loop
   vertex 0.21318553388118744 20.010000228881836 -0.17437179386615753
   vertex 0.21139955520629883 20.010000228881836 -0.22352352738380432
   vertex 0.16908600926399231 20.010000228881836 -0.19983504712581635
  endloop
 endfacet
 facet normal 0 1 0
  outer loop
   vertex 0.12766078114509583 20.010000228881836 -0.23007862269878387
   vertex 0.16908600926399231 20.010000228881836 -0.19983504712581635
   vertex 0.1703890860080719 20.010000228881836 -0.24903804063796997
  endloop
 endfacet
 facet normal 0 1 0
  outer loop
   vertex -0.22154086828231812 20.010000228881836 0.26798981428146362
   vertex -0.18282529711723328 20.010000228881836 0.28657293319702148
   vertex -0.17475645244121552 20.010000228881836 0.23560330271720886
  endloop
 endfacet
 facet normal 0 1 0
  outer loop
   vertex 0.0035644085146486759 20.010000228881836 0.16237971186637878
   vertex 0.027609465643763542 20.010000228881836 0.11846880614757538
   vertex -0.02013678103685379 20.010000228881836 0.11954999715089798
  endloop
 endfacet
 facet normal 0 1 0
  outer loop
   vertex 0.016098078340291977 20.010000228881836 -0.1569083034992218
   vertex 0.028402455151081085 20.010000228881836 -0.20734447240829468
   vertex -0.022365394979715347 20.010000228881836 -0.19419229030609131
  endloop
 endfacet
 facet normal 0 1 0
  outer loop
   vertex -0.30578383803367615 20.010000228881836 0.24097384512424469
   vertex -0.26051503419876099 20.010000228881836 0.24497386813163757
   vertex -0.27893814444541931 20.010000228881836 0.20736050605773926
  endloop
 endfacet
 facet normal 0 1 0
  outer loop
   vertex -0.26051503419876099 20.010000228881836 0.24497386813163757
   vertex -0.30578383803367615 20.010000228881836 0.24097384512424469
   vertex -0.26571717858314514 20.010000228881836 0.29091542959213257
  endloop
 endfacet
 facet normal 0 1 0
  outer loop
   vertex -0.26051503419876099 20.010000228881836 0.24497386813163757
   vertex -0.22154086828231812 20.010000228881836 0.26798981428146362
   vertex -0.23037242889404297 20.010000228881836 0.2178465873003006
  endloop
 endfacet
 facet normal 0 1 0
  outer loop
   vertex 0.24772006273269653 20.010000228881836 -0.24527773261070251
   vertex 0.29829701781272888 20.010000228881836 -0.24429802596569061
   vertex 0.26166319847106934 20.010000228881836 -0.28548452258110046
  endloop
 endfacet
 facet normal 0 1 -0
  outer loop
   vertex -0.21484705805778503 20.010000228881836 0.33215853571891785
   vertex -0.22154086828231812 20.010000228881836 0.26798981428146362
   vertex -0.26571717858314514 20.010000228881836 0.29091542959213257
  endloop
 endfacet
 facet normal 0 1 0
  outer loop
   vertex -0.22154086828231812 20.010000228881836 0.26798981428146362
   vertex -0.17475645244121552 20.010000228881836 0.23560330271720886
   vertex -0.23037242889404297 20.010000228881836 0.2178465873003006
  endloop
 endfacet
 facet normal -0 1 0
  outer loop
   vertex 0.055305417627096176 20.010000228881836 -0.30670392513275146
   vertex 0.0043394328095018864 20.010000228881836 -0.29749959707260132
   vertex 0.041726503521203995 20.010000228881836 -0.25738528370857239
  endloop
 endfacet
 facet normal -0 1 0
  outer loop
   vertex 0.041726503521203995 20.010000228881836 -0.25738528370857239
   vertex -0.0097413035109639168 20.010000228881836 -0.24653775990009308
   vertex 0.028402455151081085 20.010000228881836 -0.20734447240829468
  endloop
 endfacet
 facet normal 0 1 0
  outer loop
   vertex 0.041726503521203995 20.010000228881836 -0.25738528370857239
   vertex 0.079254165291786194 20.010000228881836 -0.21772231161594391
   vertex 0.091849483549594879 20.010000228881836 -0.2671801745891571
  endloop
 endfacet
 facet normal 0 1 0
  outer loop
   vertex -0.19740912318229675 20.010000228881836 0.18035496771335602
   vertex -0.17475645244121552 20.010000228881836 0.23560330271720886
   vertex -0.1386445164680481 20.010000228881836 0.17990291118621826
  endloop
 endfacet
 facet normal 0 1 -0
  outer loop
   vertex 0.1703890860080719 20.010000228881836 -0.24903804063796997
   vertex 0.16688951849937439 20.010000228881836 -0.29814288020133972
   vertex 0.13397994637489319 20.010000228881836 -0.27249488234519958
  endloop
 endfacet
 facet normal 0 1 0
  outer loop
   vertex -0.02013678103685379 20.010000228881836 0.11954999715089798
   vertex -0.00020322127966210246 20.010000228881836 0.07681012898683548
   vertex -0.046750739216804504 20.010000228881836 0.080929979681968689
  endloop
 endfacet
 facet normal 0 1 -0
  outer loop
   vertex -0.02013678103685379 20.010000228881836 0.11954999715089798
   vertex -0.046750739216804504 20.010000228881836 0.080929979681968689
   vertex -0.060533974319696426 20.010000228881836 0.11888936161994934
  endloop
 endfacet
 facet normal 0 1 0
  outer loop
   vertex -0.17475645244121552 20.010000228881836 0.23560330271720886
   vertex -0.13933500647544861 20.010000228881836 0.28045123815536499
   vertex -0.11298679560422897 20.010000228881836 0.23589792847633362
  endloop
 endfacet
 facet normal -0 1 0
  outer loop
   vertex -0.1386445164680481 20.010000228881836 0.17990291118621826
   vertex -0.17475645244121552 20.010000228881836 0.23560330271720886
   vertex -0.11298679560422897 20.010000228881836 0.23589792847633362
  endloop
 endfacet
 facet normal 0 1 0
  outer loop
   vertex 0.33185330033302307 20.010000228881836 -0.01325500849634409
   vertex 0.30671319365501404 20.010000228881836 0.023950226604938507
   vertex 0.34951111674308777 20.010000228881836 0.023663006722927094
  endloop
 endfacet
 facet normal 0 1 0
  outer loop
   vertex 0.30671319365501404 20.010000228881836 0.023950226604938507
   vertex 0.25153514742851257 20.010000228881836 0.015538227744400501
   vertex 0.28067973256111145 20.010000228881836 0.073188535869121552
  endloop
 endfacet
 facet normal 0 1 0
  outer loop
   vertex 0.26611453294754028 20.010000228881836 0.22913333773612976
   vertex 0.31153243780136108 20.010000228881836 0.23242905735969543
   vertex 0.2839844822883606 20.010000228881836 0.18408526480197906
  endloop
 endfacet
 facet normal -0 1 0
  outer loop
   vertex 0.30422672629356384 20.010000228881836 -0.063282839953899384
   vertex 0.28962284326553345 20.010000228881836 -0.015587198548018932
   vertex 0.33185330033302307 20.010000228881836 -0.01325500849634409
  endloop
 endfacet
 facet normal 0 1 0
  outer loop
   vertex -0.13933500647544861 20.010000228881836 0.28045123815536499
   vertex -0.11397448927164078 20.010000228881836 0.32658445835113525
   vertex -0.088120125234127045 20.010000228881836 0.28105700016021729
  endloop
 endfacet
 facet normal 0 1 0
  outer loop
   vertex 0.1162579357624054 20.010000228881836 0.011941074393689632
   vertex 0.12784057855606079 20.010000228881836 -0.039651233702898026
   vertex 0.080010481178760529 20.010000228881836 -0.029767626896500587
  endloop
 endfacet
 facet normal 0 1 0
  outer loop
   vertex 0.065547555685043335 20.010000228881836 0.022034024819731712
   vertex 0.1162579357624054 20.010000228881836 0.011941074393689632
   vertex 0.080010481178760529 20.010000228881836 -0.029767626896500587
  endloop
 endfacet
 facet normal 0 1 0
  outer loop
   vertex 0.31153243780136108 20.010000228881836 0.23242905735969543
   vertex 0.34161481261253357 20.010000228881836 0.18599644303321838
   vertex 0.2839844822883606 20.010000228881836 0.18408526480197906
  endloop
 endfacet
 facet normal -0 1 0
  outer loop
   vertex 0.29829701781272888 20.010000228881836 -0.24429802596569061
   vertex 0.25488883256912231 20.010000228881836 -0.20273292064666748
   vertex 0.30030369758605957 20.010000228881836 -0.18004997074604034
  endloop
 endfacet
 facet normal 0 1 0
  outer loop
   vertex 0.38705506920814514 20.010000228881836 -0.048021312803030014
   vertex 0.35426580905914307 20.010000228881836 -0.053367499262094498
   vertex 0.38705500960350037 20.010000228881836 0.0043655736371874809
  endloop
 endfacet
 facet normal 0 1 -0
  outer loop
   vertex 0.055305417627096176 20.010000228881836 -0.30670392513275146
   vertex 0.016849696636199951 20.010000228881836 -0.34588474035263062
   vertex 0.0043394328095018864 20.010000228881836 -0.29749959707260132
  endloop
 endfacet
 facet normal 0 1 0
  outer loop
   vertex 0.1162579357624054 20.010000228881836 0.011941074393689632
   vertex 0.099971920251846313 20.010000228881836 0.065289132297039032
   vertex 0.16032809019088745 20.010000228881836 0.056632217019796371
  endloop
 endfacet
 facet normal -0 1 0
  outer loop
   vertex 0.16416691243648529 20.010000228881836 -0.0035454956814646721
   vertex 0.1162579357624054 20.010000228881836 0.011941074393689632
   vertex 0.16032809019088745 20.010000228881836 0.056632217019796371
  endloop
 endfacet
 facet normal 0 1 0
  outer loop
   vertex 0.33078533411026001 20.010000228881836 -0.20057184994220734
   vertex 0.29829701781272888 20.010000228881836 -0.24429802596569061
   vertex 0.30030369758605957 20.010000228881836 -0.18004997074604034
  endloop
 endfacet
endsolid
