solid Visualization Toolkit generated SLA File
 facet normal 1.0160199851750571e-23 -1 6.1232378182178563e-17
  outer loop
   vertex -0.015344258397817612 1.5313199287861401e-17 0.25008353590965271
   vertex 0.017611600458621979 1.7104501917736835e-17 0.27933770418167114
   vertex -0.03167850524187088 1.7935930929915935e-17 0.29291597008705139
  endloop
 endfacet
 facet normal 6.5503330087687012e-24 -1 6.1232309029686531e-17
  outer loop
   vertex 0.017721477895975113 -2.8172451483298488e-17 -0.46009105443954468
   vertex -0.02953643724322319 -3.0164120418591417e-17 -0.49261748790740967
   vertex 0.035926755517721176 -3.0229566948656612e-17 -0.49368631839752197
  endloop
 endfacet
 facet normal -1.3783950340961718e-23 -1 6.123234317171126e-17
  outer loop
   vertex -0.44087451696395874 -1.3647277386514305e-17 -0.22287695109844208
   vertex -0.41969749331474304 -1.1181025982478264e-17 -0.18260000646114349
   vertex -0.46609139442443848 -1.0084161329175798e-17 -0.16468685865402222
  endloop
 endfacet
 facet normal 2.5214408183427588e-24 -1 6.1232334598576995e-17
  outer loop
   vertex -0.44087451696395874 -1.3647277386514305e-17 -0.22287695109844208
   vertex -0.40809673070907593 -1.3563350814384062e-17 -0.22150632739067078
   vertex -0.41969749331474304 -1.1181025982478264e-17 -0.18260000646114349
  endloop
 endfacet
 facet normal -6.3289873510149402e-24 -1 6.123233823776187e-17
  outer loop
   vertex -0.18242320418357849 5.1935304037111517e-18 0.084816791117191315
   vertex -0.18552769720554352 7.8320132189899207e-18 0.12790648639202118
   vertex -0.22811698913574219 6.8008908128216377e-18 0.11106697469949722
  endloop
 endfacet
 facet normal 9.4984117451595693e-24 -1 6.1232344321175794e-17
  outer loop
   vertex -0.26543688774108887 1.2041278103101774e-17 0.19664900004863739
   vertex -0.21558555960655212 1.017583113902015e-17 0.16618393361568451
   vertex -0.21868588030338287 1.3613324931091453e-17 0.22232246398925781
  endloop
 endfacet
 facet normal 1.9554772414684888e-23 -1 6.1232330607950655e-17
  outer loop
   vertex -0.03167850524187088 1.7935930929915935e-17 0.29291597008705139
   vertex -0.047868438065052032 2.1341847102103027e-17 0.34853881597518921
   vertex -0.088016584515571594 1.8430723902565555e-17 0.3009965717792511
  endloop
 endfacet
 facet normal 5.8938575652632875e-24 -1 6.1232336218965395e-17
  outer loop
   vertex -0.088016584515571594 1.8430723902565555e-17 0.3009965717792511
   vertex -0.13522551953792572 1.7551242314242024e-17 0.28663355112075806
   vertex -0.11132068186998367 1.5247107556918414e-17 0.24900417029857635
  endloop
 endfacet
 facet normal -4.4940178214313136e-24 -1 6.1232339922422663e-17
  outer loop
   vertex 0.29843145608901978 -1.5410828106838585e-17 -0.25167793035507202
   vertex 0.27455514669418335 -1.7966344706678285e-17 -0.29341268539428711
   vertex 0.32927578687667847 -1.7505538931037244e-17 -0.28588715195655823
  endloop
 endfacet
 facet normal 1.6706542976178233e-24 -1 6.1232359724446799e-17
  outer loop
   vertex -0.15580418705940247 -1.441584563522305e-17 -0.23542861640453339
   vertex -0.18088658154010773 -1.1539405291589314e-17 -0.18845279514789581
   vertex -0.21101225912570953 -1.4172199585795555e-17 -0.23144957423210144
  endloop
 endfacet
 facet normal -1.407897511193248e-23 -1 6.1232356511276716e-17
  outer loop
   vertex -0.30324804782867432 2.1062814266070514e-17 0.34398186206817627
   vertex -0.30298012495040894 2.3918867089146655e-17 0.39062473177909851
   vertex -0.34126582741737366 2.1923398086119658e-17 0.35803624987602234
  endloop
 endfacet
 facet normal -8.7211733361710272e-24 -1 6.1232335573288377e-17
  outer loop
   vertex -0.26543688774108887 1.2041278103101774e-17 0.19664900004863739
   vertex -0.30107748508453369 1.3570328910031559e-17 0.22162029147148132
   vertex -0.32090288400650024 1.1002840525186379e-17 0.17969001829624176
  endloop
 endfacet
 facet normal -1.3224277913253985e-24 -1 6.1232336262906612e-17
  outer loop
   vertex -0.10870645940303802 9.6375830600706695e-18 0.157393679022789
   vertex -0.13496306538581848 1.2457001708178063e-17 0.20343828201293945
   vertex -0.16075414419174194 9.9051495184519722e-18 0.16176337003707886
  endloop
 endfacet
 facet normal -6.0485224117484544e-25 -1 6.1232339348641047e-17
  outer loop
   vertex -0.3958209753036499 -1.1180390294177517e-18 -0.018258962780237198
   vertex -0.4099593460559845 1.2015196478002518e-18 0.019622305408120155
   vertex -0.44443124532699585 -2.4159732984535359e-19 -0.0039455839432775974
  endloop
 endfacet
 facet normal -3.0838195629529341e-23 -1 6.1232362547346573e-17
  outer loop
   vertex -0.059900358319282532 1.5350404217452811e-17 0.25069111585617065
   vertex -0.015344258397817612 1.5313199287861401e-17 0.25008353590965271
   vertex -0.03167850524187088 1.7935930929915935e-17 0.29291597008705139
  endloop
 endfacet
 facet normal 1.7930825183976182e-23 -1 6.1232317054022467e-17
  outer loop
   vertex 0.37139049172401428 -2.0376102156418791e-17 -0.33276700973510742
   vertex 0.31663671135902405 -1.9994735498084893e-17 -0.3265388011932373
   vertex 0.32977882027626038 -2.2716187837525181e-17 -0.37098351120948792
  endloop
 endfacet
 facet normal 1.4880810770863028e-23 -1 6.1232348952802119e-17
  outer loop
   vertex 0.13807222247123718 -2.3381619898738364e-17 -0.38185083866119385
   vertex 0.091421529650688171 -2.1933656780076541e-17 -0.35820379853248596
   vertex 0.088658668100833893 -2.5147713372265633e-17 -0.41069331765174866
  endloop
 endfacet
 facet normal -3.8029152125266372e-30 -1 6.1232340617084134e-17
  outer loop
   vertex 0.23387756943702698 -2.3586203170918655e-18 -0.038519192487001419
   vertex 0.25454020500183105 6.2316233058050541e-20 0.0010177013464272022
   vertex 0.19495487213134766 -3.2491419231596232e-19 -0.0053062513470649719
  endloop
 endfacet
 facet normal -4.0769351697866849e-24 -1 6.1232340251251036e-17
  outer loop
   vertex 0.28554180264472961 -3.2093267734465138e-18 -0.052412282675504684
   vertex 0.2386728823184967 -4.8652129060118106e-18 -0.079454958438873291
   vertex 0.27849355340003967 -6.608402575558098e-18 -0.10792340338230133
  endloop
 endfacet
 facet normal 3.6446566143413078e-25 -1 6.1232338998555326e-17
  outer loop
   vertex -0.022745564579963684 3.5077168765836863e-18 0.057285364717245102
   vertex -0.041103359311819077 1.7407090582868174e-19 0.0028427937068045139
   vertex 0.011460382491350174 4.9745122094563518e-19 0.008123994804918766
  endloop
 endfacet
 facet normal -2.9866602705352216e-24 -1 6.1232340183572699e-17
  outer loop
   vertex 0.40468400716781616 6.8129986690378827e-18 0.11126471310853958
   vertex 0.40317690372467041 3.5819414473092946e-18 0.058497544378042221
   vertex 0.44672346115112305 4.9362110587581558e-18 0.080614447593688965
  endloop
 endfacet
 facet normal 1.2012234597428894e-23 -1 6.1232350680124596e-17
  outer loop
   vertex 0.26542583107948303 7.5280648757266981e-18 0.12294263392686844
   vertex 0.27627041935920715 1.0387487632618381e-17 0.16964054107666016
   vertex 0.22860521078109741 9.5109855488612662e-18 0.15532618761062622
  endloop
 endfacet
 facet normal 1.1159128197517348e-23 -1 6.1232313561188904e-17
  outer loop
   vertex -0.090871289372444153 -2.3157660747889632e-17 -0.37819328904151917
   vertex -0.05059775710105896 -2.5045417600272425e-17 -0.40902271866798401
   vertex -0.03952319547533989 -2.2064304994745616e-17 -0.36033743619918823
  endloop
 endfacet
 facet normal -2.2031756839910628e-23 -1 6.123233294954651e-17
  outer loop
   vertex -0.096811175346374512 2.1436008379952388e-17 0.3500765860080719
   vertex -0.083610273897647858 2.4003906219200782e-17 0.3920135498046875
   vertex -0.13102637231349945 2.3212446574220244e-17 0.37908801436424255
  endloop
 endfacet
 facet normal -2.8877549015429165e-24 -1 6.1232338847755307e-17
  outer loop
   vertex -0.083610273897647858 2.4003906219200782e-17 0.3920135498046875
   vertex -0.071450360119342804 2.7029008289703161e-17 0.44141721725463867
   vertex -0.12023506313562393 2.6307887120930457e-17 0.42964041233062744
  endloop
 endfacet
 facet normal -3.376798357321714e-24 -1 6.1232340873588285e-17
  outer loop
   vertex -0.12023506313562393 2.6307887120930457e-17 0.42964041233062744
   vertex -0.071450360119342804 2.7029008289703161e-17 0.44141721725463867
   vertex -0.11521205306053162 2.9363442672864588e-17 0.47954142093658447
  endloop
 endfacet
 facet normal -1.0676793212632279e-23 -1 6.1232343668486912e-17
  outer loop
   vertex -0.37140351533889771 9.4860940298683205e-18 0.15491966903209686
   vertex -0.38165876269340515 6.4937499659842667e-18 0.10605098307132721
   vertex -0.32725724577903748 7.5483440356240481e-18 0.1232738196849823
  endloop
 endfacet
 facet normal 6.8916096272375678e-24 -1 6.123233590163753e-17
  outer loop
   vertex -0.37811261415481567 -1.2101334724295575e-17 -0.19762979447841644
   vertex -0.41969749331474304 -1.1181025982478264e-17 -0.18260000646114349
   vertex -0.40809673070907593 -1.3563350814384062e-17 -0.22150632739067078
  endloop
 endfacet
 facet normal -2.9620233433571657e-25 -1 6.1232337619191284e-17
  outer loop
   vertex -0.26369065046310425 3.4590741587709875e-19 0.0056490967981517315
   vertex -0.28594139218330383 2.7758233346937046e-18 0.045332636684179306
   vertex -0.31598669290542603 7.4861349870788085e-19 0.012225786224007607
  endloop
 endfacet
 facet normal 2.3151136694950291e-24 -1 6.1232346043601972e-17
  outer loop
   vertex -0.23240679502487183 3.2575493352068239e-18 0.05319981649518013
   vertex -0.28050577640533447 5.5307851743388219e-18 0.090324573218822479
   vertex -0.28594139218330383 2.7758233346937046e-18 0.045332636684179306
  endloop
 endfacet
 facet normal 9.0816135984073855e-25 -1 6.1232346213580259e-17
  outer loop
   vertex -0.28594139218330383 2.7758233346937046e-18 0.045332636684179306
   vertex -0.28050577640533447 5.5307851743388219e-18 0.090324573218822479
   vertex -0.33648061752319336 3.9668488522552259e-18 0.064783558249473572
  endloop
 endfacet
 facet normal 1.0656769259169487e-23 -1 6.1232334719452574e-17
  outer loop
   vertex -0.10025186091661453 -1.4283708495451379e-17 -0.23327066004276276
   vertex -0.12705649435520172 -1.7641287541363322e-17 -0.28810408711433411
   vertex -0.065188966691493988 -1.6774681846454792e-17 -0.27395135164260864
  endloop
 endfacet
 facet normal -8.2816757424500239e-24 -1 6.1232335694784765e-17
  outer loop
   vertex 0.25801298022270203 1.5715106495166216e-17 0.25664716958999634
   vertex 0.20194163918495178 1.4612794030349475e-17 0.2386450320482254
   vertex 0.23965431749820709 1.2451977413137416e-17 0.20335622131824493
  endloop
 endfacet
 facet normal -1.7059593663990523e-23 -1 6.1232337589500963e-17
  outer loop
   vertex 0.1665758490562439 1.6228550736267681e-17 0.26503235101699829
   vertex 0.12293215095996857 1.613119488689264e-17 0.26344239711761475
   vertex 0.15307661890983582 1.3677839228606301e-17 0.22337606549263
  endloop
 endfacet
 facet normal 8.9642552200063776e-25 -1 6.1232353514894792e-17
  outer loop
   vertex 0.20194163918495178 1.4612794030349475e-17 0.2386450320482254
   vertex 0.15307661890983582 1.3677839228606301e-17 0.22337606549263
   vertex 0.1907200813293457 1.1583025006831072e-17 0.18916516005992889
  endloop
 endfacet
 facet normal 9.4700834081219931e-24 -1 6.1232334152534936e-17
  outer loop
   vertex 0.033091586083173752 -1.8035551599808147e-17 -0.29454290866851807
   vertex 0.053819626569747925 -2.0647713527995478e-17 -0.3372027575969696
   vertex 0.087289460003376007 -1.9040294802651807e-17 -0.31095162034034729
  endloop
 endfacet
 facet normal -1.4701954566819303e-23 -1 6.1232336855838787e-17
  outer loop
   vertex -0.40938916802406311 1.1353575858256826e-17 0.18541796505451202
   vertex -0.39122116565704346 1.3778751127434708e-17 0.22502408921718597
   vertex -0.44349351525306702 1.3374900872871006e-17 0.21842870116233826
  endloop
 endfacet
 facet normal 9.1633183516750503e-24 -1 6.1232344326370024e-17
  outer loop
   vertex 0.069629460573196411 1.6344718327133403e-17 0.2669295072555542
   vertex 0.095958814024925232 1.29048852682898e-17 0.21075277030467987
   vertex 0.12293215095996857 1.613119488689264e-17 0.26344239711761475
  endloop
 endfacet
 facet normal -1.5116091079899925e-24 -1 6.1232341405275741e-17
  outer loop
   vertex -0.24138848483562469 -2.6029715379915612e-18 -0.042509749531745911
   vertex -0.26369065046310425 3.4590741587709875e-19 0.0056490967981517315
   vertex -0.29504159092903137 -2.1253194019952656e-18 -0.034709099680185318
  endloop
 endfacet
 facet normal 1.0895533999006277e-25 -1 6.1232340243709526e-17
  outer loop
   vertex -0.29504159092903137 -2.1253194019952656e-18 -0.034709099680185318
   vertex -0.31598669290542603 7.4861349870788085e-19 0.012225786224007607
   vertex -0.34654265642166138 -1.639431855820392e-18 -0.026773953810334206
  endloop
 endfacet
 facet normal -1.0331315033830634e-23 -1 6.1232344285988715e-17
  outer loop
   vertex 0.39026451110839844 -1.3767413789959056e-17 -0.22483892738819122
   vertex 0.40704959630966187 -1.091258436700888e-17 -0.17821602523326874
   vertex 0.35239654779434204 -1.1526028953903719e-17 -0.18823434412479401
  endloop
 endfacet
 facet normal 4.1552053808243162e-25 -1 6.1232342910703392e-17
  outer loop
   vertex -0.030146349221467972 1.2738003234068452e-17 0.20802737772464752
   vertex -0.082935430109500885 1.2510098431697841e-17 0.20430541038513184
   vertex -0.052764575928449631 9.6977116459777616e-18 0.15837565064430237
  endloop
 endfacet
 facet normal 8.2671694329067354e-24 -1 6.1232333182984319e-17
  outer loop
   vertex -0.082935430109500885 1.2510098431697841e-17 0.20430541038513184
   vertex -0.11132068186998367 1.5247107556918414e-17 0.24900417029857635
   vertex -0.13496306538581848 1.2457001708178063e-17 0.20343828201293945
  endloop
 endfacet
 facet normal -1.9613913087048548e-23 -1 6.1232347289755042e-17
  outer loop
   vertex 0.046053878962993622 -2.3117727776638022e-17 -0.37754115462303162
   vertex 0.033229116350412369 -2.5844302018431238e-17 -0.4220694899559021
   vertex 0.088658668100833893 -2.5147713372265633e-17 -0.41069331765174866
  endloop
 endfacet
 facet normal 5.6908502032744871e-24 -1 6.1232349476002269e-17
  outer loop
   vertex 0.088658668100833893 -2.5147713372265633e-17 -0.41069331765174866
   vertex 0.063081078231334686 -2.7803174896797665e-17 -0.45406028628349304
   vertex 0.10581132024526596 -2.76457872416472e-17 -0.45148995518684387
  endloop
 endfacet
 facet normal 1.1826681494876851e-23 -1 6.1232331639795067e-17
  outer loop
   vertex -0.0022738783154636621 -2.4009828832386662e-17 -0.39211025834083557
   vertex -0.014359768480062485 -2.6821094788376732e-17 -0.43802171945571899
   vertex 0.033229116350412369 -2.5844302018431238e-17 -0.4220694899559021
  endloop
 endfacet
 facet normal 2.4732192473223517e-24 -1 6.1232338364779495e-17
  outer loop
   vertex -0.18231132626533508 -3.0889318760603394e-18 -0.050446085631847382
   vertex -0.22123531997203827 -5.6652607537021802e-18 -0.092520728707313538
   vertex -0.17096273601055145 -6.3801536660526657e-18 -0.10419581830501556
  endloop
 endfacet
 facet normal -1.8416519267045255e-23 -1 6.1232321007394099e-17
  outer loop
   vertex 0.30480930209159851 1.7733801075432477e-17 0.28961494565010071
   vertex 0.30478143692016602 2.064251056194252e-17 0.33711779117584229
   vertex 0.25915268063545227 1.9387679227060802e-17 0.31662482023239136
  endloop
 endfacet
 facet normal 3.5072307285769117e-24 -1 6.1232354954625146e-17
  outer loop
   vertex 0.46059945225715637 1.0644270964534442e-17 0.17383413016796112
   vertex 0.41622048616409302 1.0031480677504133e-17 0.16382651031017303
   vertex 0.44297078251838684 7.7927419922283531e-18 0.12726514041423798
  endloop
 endfacet
 facet normal -5.0758496632152696e-25 -1 6.1232339678974542e-17
  outer loop
   vertex -0.44443124532699585 -2.4159732984535359e-19 -0.0039455839432775974
   vertex -0.42854920029640198 -3.2171492137042746e-18 -0.052540034055709839
   vertex -0.3958209753036499 -1.1180390294177517e-18 -0.018258962780237198
  endloop
 endfacet
 facet normal 2.2059408331926367e-23 -1 6.1232353605847866e-17
  outer loop
   vertex -0.13393749296665192 2.019623007785791e-17 0.32982945442199707
   vertex -0.17745260894298553 2.1882182984918591e-17 0.35736316442489624
   vertex -0.17617814242839813 1.8670571538620205e-17 0.30491358041763306
  endloop
 endfacet
 facet normal 1.8115908980052788e-23 -1 6.1232348318726163e-17
  outer loop
   vertex -0.03952319547533989 -2.2064304994745616e-17 -0.36033743619918823
   vertex -0.0022738783154636621 -2.4009828832386662e-17 -0.39211025834083557
   vertex 0.011040182784199715 -2.1145328840895129e-17 -0.34532943367958069
  endloop
 endfacet
 facet normal 1.0855350108134319e-24 -1 6.1232332504753069e-17
  outer loop
   vertex -0.12705649435520172 -1.7641287541363322e-17 -0.28810408711433411
   vertex -0.15580418705940247 -1.441584563522305e-17 -0.23542861640453339
   vertex -0.18807648122310638 -1.7110596584490126e-17 -0.27943724393844604
  endloop
 endfacet
 facet normal 8.0083532460226898e-24 -1 6.1232335394872545e-17
  outer loop
   vertex 0.091421529650688171 -2.1933656780076541e-17 -0.35820379853248596
   vertex 0.13807222247123718 -2.3381619898738364e-17 -0.38185083866119385
   vertex 0.13433946669101715 -2.0327867600539599e-17 -0.33197927474975586
  endloop
 endfacet
 facet normal 2.4203253246401161e-24 -1 6.1232339695168328e-17
  outer loop
   vertex 0.39026451110839844 -1.3767413789959056e-17 -0.22483892738819122
   vertex 0.44650831818580627 -1.2930665179260628e-17 -0.21117378771305084
   vertex 0.40704959630966187 -1.091258436700888e-17 -0.17821602523326874
  endloop
 endfacet
 facet normal 4.7081531459470293e-24 -1 6.1232335353193017e-17
  outer loop
   vertex 0.40704959630966187 -1.091258436700888e-17 -0.17821602523326874
   vertex 0.46278521418571472 -1.0453854814705348e-17 -0.17072440683841705
   vertex 0.42182374000549316 -8.2557439323957221e-18 -0.13482652604579926
  endloop
 endfacet
 facet normal 3.8882972460824491e-24 -1 6.1232341452699519e-17
  outer loop
   vertex 0.46278521418571472 -1.0453854814705348e-17 -0.17072440683841705
   vertex 0.40704959630966187 -1.091258436700888e-17 -0.17821602523326874
   vertex 0.44650831818580627 -1.2930665179260628e-17 -0.21117378771305084
  endloop
 endfacet
 facet normal 1.4809995633329085e-23 -1 6.1232308036145409e-17
  outer loop
   vertex 0.027114946395158768 2.82131950915504e-17 0.46075645089149475
   vertex 0.066221281886100769 2.7444365453768088e-17 0.44820049405097961
   vertex 0.066020533442497253 3.0151282575484594e-17 0.49240782856941223
  endloop
 endfacet
 facet normal -1.5982665133681489e-24 -1 6.1232352904691308e-17
  outer loop
   vertex 0.21441802382469177 -9.0578361569700164e-18 -0.14792568981647491
   vertex 0.26283639669418335 -9.3370170583321762e-18 -0.15248505771160126
   vertex 0.2389054149389267 -7.2343595099887197e-18 -0.11814606189727783
  endloop
 endfacet
 facet normal -4.9774615019516909e-24 -1 6.1232345485933001e-17
  outer loop
   vertex 0.12555517256259918 -1.4393477017098391e-17 -0.23506331443786621
   vertex 0.12957654893398285 -1.1186093290910764e-17 -0.18268276751041412
   vertex 0.080543234944343567 -1.2893758034689737e-17 -0.2105710506439209
  endloop
 endfacet
 facet normal -1.913725222004739e-23 -1 6.1232349251166274e-17
  outer loop
   vertex 0.035015765577554703 -1.4532722947054342e-17 -0.23733736574649811
   vertex 0.030704790726304054 -1.1121455743484645e-17 -0.18162715435028076
   vertex -0.0040579172782599926 -1.3269050705785658e-17 -0.21670004725456238
  endloop
 endfacet
 facet normal -3.8060054084746033e-24 -1 6.1232344777520784e-17
  outer loop
   vertex 0.12957654893398285 -1.1186093290910764e-17 -0.18268276751041412
   vertex 0.10853415727615356 -7.9252464001919975e-18 -0.12942910194396973
   vertex 0.080484792590141296 -1.0187352110591788e-17 -0.16637209057807922
  endloop
 endfacet
 facet normal 8.3576245077671124e-25 -1 6.1232327645268611e-17
  outer loop
   vertex -0.19286595284938812 -2.5093978065312963e-17 -0.40981575846672058
   vertex -0.1423528790473938 -2.4125076598411225e-17 -0.39399239420890808
   vertex -0.18249581754207611 -2.2212964240072421e-17 -0.36276522278785706
  endloop
 endfacet
 facet normal -5.6748459149201743e-24 -1 6.1232365860503765e-17
  outer loop
   vertex 0.30480930209159851 1.7733801075432477e-17 0.28961494565010071
   vertex 0.35492262244224548 1.6728875892854055e-17 0.2732032835483551
   vertex 0.33852145075798035 1.918501335954041e-17 0.31331503391265869
  endloop
 endfacet
 facet normal -4.7115317012682659e-24 -1 6.1232369383695531e-17
  outer loop
   vertex 0.37845203280448914 1.9476544894628599e-17 0.31807610392570496
   vertex 0.35492262244224548 1.6728875892854055e-17 0.2732032835483551
   vertex 0.40812039375305176 1.7166378336278252e-17 0.28034824132919312
  endloop
 endfacet
 facet normal 1.0754549024700743e-23 -1 6.1232334803729444e-17
  outer loop
   vertex -0.065188966691493988 -1.6774681846454792e-17 -0.27395135164260864
   vertex -0.047589946538209915 -1.3778060431623226e-17 -0.22501280903816223
   vertex -0.10025186091661453 -1.4283708495451379e-17 -0.23327066004276276
  endloop
 endfacet
 facet normal -5.2795606661058871e-24 -1 6.123234369355028e-17
  outer loop
   vertex 0.16941094398498535 -1.5716878316038304e-17 -0.25667610764503479
   vertex 0.17685696482658386 -1.8631738717583291e-17 -0.3042793869972229
   vertex 0.21777629852294922 -1.6806283454576767e-17 -0.27446743845939636
  endloop
 endfacet
 facet normal -6.3519638205177925e-25 -1 6.1232344802983907e-17
  outer loop
   vertex 0.40468400716781616 6.8129986690378827e-18 0.11126471310853958
   vertex 0.36613607406616211 9.067299103177623e-18 0.14808022975921631
   vertex 0.35257521271705627 5.4782099881952578e-18 0.08946596086025238
  endloop
 endfacet
 facet normal 1.0834771781431307e-24 -1 6.1232341634811276e-17
  outer loop
   vertex 0.35257521271705627 5.4782099881952578e-18 0.08946596086025238
   vertex 0.31422397494316101 8.2468500864495519e-18 0.13468128442764282
   vertex 0.29779282212257385 5.3983734106037835e-18 0.088162131607532501
  endloop
 endfacet
 facet normal 4.3197195513533189e-24 -1 6.1232341216367466e-17
  outer loop
   vertex 0.36613607406616211 9.067299103177623e-18 0.14808022975921631
   vertex 0.32688653469085693 1.1664363330824637e-17 0.19049350917339325
   vertex 0.31422397494316101 8.2468500864495519e-18 0.13468128442764282
  endloop
 endfacet
 facet normal 2.3989702872695066e-23 -1 6.1232348578542051e-17
  outer loop
   vertex 0.38780537247657776 1.4756625849621421e-17 0.24099397659301758
   vertex 0.35305169224739075 1.4022226777656016e-17 0.22900034487247467
   vertex 0.38187700510025024 1.2199601299525037e-17 0.19923460483551025
  endloop
 endfacet
 facet normal 3.0391637974522669e-25 -1 6.1232353399130613e-17
  outer loop
   vertex 0.26542583107948303 7.5280648757266981e-18 0.12294263392686844
   vertex 0.31422397494316101 8.2468500864495519e-18 0.13468128442764282
   vertex 0.27627041935920715 1.0387487632618381e-17 0.16964054107666016
  endloop
 endfacet
 facet normal -5.1599583334948736e-24 -1 6.1232344690891912e-17
  outer loop
   vertex -0.40731588006019592 -6.2388894154020848e-18 -0.10188879817724228
   vertex -0.35854095220565796 -6.9262227376938348e-18 -0.11311379820108414
   vertex -0.3773820698261261 -3.9473422790500004e-18 -0.0644649937748909
  endloop
 endfacet
 facet normal 5.7778868185300353e-24 -1 6.1232338663310543e-17
  outer loop
   vertex 0.43618851900100708 -5.334113057536989e-18 -0.087112680077552795
   vertex 0.39824405312538147 -2.6351614783242154e-18 -0.043035451322793961
   vertex 0.38355427980422974 -5.6150674341324625e-18 -0.091701008379459381
  endloop
 endfacet
 facet normal -1.9087845908405828e-23 -1 6.1232326764074125e-17
  outer loop
   vertex 0.32927578687667847 -1.7505538931037244e-17 -0.28588715195655823
   vertex 0.33989405632019043 -1.4546579876675831e-17 -0.23756366968154907
   vertex 0.29843145608901978 -1.5410828106838585e-17 -0.25167793035507202
  endloop
 endfacet
 facet normal -1.3800056457740471e-25 -1 6.1232378240446862e-17
  outer loop
   vertex -0.018810063600540161 2.7651837240647413e-17 0.45158877968788147
   vertex -0.056348457932472229 3.0150465321039392e-17 0.49239444732666016
   vertex -0.071450360119342804 2.7029008289703161e-17 0.44141721725463867
  endloop
 endfacet
 facet normal -4.0243650961067525e-24 -1 6.123234015435445e-17
  outer loop
   vertex -0.22811698913574219 6.8008908128216377e-18 0.11106697469949722
   vertex -0.21558555960655212 1.017583113902015e-17 0.16618393361568451
   vertex -0.27281701564788818 8.8416946900905228e-18 0.14439582824707031
  endloop
 endfacet
 facet normal -9.9204117470147388e-24 -1 6.1232346169012589e-17
  outer loop
   vertex -0.43528011441230774 -8.4880526443475646e-18 -0.13862042129039764
   vertex -0.41969749331474304 -1.1181025982478264e-17 -0.18260000646114349
   vertex -0.39008519053459167 -9.1692044459217058e-18 -0.14974446594715118
  endloop
 endfacet
 facet normal -2.0856999853611108e-24 -1 6.1232342925908119e-17
  outer loop
   vertex -0.079648904502391815 6.1894517253219342e-18 0.10108141601085663
   vertex -0.13179631531238556 3.9915877564251556e-18 0.065187573432922363
   vertex -0.082254186272621155 2.3498302823125707e-18 0.038375642150640488
  endloop
 endfacet
 facet normal -1.8646364849876265e-23 -1 6.1232319524417096e-17
  outer loop
   vertex 0.00384170887991786 2.0154027323005455e-17 0.32914024591445923
   vertex 0.017611600458621979 1.7104501917736835e-17 0.27933770418167114
   vertex 0.052399728447198868 1.9473886336139853e-17 0.31803271174430847
  endloop
 endfacet
 facet normal 2.4865496518828834e-25 -1 6.123233766527067e-17
  outer loop
   vertex -0.12934109568595886 9.2578591824333017e-19 0.01511923223733902
   vertex -0.16595567762851715 -3.7913794942034467e-19 -0.0061917924322187901
   vertex -0.13178104162216187 -1.9047862264485749e-18 -0.031107520684599876
  endloop
 endfacet
 facet normal -1.4176821864122462e-26 -1 6.1232338116843335e-17
  outer loop
   vertex -0.12934109568595886 9.2578591824333017e-19 0.01511923223733902
   vertex -0.1754431426525116 2.1643381318748513e-18 0.035346325486898422
   vertex -0.16595567762851715 -3.7913794942034467e-19 -0.0061917924322187901
  endloop
 endfacet
 facet normal -2.8900934326088791e-24 -1 6.1232340397437488e-17
  outer loop
   vertex -0.1754431426525116 2.1643381318748513e-18 0.035346325486898422
   vertex -0.23240679502487183 3.2575493352068239e-18 0.05319981649518013
   vertex -0.21033488214015961 -4.020180171951543e-20 -0.00065654522040858865
  endloop
 endfacet
 facet normal -9.622620848540313e-24 -1 6.1232363151243176e-17
  outer loop
   vertex 0.27819919586181641 -2.1408289557625736e-17 -0.34962388873100281
   vertex 0.27455514669418335 -1.7966344706678285e-17 -0.29341268539428711
   vertex 0.22732175886631012 -1.9949735218400783e-17 -0.32580390572547913
  endloop
 endfacet
 facet normal -2.1149756884385503e-23 -1 6.1232352506915506e-17
  outer loop
   vertex -0.18249581754207611 -2.2212964240072421e-17 -0.36276522278785706
   vertex -0.22381950914859772 -1.9891218807507557e-17 -0.32484826445579529
   vertex -0.23524054884910583 -2.326760628618773e-17 -0.37998884916305542
  endloop
 endfacet
 facet normal 1.7804956878386468e-24 -1 6.1232341035573785e-17
  outer loop
   vertex -0.30761224031448364 -7.5950317637577661e-18 -0.1240362823009491
   vertex -0.27462694048881531 -5.1117363032000707e-18 -0.083480991423130035
   vertex -0.32677099108695984 -4.5528000235403329e-18 -0.074352867901325226
  endloop
 endfacet
 facet normal -5.2544814000316942e-23 -1 6.1232365827202902e-17
  outer loop
   vertex -0.18559151887893677 2.788873184191525e-17 0.45545753836631775
   vertex -0.17474557459354401 2.5437946233792113e-17 0.41543319821357727
   vertex -0.14553892612457275 2.8791427426949468e-17 0.47019970417022705
  endloop
 endfacet
 facet normal -1.7025792123829179e-24 -1 6.1232336136144196e-17
  outer loop
   vertex 0.28554180264472961 -3.2093267734465138e-18 -0.052412282675504684
   vertex 0.23387756943702698 -2.3586203170918655e-18 -0.038519192487001419
   vertex 0.2386728823184967 -4.8652129060118106e-18 -0.079454958438873291
  endloop
 endfacet
 facet normal 9.9139587222140027e-24 -1 6.123232569444764e-17
  outer loop
   vertex -0.17745260894298553 2.1882182984918591e-17 0.35736316442489624
   vertex -0.17474557459354401 2.5437946233792113e-17 0.41543319821357727
   vertex -0.22636619210243225 2.3506290906301132e-17 0.38388687372207642
  endloop
 endfacet
 facet normal -1.9306601104091046e-24 -1 6.1232331757468869e-17
  outer loop
   vertex -0.32862243056297302 -1.3624706936320183e-17 -0.22250835597515106
   vertex -0.28880524635314941 -1.0761869577859881e-17 -0.17575466632843018
   vertex -0.34188401699066162 -1.003857209689555e-17 -0.16394232213497162
  endloop
 endfacet
 facet normal 4.4877352579039623e-24 -1 6.1232339502950252e-17
  outer loop
   vertex -0.30761224031448364 -7.5950317637577661e-18 -0.1240362823009491
   vertex -0.35854095220565796 -6.9262227376938348e-18 -0.11311379820108414
   vertex -0.34188401699066162 -1.003857209689555e-17 -0.16394232213497162
  endloop
 endfacet
 facet normal -1.4722004450519046e-23 -1 6.1232367161568038e-17
  outer loop
   vertex -0.090871289372444153 -2.3157660747889632e-17 -0.37819328904151917
   vertex -0.13189733028411865 -2.1145456226709462e-17 -0.34533151984214783
   vertex -0.1423528790473938 -2.4125076598411225e-17 -0.39399239420890808
  endloop
 endfacet
 facet normal 1.7403770270693691e-23 -1 6.1232337180003328e-17
  outer loop
   vertex -0.27141493558883667 -1.8776783183633239e-17 -0.3066481351852417
   vertex -0.22381950914859772 -1.9891218807507557e-17 -0.32484826445579529
   vertex -0.24244534969329834 -1.6756564936678655e-17 -0.2736554741859436
  endloop
 endfacet
 facet normal -1.4308439454872427e-23 -1 6.123233226558659e-17
  outer loop
   vertex -0.22636619210243225 2.3506290906301132e-17 0.38388687372207642
   vertex -0.27771377563476562 2.4935953481090832e-17 0.40723502635955811
   vertex -0.26792639493942261 2.204690442337995e-17 0.36005327105522156
  endloop
 endfacet
 facet normal -1.1611542161201783e-23 -1 6.1232327950722974e-17
  outer loop
   vertex -0.13522551953792572 1.7551242314242024e-17 0.28663355112075806
   vertex -0.17617814242839813 1.8670571538620205e-17 0.30491358041763306
   vertex -0.16778272390365601 1.523690345688196e-17 0.24883751571178436
  endloop
 endfacet
 facet normal -1.3139358521806726e-23 -1 6.1232334096961657e-17
  outer loop
   vertex -0.17617814242839813 1.8670571538620205e-17 0.30491358041763306
   vertex -0.22360602021217346 2.0266920933006692e-17 0.33098393678665161
   vertex -0.22067981958389282 1.6909985433611315e-17 0.27616101503372192
  endloop
 endfacet
 facet normal 5.1912983609034656e-24 -1 6.1232318268692333e-17
  outer loop
   vertex -0.34259879589080811 1.3739910034591668e-17 0.22438976168632507
   vertex -0.39122116565704346 1.3778751127434708e-17 0.22502408921718597
   vertex -0.36697140336036682 1.1863492174045752e-17 0.19374552369117737
  endloop
 endfacet
 facet normal 5.7180641968836118e-24 -1 6.1232333971257572e-17
  outer loop
   vertex -0.22123531997203827 -5.6652607537021802e-18 -0.092520728707313538
   vertex -0.25483143329620361 -8.1710224396968159e-18 -0.13344292342662811
   vertex -0.20259381830692291 -8.6740053275913228e-18 -0.1416572630405426
  endloop
 endfacet
 facet normal -1.1081830585310863e-23 -1 6.1232341573041372e-17
  outer loop
   vertex -0.16778272390365601 1.523690345688196e-17 0.24883751571178436
   vertex -0.1792963445186615 1.2266673239493899e-17 0.2003299742937088
   vertex -0.13496306538581848 1.2457001708178063e-17 0.20343828201293945
  endloop
 endfacet
 facet normal 2.0457345454133893e-23 -1 6.1232323445670638e-17
  outer loop
   vertex -0.40097033977508545 -1.7627556343194941e-17 -0.28787985444068909
   vertex -0.38097691535949707 -1.4970324652152045e-17 -0.24448396265506744
   vertex -0.42118418216705322 -1.5886817609803649e-17 -0.25945141911506653
  endloop
 endfacet
 facet normal 1.4191969693001836e-23 -1 6.12323512181496e-17
  outer loop
   vertex 0.10930679738521576 2.4126886469591491e-17 0.39402195811271667
   vertex 0.071031540632247925 2.4640299277829679e-17 0.40240663290023804
   vertex 0.084571398794651031 2.1922385617049893e-17 0.35801973938941956
  endloop
 endfacet
 facet normal -2.4292102368185161e-24 -1 6.123233951927849e-17
  outer loop
   vertex -0.16778272390365601 1.523690345688196e-17 0.24883751571178436
   vertex -0.21868588030338287 1.3613324931091453e-17 0.22232246398925781
   vertex -0.1792963445186615 1.2266673239493899e-17 0.2003299742937088
  endloop
 endfacet
 facet normal -1.4999878039502086e-25 -1 6.1232331520680509e-17
  outer loop
   vertex -0.30107748508453369 1.3570328910031559e-17 0.22162029147148132
   vertex -0.34259879589080811 1.3739910034591668e-17 0.22438976168632507
   vertex -0.32090288400650024 1.1002840525186379e-17 0.17969001829624176
  endloop
 endfacet
 facet normal -7.0716847856119759e-26 -1 6.1232341057210279e-17
  outer loop
   vertex 0.25454020500183105 6.2316233058050541e-20 0.0010177013464272022
   vertex 0.28554180264472961 -3.2093267734465138e-18 -0.052412282675504684
   vertex 0.31596758961677551 2.0835711570400139e-19 0.0034027299843728542
  endloop
 endfacet
 facet normal 6.4521868521732675e-24 -1 6.1232343938486094e-17
  outer loop
   vertex 0.030704790726304054 -1.1121455743484645e-17 -0.18162715435028076
   vertex 0.080543234944343567 -1.2893758034689737e-17 -0.2105710506439209
   vertex 0.080484792590141296 -1.0187352110591788e-17 -0.16637209057807922
  endloop
 endfacet
 facet normal 2.1313898528290682e-24 -1 6.1232338858832973e-17
  outer loop
   vertex -0.3773820698261261 -3.9473422790500004e-18 -0.0644649937748909
   vertex -0.42854920029640198 -3.2171492137042746e-18 -0.052540034055709839
   vertex -0.40731588006019592 -6.2388894154020848e-18 -0.10188879817724228
  endloop
 endfacet
 facet normal -1.3446901620601517e-24 -1 6.123235928662149e-17
  outer loop
   vertex -0.4214898943901062 1.6104246996896887e-17 0.26300230622291565
   vertex -0.39122116565704346 1.3778751127434708e-17 0.22502408921718597
   vertex -0.36396321654319763 1.6269304270686944e-17 0.2656978964805603
  endloop
 endfacet
 facet normal -5.0293474758526532e-24 -1 6.1232342740783825e-17
  outer loop
   vertex -0.090589143335819244 -3.5145109245448906e-18 -0.05739632248878479
   vertex -0.09387023001909256 -6.330996803790477e-18 -0.10339302569627762
   vertex -0.041427098214626312 -5.1647283883723615e-18 -0.084346413612365723
  endloop
 endfacet
 facet normal 1.147301443066561e-24 -1 6.1232340453569256e-17
  outer loop
   vertex 0.058732535690069199 5.1900665848960859e-18 0.084760218858718872
   vertex 0.11225578933954239 4.726469488277985e-18 0.07718910276889801
   vertex 0.081977151334285736 7.5512342046843084e-18 0.12332101166248322
  endloop
 endfacet
 facet normal -1.9337094467748409e-25 -1 6.1232338419973664e-17
  outer loop
   vertex 0.40489888191223145 4.1135110250893865e-19 0.0067178732715547085
   vertex 0.44920629262924194 1.7929892511444298e-18 0.0292817372828722
   vertex 0.40317690372467041 3.5819414473092946e-18 0.058497544378042221
  endloop
 endfacet
 facet normal 3.3574304474990523e-25 -1 6.1232335934472386e-17
  outer loop
   vertex 0.27739769220352173 2.8581013358631292e-18 0.046676337718963623
   vertex 0.29779282212257385 5.3983734106037835e-18 0.088162131607532501
   vertex 0.25586658716201782 5.1022109048562163e-18 0.083325430750846863
  endloop
 endfacet
 facet normal 6.9243458665854626e-24 -1 6.1232342314183637e-17
  outer loop
   vertex 0.4936181902885437 3.0931610437371699e-18 0.050515152513980865
   vertex 0.48650005459785461 6.5432252927822884e-18 0.10685897618532181
   vertex 0.44672346115112305 4.9362110587581558e-18 0.080614447593688965
  endloop
 endfacet
 facet normal -4.8573377519163036e-24 -1 6.1232356238873418e-17
  outer loop
   vertex -0.12918314337730408 -1.1625047436309991e-17 -0.18985143303871155
   vertex -0.18088658154010773 -1.1539405291589314e-17 -0.18845279514789581
   vertex -0.15580418705940247 -1.441584563522305e-17 -0.23542861640453339
  endloop
 endfacet
 facet normal -3.4432610274300218e-24 -1 6.1232333492135949e-17
  outer loop
   vertex 0.1993088573217392 -6.3378954900991692e-18 -0.1035056859254837
   vertex 0.14444929361343384 -4.9823991698018918e-18 -0.08136875182390213
   vertex 0.16366583108901978 -8.4487723185992589e-18 -0.1379789263010025
  endloop
 endfacet
 facet normal 7.7266667125089063e-24 -1 6.1232334146899498e-17
  outer loop
   vertex 0.21777629852294922 -1.6806283454576767e-17 -0.27446743845939636
   vertex 0.27455514669418335 -1.7966344706678285e-17 -0.29341268539428711
   vertex 0.25420591235160828 -1.4697168107191109e-17 -0.24002297222614288
  endloop
 endfacet
 facet normal 8.0858214430082055e-25 -1 6.1232335478564758e-17
  outer loop
   vertex -0.088307753205299377 -7.0575184279873861e-19 -0.011525802314281464
   vertex -0.13178104162216187 -1.9047862264485749e-18 -0.031107520684599876
   vertex -0.090589143335819244 -3.5145109245448906e-18 -0.05739632248878479
  endloop
 endfacet
 facet normal -2.7399464561873151e-24 -1 6.1232338544548076e-17
  outer loop
   vertex 0.25586658716201782 5.1022109048562163e-18 0.083325430750846863
   vertex 0.26542583107948303 7.5280648757266981e-18 0.12294263392686844
   vertex 0.21978855133056641 6.5730583887546259e-18 0.10734619200229645
  endloop
 endfacet
 facet normal 1.3193801664157324e-23 -1 6.1232326170452337e-17
  outer loop
   vertex -0.27885487675666809 -2.131390659537221e-17 -0.34808251261711121
   vertex -0.22381950914859772 -1.9891218807507557e-17 -0.32484826445579529
   vertex -0.27141493558883667 -1.8776783183633239e-17 -0.3066481351852417
  endloop
 endfacet
 facet normal -1.6613145021203187e-23 -1 6.1232336521860767e-17
  outer loop
   vertex 0.081977151334285736 7.5512342046843084e-18 0.12332101166248322
   vertex 0.10128350555896759 9.8331227666139173e-18 0.16058708727359772
   vertex 0.056897733360528946 1.0234169706081677e-17 0.16713666915893555
  endloop
 endfacet
 facet normal 2.5876008328910795e-23 -1 6.1232351525154296e-17
  outer loop
   vertex 0.1424294114112854 -2.635013123481354e-17 -0.4303303062915802
   vertex 0.10581132024526596 -2.76457872416472e-17 -0.45148995518684387
   vertex 0.13784158229827881 -2.9152978146529046e-17 -0.4761042594909668
  endloop
 endfacet
 facet normal 4.3374821340917446e-24 -1 6.1232339392224688e-17
  outer loop
   vertex 0.01688339002430439 5.2637104748316819e-18 0.085962913930416107
   vertex -0.017279842868447304 7.0497567855046479e-18 0.11513126641511917
   vertex -0.022745564579963684 3.5077168765836863e-18 0.057285364717245102
  endloop
 endfacet
 facet normal 2.1439185577282434e-23 -1 6.1232328767089277e-17
  outer loop
   vertex 0.033091586083173752 -1.8035551599808147e-17 -0.29454290866851807
   vertex 0.081784233450889587 -1.602668557958024e-17 -0.26173564791679382
   vertex 0.035015765577554703 -1.4532722947054342e-17 -0.23733736574649811
  endloop
 endfacet
 facet normal -6.0655434047803561e-24 -1 6.1232349676371879e-17
  outer loop
   vertex -0.1423528790473938 -2.4125076598411225e-17 -0.39399239420890808
   vertex -0.19286595284938812 -2.5093978065312963e-17 -0.40981575846672058
   vertex -0.15503221750259399 -2.6548571863765012e-17 -0.43357107043266296
  endloop
 endfacet
 facet normal -9.8201139721261704e-24 -1 6.1232333910557683e-17
  outer loop
   vertex 0.011040182784199715 -2.1145328840895129e-17 -0.34532943367958069
   vertex 0.033091586083173752 -1.8035551599808147e-17 -0.29454290866851807
   vertex -0.025328183546662331 -1.8990045234800436e-17 -0.31013098359107971
  endloop
 endfacet
 facet normal -8.0966736015207128e-24 -1 6.1232366118523207e-17
  outer loop
   vertex 0.32927578687667847 -1.7505538931037244e-17 -0.28588715195655823
   vertex 0.27455514669418335 -1.7966344706678285e-17 -0.29341268539428711
   vertex 0.31663671135902405 -1.9994735498084893e-17 -0.3265388011932373
  endloop
 endfacet
 facet normal 1.1341496321252713e-23 -1 6.1232338072940724e-17
  outer loop
   vertex -0.078089460730552673 -1.1377152160075812e-17 -0.18580299615859985
   vertex -0.058421052992343903 -8.5040155758086129e-18 -0.13888111710548401
   vertex -0.10743259638547897 -9.0031653087445491e-18 -0.14703284204006195
  endloop
 endfacet
 facet normal 2.3153065263158355e-25 -1 6.1232342212516673e-17
  outer loop
   vertex -0.26369065046310425 3.4590741587709875e-19 0.0056490967981517315
   vertex -0.24138848483562469 -2.6029715379915612e-18 -0.042509749531745911
   vertex -0.21033488214015961 -4.020180171951543e-20 -0.00065654522040858865
  endloop
 endfacet
 facet normal -1.6839486417926926e-24 -1 6.1232338992405946e-17
  outer loop
   vertex 0.43618851900100708 -5.334113057536989e-18 -0.087112680077552795
   vertex 0.48808053135871887 -5.0634421903167747e-18 -0.082692287862300873
   vertex 0.45230624079704285 -1.7724838573495465e-18 -0.028946859762072563
  endloop
 endfacet
 facet normal 6.1288524193290795e-24 -1 6.1232344993584177e-17
  outer loop
   vertex 0.05280718207359314 -7.8853804305700043e-18 -0.12877804040908813
   vertex 0.030704790726304054 -1.1121455743484645e-17 -0.18162715435028076
   vertex 0.080484792590141296 -1.0187352110591788e-17 -0.16637209057807922
  endloop
 endfacet
 facet normal 1.135126072931062e-23 -1 6.1232343722907307e-17
  outer loop
   vertex 0.05280718207359314 -7.8853804305700043e-18 -0.12877804040908813
   vertex 0.020549716427922249 -5.0874875035430786e-18 -0.08308497816324234
   vertex -0.0036601556930691004 -8.1243189951314594e-18 -0.13268019258975983
  endloop
 endfacet
 facet normal -7.0507392410239531e-24 -1 6.1232330109971498e-17
  outer loop
   vertex -0.26543688774108887 1.2041278103101774e-17 0.19664900004863739
   vertex -0.32090288400650024 1.1002840525186379e-17 0.17969001829624176
   vertex -0.27281701564788818 8.8416946900905228e-18 0.14439582824707031
  endloop
 endfacet
 facet normal -4.7188534747280008e-24 -1 6.123235172255414e-17
  outer loop
   vertex 0.027114946395158768 2.82131950915504e-17 0.46075645089149475
   vertex 0.0020781690254807472 3.0442787640793181e-17 0.49716845154762268
   vertex -0.018810063600540161 2.7651837240647413e-17 0.45158877968788147
  endloop
 endfacet
 facet normal 2.9897772446620962e-25 -1 6.1232338758821545e-17
  outer loop
   vertex 0.10677814483642578 -1.7004997053130381e-18 -0.027771268039941788
   vertex 0.14572443068027496 -2.8599834302506288e-20 -0.00046707072760909796
   vertex 0.11046780645847321 1.5309919930322935e-18 0.025002997368574142
  endloop
 endfacet
 facet normal 2.9403382720449563e-24 -1 6.1232337590756706e-17
  outer loop
   vertex -0.40731588006019592 -6.2388894154020848e-18 -0.10188879817724228
   vertex -0.45390328764915466 -5.6671198421288931e-18 -0.092551089823246002
   vertex -0.43528011441230774 -8.4880526443475646e-18 -0.13862042129039764
  endloop
 endfacet
 facet normal 6.7217682344945112e-24 -1 6.1232354373567114e-17
  outer loop
   vertex 0.15859824419021606 2.8637290591606337e-17 0.46768242120742798
   vertex 0.10418993234634399 2.964472047707957e-17 0.48413500189781189
   vertex 0.10922136902809143 2.6660810346721107e-17 0.43540406227111816
  endloop
 endfacet
 facet normal -3.5271827788304406e-26 -1 6.1232340356710276e-17
  outer loop
   vertex -0.34654265642166138 -1.639431855820392e-18 -0.026773953810334206
   vertex -0.31598669290542603 7.4861349870788085e-19 0.012225786224007607
   vertex -0.36702767014503479 1.1204692860574325e-18 0.018298652023077011
  endloop
 endfacet
 facet normal -1.1178192946533346e-25 -1 6.1232339713661262e-17
  outer loop
   vertex -0.36702767014503479 1.1204692860574325e-18 0.018298652023077011
   vertex -0.31598669290542603 7.4861349870788085e-19 0.012225786224007607
   vertex -0.33648061752319336 3.9668488522552259e-18 0.064783558249473572
  endloop
 endfacet
 facet normal 1.2858857343971491e-23 -1 6.1232324213225902e-17
  outer loop
   vertex -0.40938916802406311 1.1353575858256826e-17 0.18541796505451202
   vertex -0.36697140336036682 1.1863492174045752e-17 0.19374552369117737
   vertex -0.39122116565704346 1.3778751127434708e-17 0.22502408921718597
  endloop
 endfacet
 facet normal -2.174488498169964e-23 -1 6.1232333287874469e-17
  outer loop
   vertex -0.13393749296665192 2.019623007785791e-17 0.32982945442199707
   vertex -0.096811175346374512 2.1436008379952388e-17 0.3500765860080719
   vertex -0.13102637231349945 2.3212446574220244e-17 0.37908801436424255
  endloop
 endfacet
 facet normal 4.3423273197520416e-24 -1 6.1232317839979576e-17
  outer loop
   vertex -0.13102637231349945 2.3212446574220244e-17 0.37908801436424255
   vertex -0.12023506313562393 2.6307887120930457e-17 0.42964041233062744
   vertex -0.17474557459354401 2.5437946233792113e-17 0.41543319821357727
  endloop
 endfacet
 facet normal 2.2871049137622462e-24 -1 6.1232340202603944e-17
  outer loop
   vertex -0.44087451696395874 -1.3647277386514305e-17 -0.22287695109844208
   vertex -0.42118418216705322 -1.5886817609803649e-17 -0.25945141911506653
   vertex -0.40809673070907593 -1.3563350814384062e-17 -0.22150632739067078
  endloop
 endfacet
 facet normal 1.270508991320146e-23 -1 6.1232354991341037e-17
  outer loop
   vertex 0.10418993234634399 2.964472047707957e-17 0.48413500189781189
   vertex 0.066221281886100769 2.7444365453768088e-17 0.44820049405097961
   vertex 0.10922136902809143 2.6660810346721107e-17 0.43540406227111816
  endloop
 endfacet
 facet normal 4.6806726415959529e-26 -1 6.1232334471289099e-17
  outer loop
   vertex -0.31267088651657104 1.6013013938415964e-17 0.26151236891746521
   vertex -0.34259879589080811 1.3739910034591668e-17 0.22438976168632507
   vertex -0.30107748508453369 1.3570328910031559e-17 0.22162029147148132
  endloop
 endfacet
 facet normal 8.4564360252057516e-24 -1 6.123232932071864e-17
  outer loop
   vertex 0.1665758490562439 1.6228550736267681e-17 0.26503235101699829
   vertex 0.15307661890983582 1.3677839228606301e-17 0.22337606549263
   vertex 0.20194163918495178 1.4612794030349475e-17 0.2386450320482254
  endloop
 endfacet
 facet normal -7.3892910315122329e-24 -1 6.1232340919406325e-17
  outer loop
   vertex -0.22811698913574219 6.8008908128216377e-18 0.11106697469949722
   vertex -0.18552769720554352 7.8320132189899207e-18 0.12790648639202118
   vertex -0.21558555960655212 1.017583113902015e-17 0.16618393361568451
  endloop
 endfacet
 facet normal 2.5785936573822798e-24 -1 6.1232339669534873e-17
  outer loop
   vertex 0.033814281225204468 3.0338348230242542e-18 0.049546282738447189
   vertex 0.075693391263484955 3.0369677695942988e-18 0.049597445875406265
   vertex 0.058732535690069199 5.1900665848960859e-18 0.084760218858718872
  endloop
 endfacet
 facet normal 1.8881439649537233e-25 -1 6.1232329087472191e-17
  outer loop
   vertex -0.26543688774108887 1.2041278103101774e-17 0.19664900004863739
   vertex -0.27281701564788818 8.8416946900905228e-18 0.14439582824707031
   vertex -0.21558555960655212 1.017583113902015e-17 0.16618393361568451
  endloop
 endfacet
 facet normal 9.2346492399021422e-25 -1 6.12323388711792e-17
  outer loop
   vertex 0.058732535690069199 5.1900665848960859e-18 0.084760218858718872
   vertex 0.075693391263484955 3.0369677695942988e-18 0.049597445875406265
   vertex 0.11225578933954239 4.726469488277985e-18 0.07718910276889801
  endloop
 endfacet
 facet normal -2.0952307253182459e-24 -1 6.1232342871328682e-17
  outer loop
   vertex 0.075693391263484955 3.0369677695942988e-18 0.049597445875406265
   vertex 0.11046780645847321 1.5309919930322935e-18 0.025002997368574142
   vertex 0.11225578933954239 4.726469488277985e-18 0.07718910276889801
  endloop
 endfacet
 facet normal 3.4260101109930731e-24 -1 6.1232334418389677e-17
  outer loop
   vertex 0.027974503114819527 1.3519670714957587e-17 0.2207929790019989
   vertex 0.002741602249443531 1.0120825282646598e-17 0.1652856171131134
   vertex 0.056897733360528946 1.0234169706081677e-17 0.16713666915893555
  endloop
 endfacet
 facet normal 4.4710475009933328e-24 -1 6.1232356589917655e-17
  outer loop
   vertex 0.23344875872135162 -2.3206912735922265e-17 -0.37899765372276306
   vertex 0.18306469917297363 -2.1718267220373858e-17 -0.35468623042106628
   vertex 0.18821151554584503 -2.4873837180171775e-17 -0.40622058510780334
  endloop
 endfacet
 facet normal -3.129482645996838e-23 -1 6.1232329060907424e-17
  outer loop
   vertex -0.030146349221467972 1.2738003234068452e-17 0.20802737772464752
   vertex -0.015344258397817612 1.5313199287861401e-17 0.25008353590965271
   vertex -0.059900358319282532 1.5350404217452811e-17 0.25069111585617065
  endloop
 endfacet
 facet normal 2.0135540650530628e-23 -1 6.1232340719808739e-17
  outer loop
   vertex -0.059900358319282532 1.5350404217452811e-17 0.25069111585617065
   vertex -0.11132068186998367 1.5247107556918414e-17 0.24900417029857635
   vertex -0.082935430109500885 1.2510098431697841e-17 0.20430541038513184
  endloop
 endfacet
 facet normal -3.3282590465390065e-23 -1 6.1232296704421393e-17
  outer loop
   vertex 0.035926755517721176 -3.0229566948656612e-17 -0.49368631839752197
   vertex 0.096798770129680634 -2.9791776646379247e-17 -0.48653662204742432
   vertex 0.063081078231334686 -2.7803174896797665e-17 -0.45406028628349304
  endloop
 endfacet
 facet normal 1.7336725949235428e-24 -1 6.1232341960342013e-17
  outer loop
   vertex 0.063869670033454895 7.1300668205992322e-19 0.011644282378256321
   vertex 0.045419145375490189 -2.1346386255714411e-18 -0.034861292690038681
   vertex 0.10677814483642578 -1.7004997053130381e-18 -0.027771268039941788
  endloop
 endfacet
 facet normal -1.8461443313019134e-25 -1 6.1232340045196463e-17
  outer loop
   vertex -0.21033488214015961 -4.020180171951543e-20 -0.00065654522040858865
   vertex -0.18231132626533508 -3.0889318760603394e-18 -0.050446085631847382
   vertex -0.16595567762851715 -3.7913794942034467e-19 -0.0061917924322187901
  endloop
 endfacet
 facet normal 6.4511369044322698e-24 -1 6.1232333660737391e-17
  outer loop
   vertex 0.29843145608901978 -1.5410828106838585e-17 -0.25167793035507202
   vertex 0.25420591235160828 -1.4697168107191109e-17 -0.24002297222614288
   vertex 0.27455514669418335 -1.7966344706678285e-17 -0.29341268539428711
  endloop
 endfacet
 facet normal -1.3922765173339444e-23 -1 6.1232333054000963e-17
  outer loop
   vertex -0.29576733708381653 -1.6560564490534215e-17 -0.27045455574989319
   vertex -0.24244534969329834 -1.6756564936678655e-17 -0.2736554741859436
   vertex -0.26653164625167847 -1.3868075880242472e-17 -0.22648286819458008
  endloop
 endfacet
 facet normal -1.2682732586758809e-23 -1 6.1232333687160657e-17
  outer loop
   vertex -0.24244534969329834 -1.6756564936678655e-17 -0.2736554741859436
   vertex -0.21101225912570953 -1.4172199585795555e-17 -0.23144957423210144
   vertex -0.26653164625167847 -1.3868075880242472e-17 -0.22648286819458008
  endloop
 endfacet
 facet normal -4.2716655558652928e-25 -1 6.1232342412496068e-17
  outer loop
   vertex -0.090589143335819244 -3.5145109245448906e-18 -0.05739632248878479
   vertex -0.13362851738929749 -4.7142416908729199e-18 -0.076989412307739258
   vertex -0.09387023001909256 -6.330996803790477e-18 -0.10339302569627762
  endloop
 endfacet
 facet normal 1.1908692128169052e-23 -1 6.1232345548865341e-17
  outer loop
   vertex 0.42182374000549316 -8.2557439323957221e-18 -0.13482652604579926
   vertex 0.47276413440704346 -8.6878068361117701e-18 -0.14188265800476074
   vertex 0.43618851900100708 -5.334113057536989e-18 -0.087112680077552795
  endloop
 endfacet
 facet normal 1.9086147078328044e-23 -1 6.12323498186212e-17
  outer loop
   vertex -0.05059775710105896 -2.5045417600272425e-17 -0.40902271866798401
   vertex -0.10202427208423615 -2.6496940904290677e-17 -0.4327278733253479
   vertex -0.055116485804319382 -2.7672425766093858e-17 -0.45192500948905945
  endloop
 endfacet
 facet normal 8.601644223597499e-24 -1 6.1232339166581269e-17
  outer loop
   vertex 0.26283639669418335 -9.3370170583321762e-18 -0.15248505771160126
   vertex 0.23590993881225586 -1.1763558829881996e-17 -0.1921134889125824
   vertex 0.29408758878707886 -1.233244567872044e-17 -0.20140412449836731
  endloop
 endfacet
 facet normal -1.4027798837716018e-23 -1 6.1232331913594648e-17
  outer loop
   vertex 0.081784233450889587 -1.602668557958024e-17 -0.26173564791679382
   vertex 0.12920144200325012 -1.7341772059002771e-17 -0.28321263194084167
   vertex 0.12555517256259918 -1.4393477017098391e-17 -0.23506331443786621
  endloop
 endfacet
 facet normal 9.5602319964007498e-24 -1 6.1232331495788065e-17
  outer loop
   vertex 0.12555517256259918 -1.4393477017098391e-17 -0.23506331443786621
   vertex 0.16941094398498535 -1.5716878316038304e-17 -0.25667610764503479
   vertex 0.16281349956989288 -1.3283628936901292e-17 -0.21693812310695648
  endloop
 endfacet
 facet normal 3.0543666106192546e-24 -1 6.1232344869310888e-17
  outer loop
   vertex 0.16281349956989288 -1.3283628936901292e-17 -0.21693812310695648
   vertex 0.12957654893398285 -1.1186093290910764e-17 -0.18268276751041412
   vertex 0.12555517256259918 -1.4393477017098391e-17 -0.23506331443786621
  endloop
 endfacet
 facet normal -1.1227845180366559e-23 -1 6.1232349950345256e-17
  outer loop
   vertex -0.26653164625167847 -1.3868075880242472e-17 -0.22648286819458008
   vertex -0.21101225912570953 -1.4172199585795555e-17 -0.23144957423210144
   vertex -0.23397502303123474 -1.121017500008402e-17 -0.18307605385780334
  endloop
 endfacet
 facet normal 4.7771615949904781e-24 -1 6.1232357547873595e-17
  outer loop
   vertex -0.18088658154010773 -1.1539405291589314e-17 -0.18845279514789581
   vertex -0.23397502303123474 -1.121017500008402e-17 -0.18307605385780334
   vertex -0.21101225912570953 -1.4172199585795555e-17 -0.23144957423210144
  endloop
 endfacet
 facet normal 5.6963528667590807e-23 -1 6.1232308227567401e-17
  outer loop
   vertex 0.10418993234634399 2.964472047707957e-17 0.48413500189781189
   vertex 0.066020533442497253 3.0151282575484594e-17 0.49240782856941223
   vertex 0.066221281886100769 2.7444365453768088e-17 0.44820049405097961
  endloop
 endfacet
 facet normal 3.2923913269698005e-25 -1 6.1232357924305212e-17
  outer loop
   vertex 0.35239654779434204 -1.1526028953903719e-17 -0.18823434412479401
   vertex 0.29408758878707886 -1.233244567872044e-17 -0.20140412449836731
   vertex 0.33989405632019043 -1.4546579876675831e-17 -0.23756366968154907
  endloop
 endfacet
 facet normal 8.5707336671342593e-24 -1 6.1232332808165108e-17
  outer loop
   vertex 0.39026451110839844 -1.3767413789959056e-17 -0.22483892738819122
   vertex 0.33989405632019043 -1.4546579876675831e-17 -0.23756366968154907
   vertex 0.37471330165863037 -1.672981060694624e-17 -0.2732185423374176
  endloop
 endfacet
 facet normal 2.3162793307483535e-23 -1 6.1232371337633402e-17
  outer loop
   vertex -0.11521205306053162 2.9363442672864588e-17 0.47954142093658447
   vertex -0.071450360119342804 2.7029008289703161e-17 0.44141721725463867
   vertex -0.056348457932472229 3.0150465321039392e-17 0.49239444732666016
  endloop
 endfacet
 facet normal 9.7338310062842196e-24 -1 6.1232335499463582e-17
  outer loop
   vertex -0.16075414419174194 9.9051495184519722e-18 0.16176337003707886
   vertex -0.18552769720554352 7.8320132189899207e-18 0.12790648639202118
   vertex -0.14142608642578125 7.1196047436092381e-18 0.1162719652056694
  endloop
 endfacet
 facet normal 9.2938144058078118e-25 -1 6.123233880806822e-17
  outer loop
   vertex -0.041103359311819077 1.7407090582868174e-19 0.0028427937068045139
   vertex -0.022745564579963684 3.5077168765836863e-18 0.057285364717245102
   vertex -0.082254186272621155 2.3498302823125707e-18 0.038375642150640488
  endloop
 endfacet
 facet normal -5.0848728843852835e-24 -1 6.123232343618164e-17
  outer loop
   vertex -0.047868438065052032 2.1341847102103027e-17 0.34853881597518921
   vertex -0.03167850524187088 1.7935930929915935e-17 0.29291597008705139
   vertex 0.00384170887991786 2.0154027323005455e-17 0.32914024591445923
  endloop
 endfacet
 facet normal -4.9558797925805078e-24 -1 6.1232323309695683e-17
  outer loop
   vertex -0.03167850524187088 1.7935930929915935e-17 0.29291597008705139
   vertex 0.017611600458621979 1.7104501917736835e-17 0.27933770418167114
   vertex 0.00384170887991786 2.0154027323005455e-17 0.32914024591445923
  endloop
 endfacet
 facet normal -6.341440541950346e-24 -1 6.1232324237059732e-17
  outer loop
   vertex -0.13189733028411865 -2.1145456226709462e-17 -0.34533151984214783
   vertex -0.079788446426391602 -1.9978754368650369e-17 -0.32627782225608826
   vertex -0.12705649435520172 -1.7641287541363322e-17 -0.28810408711433411
  endloop
 endfacet
 facet normal -2.3800132696774537e-25 -1 6.1232334890322891e-17
  outer loop
   vertex 0.13107858598232269 7.8230010862161554e-18 0.12775930762290955
   vertex 0.1700606495141983 5.5520796984380808e-18 0.090672343969345093
   vertex 0.18021096289157867 8.6157784299124901e-18 0.14070634543895721
  endloop
 endfacet
 facet normal -1.4084126954909161e-24 -1 6.1232342567873884e-17
  outer loop
   vertex 0.38187700510025024 1.2199601299525037e-17 0.19923460483551025
   vertex 0.36613607406616211 9.067299103177623e-18 0.14808022975921631
   vertex 0.41622048616409302 1.0031480677504133e-17 0.16382651031017303
  endloop
 endfacet
 facet normal -8.0683565157664287e-24 -1 6.1232341932206932e-17
  outer loop
   vertex 0.1665758490562439 1.6228550736267681e-17 0.26503235101699829
   vertex 0.20466171205043793 1.812904617008379e-17 0.29606980085372925
   vertex 0.1515665203332901 1.8700508859349725e-17 0.3054024875164032
  endloop
 endfacet
 facet normal 2.243219707975097e-23 -1 6.1232356626738515e-17
  outer loop
   vertex 0.37139049172401428 -2.0376102156418791e-17 -0.33276700973510742
   vertex 0.32927578687667847 -1.7505538931037244e-17 -0.28588715195655823
   vertex 0.31663671135902405 -1.9994735498084893e-17 -0.3265388011932373
  endloop
 endfacet
 facet normal -1.3210735333363905e-23 -1 6.1232344562567995e-17
  outer loop
   vertex -0.19689641892910004 -2.7926418190623166e-17 -0.45607301592826843
   vertex -0.14146500825881958 -2.9060615159331375e-17 -0.47459584474563599
   vertex -0.15503221750259399 -2.6548571863765012e-17 -0.43357107043266296
  endloop
 endfacet
 facet normal -1.1374785667782566e-23 -1 6.1232337402510582e-17
  outer loop
   vertex 0.053819626569747925 -2.0647713527995478e-17 -0.3372027575969696
   vertex 0.046053878962993622 -2.3117727776638022e-17 -0.37754115462303162
   vertex 0.091421529650688171 -2.1933656780076541e-17 -0.35820379853248596
  endloop
 endfacet
 facet normal -1.7013511064501815e-23 -1 6.1232350631605755e-17
  outer loop
   vertex 0.088658668100833893 -2.5147713372265633e-17 -0.41069331765174866
   vertex 0.091421529650688171 -2.1933656780076541e-17 -0.35820379853248596
   vertex 0.046053878962993622 -2.3117727776638022e-17 -0.37754115462303162
  endloop
 endfacet
 facet normal 1.8061978381060541e-23 -1 6.1232343502757466e-17
  outer loop
   vertex 0.13807222247123718 -2.3381619898738364e-17 -0.38185083866119385
   vertex 0.088658668100833893 -2.5147713372265633e-17 -0.41069331765174866
   vertex 0.1424294114112854 -2.635013123481354e-17 -0.4303303062915802
  endloop
 endfacet
 facet normal 2.2883197137328329e-23 -1 6.1232356704400589e-17
  outer loop
   vertex 0.1424294114112854 -2.635013123481354e-17 -0.4303303062915802
   vertex 0.088658668100833893 -2.5147713372265633e-17 -0.41069331765174866
   vertex 0.10581132024526596 -2.76457872416472e-17 -0.45148995518684387
  endloop
 endfacet
 facet normal -4.3628982218183412e-25 -1 6.1232340845094432e-17
  outer loop
   vertex 0.28554180264472961 -3.2093267734465138e-18 -0.052412282675504684
   vertex 0.25454020500183105 6.2316233058050541e-20 0.0010177013464272022
   vertex 0.23387756943702698 -2.3586203170918655e-18 -0.038519192487001419
  endloop
 endfacet
 facet normal -6.6495583699697747e-26 -1 6.1232339820901466e-17
  outer loop
   vertex 0.32961142063140869 -5.992670007088938e-18 -0.097867727279663086
   vertex 0.34652382135391235 -2.9622590914151939e-18 -0.04837736114859581
   vertex 0.28554180264472961 -3.2093267734465138e-18 -0.052412282675504684
  endloop
 endfacet
 facet normal -1.3841292509253806e-25 -1 6.1232339751176713e-17
  outer loop
   vertex 0.32961142063140869 -5.992670007088938e-18 -0.097867727279663086
   vertex 0.28554180264472961 -3.2093267734465138e-18 -0.052412282675504684
   vertex 0.27849355340003967 -6.608402575558098e-18 -0.10792340338230133
  endloop
 endfacet
 facet normal 8.0505774740404445e-24 -1 6.1232348768015704e-17
  outer loop
   vertex 0.23965431749820709 1.2451977413137416e-17 0.20335622131824493
   vertex 0.1907200813293457 1.1583025006831072e-17 0.18916516005992889
   vertex 0.22860521078109741 9.5109855488612662e-18 0.15532618761062622
  endloop
 endfacet
 facet normal -1.7914546605061107e-24 -1 6.1232339646645975e-17
  outer loop
   vertex 0.18021096289157867 8.6157784299124901e-18 0.14070634543895721
   vertex 0.1907200813293457 1.1583025006831072e-17 0.18916516005992889
   vertex 0.14182725548744202 1.0724008694042716e-17 0.17513635754585266
  endloop
 endfacet
 facet normal 3.5965923707154559e-25 -1 6.1232343449732985e-17
  outer loop
   vertex -0.38165876269340515 6.4937499659842667e-18 0.10605098307132721
   vertex -0.39619174599647522 3.5383862521553149e-18 0.057786233723163605
   vertex -0.33648061752319336 3.9668488522552259e-18 0.064783558249473572
  endloop
 endfacet
 facet normal 8.7333730938959993e-25 -1 6.1232339066300827e-17
  outer loop
   vertex -0.33648061752319336 3.9668488522552259e-18 0.064783558249473572
   vertex -0.39619174599647522 3.5383862521553149e-18 0.057786233723163605
   vertex -0.36702767014503479 1.1204692860574325e-18 0.018298652023077011
  endloop
 endfacet
 facet normal 3.3471904045503291e-25 -1 6.1232339427183589e-17
  outer loop
   vertex 0.063869670033454895 7.1300668205992322e-19 0.011644282378256321
   vertex 0.033814281225204468 3.0338348230242542e-18 0.049546282738447189
   vertex 0.011460382491350174 4.9745122094563518e-19 0.008123994804918766
  endloop
 endfacet
 facet normal 6.9841358262763113e-25 -1 6.1232339230912654e-17
  outer loop
   vertex 0.033814281225204468 3.0338348230242542e-18 0.049546282738447189
   vertex -0.022745564579963684 3.5077168765836863e-18 0.057285364717245102
   vertex 0.011460382491350174 4.9745122094563518e-19 0.008123994804918766
  endloop
 endfacet
 facet normal 9.638873754113125e-24 -1 6.1232318232699765e-17
  outer loop
   vertex -0.46609139442443848 -1.0084161329175798e-17 -0.16468685865402222
   vertex -0.43528011441230774 -8.4880526443475646e-18 -0.13862042129039764
   vertex -0.47472003102302551 -8.5659829842174104e-18 -0.13989311456680298
  endloop
 endfacet
 facet normal 1.0047304907150241e-23 -1 6.1232337580980994e-17
  outer loop
   vertex 0.48650005459785461 6.5432252927822884e-18 0.10685897618532181
   vertex 0.44297078251838684 7.7927419922283531e-18 0.12726514041423798
   vertex 0.44672346115112305 4.9362110587581558e-18 0.080614447593688965
  endloop
 endfacet
 facet normal 1.3490526822830945e-24 -1 6.1232340059738732e-17
  outer loop
   vertex 0.40468400716781616 6.8129986690378827e-18 0.11126471310853958
   vertex 0.35257521271705627 5.4782099881952578e-18 0.08946596086025238
   vertex 0.40317690372467041 3.5819414473092946e-18 0.058497544378042221
  endloop
 endfacet
 facet normal -5.3976019973598263e-24 -1 6.1232337070133518e-17
  outer loop
   vertex 0.27627041935920715 1.0387487632618381e-17 0.16964054107666016
   vertex 0.32688653469085693 1.1664363330824637e-17 0.19049350917339325
   vertex 0.28285408020019531 1.2990731726621778e-17 0.21215474605560303
  endloop
 endfacet
 facet normal 2.1129713011830132e-24 -1 6.1232335907061848e-17
  outer loop
   vertex 0.27627041935920715 1.0387487632618381e-17 0.16964054107666016
   vertex 0.28285408020019531 1.2990731726621778e-17 0.21215474605560303
   vertex 0.23965431749820709 1.2451977413137416e-17 0.20335622131824493
  endloop
 endfacet
 facet normal 3.9399564324140979e-24 -1 6.1232334162579095e-17
  outer loop
   vertex 0.27739769220352173 2.8581013358631292e-18 0.046676337718963623
   vertex 0.32095351815223694 3.1999709471282328e-18 0.052259489893913269
   vertex 0.29779282212257385 5.3983734106037835e-18 0.088162131607532501
  endloop
 endfacet
 facet normal 1.2923077881907053e-23 -1 6.1232347647117537e-17
  outer loop
   vertex 0.22860521078109741 9.5109855488612662e-18 0.15532618761062622
   vertex 0.27627041935920715 1.0387487632618381e-17 0.16964054107666016
   vertex 0.23965431749820709 1.2451977413137416e-17 0.20335622131824493
  endloop
 endfacet
 facet normal -1.9744233280712731e-23 -1 6.1232360891602352e-17
  outer loop
   vertex -0.079788446426391602 -1.9978754368650369e-17 -0.32627782225608826
   vertex -0.13189733028411865 -2.1145456226709462e-17 -0.34533151984214783
   vertex -0.090871289372444153 -2.3157660747889632e-17 -0.37819328904151917
  endloop
 endfacet
 facet normal 7.6392742267273715e-25 -1 6.1232363359699251e-17
  outer loop
   vertex -0.025328183546662331 -1.8990045234800436e-17 -0.31013098359107971
   vertex -0.079788446426391602 -1.9978754368650369e-17 -0.32627782225608826
   vertex -0.03952319547533989 -2.2064304994745616e-17 -0.36033743619918823
  endloop
 endfacet
 facet normal -4.1413239921117583e-24 -1 6.1232357560714586e-17
  outer loop
   vertex -0.079788446426391602 -1.9978754368650369e-17 -0.32627782225608826
   vertex -0.090871289372444153 -2.3157660747889632e-17 -0.37819328904151917
   vertex -0.03952319547533989 -2.2064304994745616e-17 -0.36033743619918823
  endloop
 endfacet
 facet normal -1.4106708089043494e-23 -1 6.123233093865176e-17
  outer loop
   vertex -0.19286595284938812 -2.5093978065312963e-17 -0.40981575846672058
   vertex -0.18249581754207611 -2.2212964240072421e-17 -0.36276522278785706
   vertex -0.23524054884910583 -2.326760628618773e-17 -0.37998884916305542
  endloop
 endfacet
 facet normal 5.1113033215341621e-24 -1 6.1232348334877992e-17
  outer loop
   vertex -0.10743259638547897 -9.0031653087445491e-18 -0.14703284204006195
   vertex -0.09387023001909256 -6.330996803790477e-18 -0.10339302569627762
   vertex -0.13191811740398407 -7.0974015616070898e-18 -0.11590936034917831
  endloop
 endfacet
 facet normal -1.9287987918875552e-23 -1 6.1232322884290976e-17
  outer loop
   vertex -0.13102637231349945 2.3212446574220244e-17 0.37908801436424255
   vertex -0.083610273897647858 2.4003906219200782e-17 0.3920135498046875
   vertex -0.12023506313562393 2.6307887120930457e-17 0.42964041233062744
  endloop
 endfacet
 facet normal 3.2245197401114519e-23 -1 6.1232330200347273e-17
  outer loop
   vertex -0.083610273897647858 2.4003906219200782e-17 0.3920135498046875
   vertex -0.034322474151849747 2.4696327529440346e-17 0.40332162380218506
   vertex -0.071450360119342804 2.7029008289703161e-17 0.44141721725463867
  endloop
 endfacet
 facet normal -5.1590722136707731e-25 -1 6.123233750836583e-17
  outer loop
   vertex 0.44920629262924194 1.7929892511444298e-18 0.0292817372828722
   vertex 0.45230624079704285 -1.7724838573495465e-18 -0.028946859762072563
   vertex 0.49427789449691772 4.9817738212588017e-19 0.0081358542665839195
  endloop
 endfacet
 facet normal -1.5793382291969568e-24 -1 6.1232339062037231e-17
  outer loop
   vertex 0.49493750929832458 -2.0968062794854096e-18 -0.034243445843458176
   vertex 0.45230624079704285 -1.7724838573495465e-18 -0.028946859762072563
   vertex 0.48808053135871887 -5.0634421903167747e-18 -0.082692287862300873
  endloop
 endfacet
 facet normal -1.3408751894202485e-24 -1 6.123234118984314e-17
  outer loop
   vertex 0.15746176242828369 -2.0990584854982383e-18 -0.03428022563457489
   vertex 0.10677814483642578 -1.7004997053130381e-18 -0.027771268039941788
   vertex 0.14444929361343384 -4.9823991698018918e-18 -0.08136875182390213
  endloop
 endfacet
 facet normal 5.5717090760584489e-26 -1 6.1232341600374305e-17
  outer loop
   vertex 0.15746176242828369 -2.0990584854982383e-18 -0.03428022563457489
   vertex 0.19495487213134766 -3.2491419231596232e-19 -0.0053062513470649719
   vertex 0.14572443068027496 -2.8599834302506288e-20 -0.00046707072760909796
  endloop
 endfacet
 facet normal -9.4409152594621364e-26 -1 6.1232340073094849e-17
  outer loop
   vertex 0.19495487213134766 -3.2491419231596232e-19 -0.0053062513470649719
   vertex 0.15870626270771027 2.4374307771334677e-18 0.039806265383958817
   vertex 0.14572443068027496 -2.8599834302506288e-20 -0.00046707072760909796
  endloop
 endfacet
 facet normal 7.6521948237666287e-24 -1 6.1232339822091167e-17
  outer loop
   vertex -0.37140351533889771 9.4860940298683205e-18 0.15491966903209686
   vertex -0.42259663343429565 8.6950033074409814e-18 0.14200018346309662
   vertex -0.38165876269340515 6.4937499659842667e-18 0.10605098307132721
  endloop
 endfacet
 facet normal -7.7847695332422466e-24 -1 6.1232334533494886e-17
  outer loop
   vertex -0.32725724577903748 7.5483440356240481e-18 0.1232738196849823
   vertex -0.38165876269340515 6.4937499659842667e-18 0.10605098307132721
   vertex -0.33648061752319336 3.9668488522552259e-18 0.064783558249473572
  endloop
 endfacet
 facet normal 1.1145864596798216e-23 -1 6.1232331759040539e-17
  outer loop
   vertex 0.16941094398498535 -1.5716878316038304e-17 -0.25667610764503479
   vertex 0.20424841344356537 -1.3915249163395758e-17 -0.2272532731294632
   vertex 0.16281349956989288 -1.3283628936901292e-17 -0.21693812310695648
  endloop
 endfacet
 facet normal -2.1326724961900318e-24 -1 6.1232339984133637e-17
  outer loop
   vertex -0.39619174599647522 3.5383862521553149e-18 0.057786233723163605
   vertex -0.44546428322792053 2.6992295118985914e-18 0.044081762433052063
   vertex -0.4099593460559845 1.2015196478002518e-18 0.019622305408120155
  endloop
 endfacet
 facet normal 7.2180411279595191e-25 -1 6.1232338954383984e-17
  outer loop
   vertex -0.36702767014503479 1.1204692860574325e-18 0.018298652023077011
   vertex -0.39619174599647522 3.5383862521553149e-18 0.057786233723163605
   vertex -0.4099593460559845 1.2015196478002518e-18 0.019622305408120155
  endloop
 endfacet
 facet normal 7.4954507857722144e-25 -1 6.1232339854140798e-17
  outer loop
   vertex -0.36702767014503479 1.1204692860574325e-18 0.018298652023077011
   vertex -0.4099593460559845 1.2015196478002518e-18 0.019622305408120155
   vertex -0.3958209753036499 -1.1180390294177517e-18 -0.018258962780237198
  endloop
 endfacet
 facet normal 5.7766817004902975e-26 -1 6.123234039899534e-17
  outer loop
   vertex -0.36702767014503479 1.1204692860574325e-18 0.018298652023077011
   vertex -0.3958209753036499 -1.1180390294177517e-18 -0.018258962780237198
   vertex -0.34654265642166138 -1.639431855820392e-18 -0.026773953810334206
  endloop
 endfacet
 facet normal 1.146628114483714e-23 -1 6.1232330156771447e-17
  outer loop
   vertex -0.38097691535949707 -1.4970324652152045e-17 -0.24448396265506744
   vertex -0.37811261415481567 -1.2101334724295575e-17 -0.19762979447841644
   vertex -0.40809673070907593 -1.3563350814384062e-17 -0.22150632739067078
  endloop
 endfacet
 facet normal -2.3225813131270628e-24 -1 6.1232335984846171e-17
  outer loop
   vertex -0.44546428322792053 2.6992295118985914e-18 0.044081762433052063
   vertex -0.43572834134101868 5.7437808733487763e-18 0.093803063035011292
   vertex -0.49167382717132568 4.8824972585014124e-18 0.079737231135368347
  endloop
 endfacet
 facet normal 2.0553391267259763e-23 -1 6.1232352058629248e-17
  outer loop
   vertex 0.1424294114112854 -2.635013123481354e-17 -0.4303303062915802
   vertex 0.13784158229827881 -2.9152978146529046e-17 -0.4761042594909668
   vertex 0.19570589065551758 -2.7930610341967584e-17 -0.45614150166511536
  endloop
 endfacet
 facet normal 1.3911726115063448e-23 -1 6.1232335956195298e-17
  outer loop
   vertex 0.096798770129680634 -2.9791776646379247e-17 -0.48653662204742432
   vertex 0.13784158229827881 -2.9152978146529046e-17 -0.4761042594909668
   vertex 0.10581132024526596 -2.76457872416472e-17 -0.45148995518684387
  endloop
 endfacet
 facet normal 6.861096284478908e-25 -1 6.1232326441435747e-17
  outer loop
   vertex 0.1515665203332901 1.8700508859349725e-17 0.3054024875164032
   vertex 0.10256213694810867 1.9067098763220975e-17 0.31138935685157776
   vertex 0.12293215095996857 1.613119488689264e-17 0.26344239711761475
  endloop
 endfacet
 facet normal 1.0241113456770435e-23 -1 6.1232328124290011e-17
  outer loop
   vertex 0.10256213694810867 1.9067098763220975e-17 0.31138935685157776
   vertex 0.052399728447198868 1.9473886336139853e-17 0.31803271174430847
   vertex 0.069629460573196411 1.6344718327133403e-17 0.2669295072555542
  endloop
 endfacet
 facet normal -4.9878378055680534e-25 -1 6.1232326969221903e-17
  outer loop
   vertex -0.047589946538209915 -1.3778060431623226e-17 -0.22501280903816223
   vertex -0.0040579172782599926 -1.3269050705785658e-17 -0.21670004725456238
   vertex -0.026717217639088631 -1.1027629473783368e-17 -0.18009485304355621
  endloop
 endfacet
 facet normal -1.7506703570688514e-24 -1 6.1232342439169267e-17
  outer loop
   vertex -0.13179631531238556 3.9915877564251556e-18 0.065187573432922363
   vertex -0.079648904502391815 6.1894517253219342e-18 0.10108141601085663
   vertex -0.14142608642578125 7.1196047436092381e-18 0.1162719652056694
  endloop
 endfacet
 facet normal 3.0282873115373344e-24 -1 6.1232336232211319e-17
  outer loop
   vertex -0.079648904502391815 6.1894517253219342e-18 0.10108141601085663
   vertex -0.052764575928449631 9.6977116459777616e-18 0.15837565064430237
   vertex -0.10870645940303802 9.6375830600706695e-18 0.157393679022789
  endloop
 endfacet
 facet normal 6.6376989592913234e-24 -1 6.1232343548567889e-17
  outer loop
   vertex -0.079788446426391602 -1.9978754368650369e-17 -0.32627782225608826
   vertex -0.025328183546662331 -1.8990045234800436e-17 -0.31013098359107971
   vertex -0.065188966691493988 -1.6774681846454792e-17 -0.27395135164260864
  endloop
 endfacet
 facet normal 3.2600906768495248e-24 -1 6.1232339613220989e-17
  outer loop
   vertex -0.26369065046310425 3.4590741587709875e-19 0.0056490967981517315
   vertex -0.23240679502487183 3.2575493352068239e-18 0.05319981649518013
   vertex -0.28594139218330383 2.7758233346937046e-18 0.045332636684179306
  endloop
 endfacet
 facet normal -1.8550665910254231e-24 -1 6.1232339033899869e-17
  outer loop
   vertex -0.31598669290542603 7.4861349870788085e-19 0.012225786224007607
   vertex -0.28594139218330383 2.7758233346937046e-18 0.045332636684179306
   vertex -0.33648061752319336 3.9668488522552259e-18 0.064783558249473572
  endloop
 endfacet
 facet normal 7.0807088555700147e-24 -1 6.1232352112358959e-17
  outer loop
   vertex 0.23965431749820709 1.2451977413137416e-17 0.20335622131824493
   vertex 0.20194163918495178 1.4612794030349475e-17 0.2386450320482254
   vertex 0.1907200813293457 1.1583025006831072e-17 0.18916516005992889
  endloop
 endfacet
 facet normal -1.7095530969553841e-23 -1 6.1232338575967876e-17
  outer loop
   vertex 0.1665758490562439 1.6228550736267681e-17 0.26503235101699829
   vertex 0.1515665203332901 1.8700508859349725e-17 0.3054024875164032
   vertex 0.12293215095996857 1.613119488689264e-17 0.26344239711761475
  endloop
 endfacet
 facet normal -4.1708367434673107e-24 -1 6.1232347939207906e-17
  outer loop
   vertex 0.1907200813293457 1.1583025006831072e-17 0.18916516005992889
   vertex 0.15307661890983582 1.3677839228606301e-17 0.22337606549263
   vertex 0.14182725548744202 1.0724008694042716e-17 0.17513635754585266
  endloop
 endfacet
 facet normal 2.7150952145290355e-23 -1 6.1232352236940409e-17
  outer loop
   vertex -0.13189733028411865 -2.1145456226709462e-17 -0.34533151984214783
   vertex -0.17033970355987549 -1.9626878353515211e-17 -0.32053124904632568
   vertex -0.18249581754207611 -2.2212964240072421e-17 -0.36276522278785706
  endloop
 endfacet
 facet normal -8.4444122991925694e-24 -1 6.1232328478149064e-17
  outer loop
   vertex -0.17033970355987549 -1.9626878353515211e-17 -0.32053124904632568
   vertex -0.18807648122310638 -1.7110596584490126e-17 -0.27943724393844604
   vertex -0.22381950914859772 -1.9891218807507557e-17 -0.32484826445579529
  endloop
 endfacet
 facet normal -2.9344087027840532e-24 -1 6.1232332440936761e-17
  outer loop
   vertex 0.10853415727615356 -7.9252464001919975e-18 -0.12942910194396973
   vertex 0.14444929361343384 -4.9823991698018918e-18 -0.08136875182390213
   vertex 0.079813756048679352 -4.9419777483985693e-18 -0.080708622932434082
  endloop
 endfacet
 facet normal -9.9856443082407492e-25 -1 6.1232335404932074e-17
  outer loop
   vertex 0.046053878962993622 -2.3117727776638022e-17 -0.37754115462303162
   vertex 0.053819626569747925 -2.0647713527995478e-17 -0.3372027575969696
   vertex 0.011040182784199715 -2.1145328840895129e-17 -0.34532943367958069
  endloop
 endfacet
 facet normal 1.0388003544796765e-25 -1 6.1232329601580165e-17
  outer loop
   vertex 0.011040182784199715 -2.1145328840895129e-17 -0.34532943367958069
   vertex 0.053819626569747925 -2.0647713527995478e-17 -0.3372027575969696
   vertex 0.033091586083173752 -1.8035551599808147e-17 -0.29454290866851807
  endloop
 endfacet
 facet normal 1.2055967304725942e-23 -1 6.1232342693693575e-17
  outer loop
   vertex 0.081784233450889587 -1.602668557958024e-17 -0.26173564791679382
   vertex 0.033091586083173752 -1.8035551599808147e-17 -0.29454290866851807
   vertex 0.087289460003376007 -1.9040294802651807e-17 -0.31095162034034729
  endloop
 endfacet
 facet normal -7.1798104018295425e-24 -1 6.1232357583055657e-17
  outer loop
   vertex 0.31204900145530701 2.3614299187604631e-17 0.38565078377723694
   vertex 0.27071624994277954 2.562095001815212e-17 0.41842186450958252
   vertex 0.26465708017349243 2.2603204892017788e-17 0.36913836002349854
  endloop
 endfacet
 facet normal 2.3277241628928342e-24 -1 6.1232354449692943e-17
  outer loop
   vertex -0.46094775199890137 1.0951098723509962e-17 0.17884501814842224
   vertex -0.40938916802406311 1.1353575858256826e-17 0.18541796505451202
   vertex -0.44349351525306702 1.3374900872871006e-17 0.21842870116233826
  endloop
 endfacet
 facet normal -1.6053044846550883e-23 -1 6.1232347564028038e-17
  outer loop
   vertex -0.44349351525306702 1.3374900872871006e-17 0.21842870116233826
   vertex -0.39122116565704346 1.3778751127434708e-17 0.22502408921718597
   vertex -0.4214898943901062 1.6104246996896887e-17 0.26300230622291565
  endloop
 endfacet
 facet normal -7.7710512321049472e-25 -1 6.1232332152716347e-17
  outer loop
   vertex 0.027974503114819527 1.3519670714957587e-17 0.2207929790019989
   vertex 0.056897733360528946 1.0234169706081677e-17 0.16713666915893555
   vertex 0.095958814024925232 1.29048852682898e-17 0.21075277030467987
  endloop
 endfacet
 facet normal -8.5101668779137805e-25 -1 6.1232346726770332e-17
  outer loop
   vertex 0.10128350555896759 9.8331227666139173e-18 0.16058708727359772
   vertex 0.14182725548744202 1.0724008694042716e-17 0.17513635754585266
   vertex 0.095958814024925232 1.29048852682898e-17 0.21075277030467987
  endloop
 endfacet
 facet normal 2.9388664083080729e-26 -1 6.1232340208202194e-17
  outer loop
   vertex -0.29504159092903137 -2.1253194019952656e-18 -0.034709099680185318
   vertex -0.26369065046310425 3.4590741587709875e-19 0.0056490967981517315
   vertex -0.31598669290542603 7.4861349870788085e-19 0.012225786224007607
  endloop
 endfacet
 facet normal 2.3555548944548511e-24 -1 6.1232357410736548e-17
  outer loop
   vertex 0.33989405632019043 -1.4546579876675831e-17 -0.23756366968154907
   vertex 0.39026451110839844 -1.3767413789959056e-17 -0.22483892738819122
   vertex 0.35239654779434204 -1.1526028953903719e-17 -0.18823434412479401
  endloop
 endfacet
 facet normal 4.3010803294570396e-24 -1 6.123233116459232e-17
  outer loop
   vertex 0.18306469917297363 -2.1718267220373858e-17 -0.35468623042106628
   vertex 0.17685696482658386 -1.8631738717583291e-17 -0.3042793869972229
   vertex 0.13433946669101715 -2.0327867600539599e-17 -0.33197927474975586
  endloop
 endfacet
 facet normal -2.0902030941404336e-23 -1 6.1232359138973821e-17
  outer loop
   vertex -0.056348457932472229 3.0150465321039392e-17 0.49239444732666016
   vertex -0.018810063600540161 2.7651837240647413e-17 0.45158877968788147
   vertex 0.0020781690254807472 3.0442787640793181e-17 0.49716845154762268
  endloop
 endfacet
 facet normal 2.1099926754773878e-24 -1 6.1232317513776285e-17
  outer loop
   vertex 0.027114946395158768 2.82131950915504e-17 0.46075645089149475
   vertex -0.018810063600540161 2.7651837240647413e-17 0.45158877968788147
   vertex 0.020523849874734879 2.5392714343536489e-17 0.41469448804855347
  endloop
 endfacet
 facet normal 7.6224829281179816e-26 -1 6.1232315345526267e-17
  outer loop
   vertex 0.020523849874734879 2.5392714343536489e-17 0.41469448804855347
   vertex -0.018810063600540161 2.7651837240647413e-17 0.45158877968788147
   vertex -0.034322474151849747 2.4696327529440346e-17 0.40332162380218506
  endloop
 endfacet
 facet normal -3.1679541185165361e-24 -1 6.1232338798171517e-17
  outer loop
   vertex 0.15870626270771027 2.4374307771334677e-18 0.039806265383958817
   vertex 0.1700606495141983 5.5520796984380808e-18 0.090672343969345093
   vertex 0.11225578933954239 4.726469488277985e-18 0.07718910276889801
  endloop
 endfacet
 facet normal -1.8590041167296114e-24 -1 6.1232333186488784e-17
  outer loop
   vertex 0.11225578933954239 4.726469488277985e-18 0.07718910276889801
   vertex 0.1700606495141983 5.5520796984380808e-18 0.090672343969345093
   vertex 0.13107858598232269 7.8230010862161554e-18 0.12775930762290955
  endloop
 endfacet
 facet normal -6.0600955893041689e-24 -1 6.1232375509683637e-17
  outer loop
   vertex -0.088016584515571594 1.8430723902565555e-17 0.3009965717792511
   vertex -0.13393749296665192 2.019623007785791e-17 0.32982945442199707
   vertex -0.13522551953792572 1.7551242314242024e-17 0.28663355112075806
  endloop
 endfacet
 facet normal 2.301436334528989e-24 -1 6.1232317236362464e-17
  outer loop
   vertex 0.027974503114819527 1.3519670714957587e-17 0.2207929790019989
   vertex -0.015344258397817612 1.5313199287861401e-17 0.25008353590965271
   vertex -0.030146349221467972 1.2738003234068452e-17 0.20802737772464752
  endloop
 endfacet
 facet normal -2.0157362037469766e-24 -1 6.1232336892134426e-17
  outer loop
   vertex 0.002741602249443531 1.0120825282646598e-17 0.1652856171131134
   vertex 0.027974503114819527 1.3519670714957587e-17 0.2207929790019989
   vertex -0.030146349221467972 1.2738003234068452e-17 0.20802737772464752
  endloop
 endfacet
 facet normal 1.9326801649200106e-23 -1 6.1232329018534968e-17
  outer loop
   vertex -0.059900358319282532 1.5350404217452811e-17 0.25069111585617065
   vertex -0.03167850524187088 1.7935930929915935e-17 0.29291597008705139
   vertex -0.088016584515571594 1.8430723902565555e-17 0.3009965717792511
  endloop
 endfacet
 facet normal 3.801511752835663e-24 -1 6.123234136825721e-17
  outer loop
   vertex 0.002741602249443531 1.0120825282646598e-17 0.1652856171131134
   vertex -0.030146349221467972 1.2738003234068452e-17 0.20802737772464752
   vertex -0.052764575928449631 9.6977116459777616e-18 0.15837565064430237
  endloop
 endfacet
 facet normal 2.8826096667227285e-24 -1 6.1232344531312488e-17
  outer loop
   vertex -0.052764575928449631 9.6977116459777616e-18 0.15837565064430237
   vertex -0.082935430109500885 1.2510098431697841e-17 0.20430541038513184
   vertex -0.10870645940303802 9.6375830600706695e-18 0.157393679022789
  endloop
 endfacet
 facet normal -2.7192146919487399e-24 -1 6.1232329742240918e-17
  outer loop
   vertex 0.00384170887991786 2.0154027323005455e-17 0.32914024591445923
   vertex -0.0041712974198162556 2.2782142256486484e-17 0.372060626745224
   vertex -0.047868438065052032 2.1341847102103027e-17 0.34853881597518921
  endloop
 endfacet
 facet normal -8.4692352260168928e-25 -1 6.1232326280992778e-17
  outer loop
   vertex -0.096811175346374512 2.1436008379952388e-17 0.3500765860080719
   vertex -0.047868438065052032 2.1341847102103027e-17 0.34853881597518921
   vertex -0.083610273897647858 2.4003906219200782e-17 0.3920135498046875
  endloop
 endfacet
 facet normal -1.8715573975698998e-25 -1 6.1232347279477959e-17
  outer loop
   vertex -0.047868438065052032 2.1341847102103027e-17 0.34853881597518921
   vertex -0.096811175346374512 2.1436008379952388e-17 0.3500765860080719
   vertex -0.088016584515571594 1.8430723902565555e-17 0.3009965717792511
  endloop
 endfacet
 facet normal -1.3991949999471246e-25 -1 6.1232350788571844e-17
  outer loop
   vertex -0.082935430109500885 1.2510098431697841e-17 0.20430541038513184
   vertex -0.030146349221467972 1.2738003234068452e-17 0.20802737772464752
   vertex -0.059900358319282532 1.5350404217452811e-17 0.25069111585617065
  endloop
 endfacet
 facet normal -9.7535744576280706e-24 -1 6.1232342533253885e-17
  outer loop
   vertex -0.13496306538581848 1.2457001708178063e-17 0.20343828201293945
   vertex -0.11132068186998367 1.5247107556918414e-17 0.24900417029857635
   vertex -0.16778272390365601 1.523690345688196e-17 0.24883751571178436
  endloop
 endfacet
 facet normal 2.0497949762400567e-23 -1 6.123232967310145e-17
  outer loop
   vertex -0.059900358319282532 1.5350404217452811e-17 0.25069111585617065
   vertex -0.088016584515571594 1.8430723902565555e-17 0.3009965717792511
   vertex -0.11132068186998367 1.5247107556918414e-17 0.24900417029857635
  endloop
 endfacet
 facet normal -9.705686699341816e-24 -1 6.1232326309034244e-17
  outer loop
   vertex -0.11132068186998367 1.5247107556918414e-17 0.24900417029857635
   vertex -0.13522551953792572 1.7551242314242024e-17 0.28663355112075806
   vertex -0.16778272390365601 1.523690345688196e-17 0.24883751571178436
  endloop
 endfacet
 facet normal -2.3609319409577585e-23 -1 6.1232366757074592e-17
  outer loop
   vertex 0.088658668100833893 -2.5147713372265633e-17 -0.41069331765174866
   vertex 0.033229116350412369 -2.5844302018431238e-17 -0.4220694899559021
   vertex 0.063081078231334686 -2.7803174896797665e-17 -0.45406028628349304
  endloop
 endfacet
 facet normal 1.6303523370569521e-23 -1 6.1232336945047727e-17
  outer loop
   vertex 0.046053878962993622 -2.3117727776638022e-17 -0.37754115462303162
   vertex -0.0022738783154636621 -2.4009828832386662e-17 -0.39211025834083557
   vertex 0.033229116350412369 -2.5844302018431238e-17 -0.4220694899559021
  endloop
 endfacet
 facet normal -1.5143321988332176e-23 -1 6.1232338739471095e-17
  outer loop
   vertex -0.0022738783154636621 -2.4009828832386662e-17 -0.39211025834083557
   vertex -0.05059775710105896 -2.5045417600272425e-17 -0.40902271866798401
   vertex -0.014359768480062485 -2.6821094788376732e-17 -0.43802171945571899
  endloop
 endfacet
 facet normal 9.4212475805166296e-24 -1 6.1232338815714735e-17
  outer loop
   vertex 0.033229116350412369 -2.5844302018431238e-17 -0.4220694899559021
   vertex -0.014359768480062485 -2.6821094788376732e-17 -0.43802171945571899
   vertex 0.017721477895975113 -2.8172451483298488e-17 -0.46009105443954468
  endloop
 endfacet
 facet normal -1.3508566692044612e-24 -1 6.1232341112119867e-17
  outer loop
   vertex 0.10677814483642578 -1.7004997053130381e-18 -0.027771268039941788
   vertex 0.15746176242828369 -2.0990584854982383e-18 -0.03428022563457489
   vertex 0.14572443068027496 -2.8599834302506288e-20 -0.00046707072760909796
  endloop
 endfacet
 facet normal 9.9479469059886887e-25 -1 6.12323397219975e-17
  outer loop
   vertex 0.11046780645847321 1.5309919930322935e-18 0.025002997368574142
   vertex 0.14572443068027496 -2.8599834302506288e-20 -0.00046707072760909796
   vertex 0.15870626270771027 2.4374307771334677e-18 0.039806265383958817
  endloop
 endfacet
 facet normal 5.0902382996883844e-26 -1 6.1232342797798587e-17
  outer loop
   vertex 0.11046780645847321 1.5309919930322935e-18 0.025002997368574142
   vertex 0.15870626270771027 2.4374307771334677e-18 0.039806265383958817
   vertex 0.11225578933954239 4.726469488277985e-18 0.07718910276889801
  endloop
 endfacet
 facet normal 1.9335050108582858e-23 -1 6.1232343312600943e-17
  outer loop
   vertex 0.21842654049396515 2.1574346065595756e-17 0.35233581066131592
   vertex 0.20466171205043793 1.812904617008379e-17 0.29606980085372925
   vertex 0.25915268063545227 1.9387679227060802e-17 0.31662482023239136
  endloop
 endfacet
 facet normal -1.6985942813351703e-23 -1 6.1232317822134889e-17
  outer loop
   vertex 0.26465708017349243 2.2603204892017788e-17 0.36913836002349854
   vertex 0.25915268063545227 1.9387679227060802e-17 0.31662482023239136
   vertex 0.30478143692016602 2.064251056194252e-17 0.33711779117584229
  endloop
 endfacet
 facet normal 5.4704855376458362e-24 -1 6.1232325318777471e-17
  outer loop
   vertex 0.20466171205043793 1.812904617008379e-17 0.29606980085372925
   vertex 0.1665758490562439 1.6228550736267681e-17 0.26503235101699829
   vertex 0.20194163918495178 1.4612794030349475e-17 0.2386450320482254
  endloop
 endfacet
 facet normal -1.7157562395284045e-24 -1 6.1232342269771224e-17
  outer loop
   vertex 0.41622048616409302 1.0031480677504133e-17 0.16382651031017303
   vertex 0.44083929061889648 1.3685885214424605e-17 0.22350746393203735
   vertex 0.38187700510025024 1.2199601299525037e-17 0.19923460483551025
  endloop
 endfacet
 facet normal -9.6690106621701936e-24 -1 6.1232347190408414e-17
  outer loop
   vertex -0.39008519053459167 -9.1692044459217058e-18 -0.14974446594715118
   vertex -0.40731588006019592 -6.2388894154020848e-18 -0.10188879817724228
   vertex -0.43528011441230774 -8.4880526443475646e-18 -0.13862042129039764
  endloop
 endfacet
 facet normal 3.2948412023593051e-24 -1 6.1232339359431839e-17
  outer loop
   vertex -0.40731588006019592 -6.2388894154020848e-18 -0.10188879817724228
   vertex -0.42854920029640198 -3.2171492137042746e-18 -0.052540034055709839
   vertex -0.45390328764915466 -5.6671198421288931e-18 -0.092551089823246002
  endloop
 endfacet
 facet normal 8.9359946539794963e-24 -1 6.1232340014454726e-17
  outer loop
   vertex -0.43528011441230774 -8.4880526443475646e-18 -0.13862042129039764
   vertex -0.45390328764915466 -5.6671198421288931e-18 -0.092551089823246002
   vertex -0.47472003102302551 -8.5659829842174104e-18 -0.13989311456680298
  endloop
 endfacet
 facet normal -2.7931626643853856e-24 -1 6.1232345171877959e-17
  outer loop
   vertex -0.47472003102302551 -8.5659829842174104e-18 -0.13989311456680298
   vertex -0.45390328764915466 -5.6671198421288931e-18 -0.092551089823246002
   vertex -0.48553282022476196 -5.3948839491897285e-18 -0.088105142116546631
  endloop
 endfacet
 facet normal -4.2728167995980819e-24 -1 6.1232332636184137e-17
  outer loop
   vertex 0.32927578687667847 -1.7505538931037244e-17 -0.28588715195655823
   vertex 0.37139049172401428 -2.0376102156418791e-17 -0.33276700973510742
   vertex 0.37471330165863037 -1.672981060694624e-17 -0.2732185423374176
  endloop
 endfacet
 facet normal -6.0347524903587498e-24 -1 6.1232355540687033e-17
  outer loop
   vertex 0.18821151554584503 -2.4873837180171775e-17 -0.40622058510780334
   vertex 0.18306469917297363 -2.1718267220373858e-17 -0.35468623042106628
   vertex 0.13807222247123718 -2.3381619898738364e-17 -0.38185083866119385
  endloop
 endfacet
 facet normal 6.2097411725007813e-24 -1 6.1232335260251139e-17
  outer loop
   vertex 0.18306469917297363 -2.1718267220373858e-17 -0.35468623042106628
   vertex 0.13433946669101715 -2.0327867600539599e-17 -0.33197927474975586
   vertex 0.13807222247123718 -2.3381619898738364e-17 -0.38185083866119385
  endloop
 endfacet
 facet normal 9.4114334999044482e-24 -1 6.1232375048349595e-17
  outer loop
   vertex -0.13522551953792572 1.7551242314242024e-17 0.28663355112075806
   vertex -0.13393749296665192 2.019623007785791e-17 0.32982945442199707
   vertex -0.17617814242839813 1.8670571538620205e-17 0.30491358041763306
  endloop
 endfacet
 facet normal 8.087865752502098e-24 -1 6.123233152479538e-17
  outer loop
   vertex -0.13393749296665192 2.019623007785791e-17 0.32982945442199707
   vertex -0.13102637231349945 2.3212446574220244e-17 0.37908801436424255
   vertex -0.17745260894298553 2.1882182984918591e-17 0.35736316442489624
  endloop
 endfacet
 facet normal 1.083625737309062e-23 -1 6.1232325651453106e-17
  outer loop
   vertex -0.13102637231349945 2.3212446574220244e-17 0.37908801436424255
   vertex -0.17474557459354401 2.5437946233792113e-17 0.41543319821357727
   vertex -0.17745260894298553 2.1882182984918591e-17 0.35736316442489624
  endloop
 endfacet
 facet normal -2.7469631025080522e-24 -1 6.1232353003080654e-17
  outer loop
   vertex -0.17617814242839813 1.8670571538620205e-17 0.30491358041763306
   vertex -0.17745260894298553 2.1882182984918591e-17 0.35736316442489624
   vertex -0.22360602021217346 2.0266920933006692e-17 0.33098393678665161
  endloop
 endfacet
 facet normal 1.4832107674735268e-23 -1 6.1232359382162973e-17
  outer loop
   vertex -0.025328183546662331 -1.8990045234800436e-17 -0.31013098359107971
   vertex -0.03952319547533989 -2.2064304994745616e-17 -0.36033743619918823
   vertex 0.011040182784199715 -2.1145328840895129e-17 -0.34532943367958069
  endloop
 endfacet
 facet normal -7.8442732074582645e-24 -1 6.1232317883939626e-17
  outer loop
   vertex -0.03952319547533989 -2.2064304994745616e-17 -0.36033743619918823
   vertex -0.05059775710105896 -2.5045417600272425e-17 -0.40902271866798401
   vertex -0.0022738783154636621 -2.4009828832386662e-17 -0.39211025834083557
  endloop
 endfacet
 facet normal 1.23828784815552e-23 -1 6.1232349950375861e-17
  outer loop
   vertex 0.011040182784199715 -2.1145328840895129e-17 -0.34532943367958069
   vertex -0.0022738783154636621 -2.4009828832386662e-17 -0.39211025834083557
   vertex 0.046053878962993622 -2.3117727776638022e-17 -0.37754115462303162
  endloop
 endfacet
 facet normal -5.6776911621501746e-24 -1 6.1232325912874042e-17
  outer loop
   vertex -0.15376050770282745 -9.0584788763059701e-18 -0.14793618023395538
   vertex -0.18088658154010773 -1.1539405291589314e-17 -0.18845279514789581
   vertex -0.12918314337730408 -1.1625047436309991e-17 -0.18985143303871155
  endloop
 endfacet
 facet normal -9.0556301373969392e-26 -1 6.1232344285480085e-17
  outer loop
   vertex -0.10025186091661453 -1.4283708495451379e-17 -0.23327066004276276
   vertex -0.078089460730552673 -1.1377152160075812e-17 -0.18580299615859985
   vertex -0.12918314337730408 -1.1625047436309991e-17 -0.18985143303871155
  endloop
 endfacet
 facet normal 7.748548745807633e-24 -1 6.1232336141099721e-17
  outer loop
   vertex -0.12705649435520172 -1.7641287541363322e-17 -0.28810408711433411
   vertex -0.10025186091661453 -1.4283708495451379e-17 -0.23327066004276276
   vertex -0.15580418705940247 -1.441584563522305e-17 -0.23542861640453339
  endloop
 endfacet
 facet normal -3.7651903186144405e-24 -1 6.1232351027324122e-17
  outer loop
   vertex 0.087289460003376007 -1.9040294802651807e-17 -0.31095162034034729
   vertex 0.053819626569747925 -2.0647713527995478e-17 -0.3372027575969696
   vertex 0.091421529650688171 -2.1933656780076541e-17 -0.35820379853248596
  endloop
 endfacet
 facet normal 3.05655526136383e-24 -1 6.123233848794367e-17
  outer loop
   vertex -0.18231132626533508 -3.0889318760603394e-18 -0.050446085631847382
   vertex -0.17096273601055145 -6.3801536660526657e-18 -0.10419581830501556
   vertex -0.13362851738929749 -4.7142416908729199e-18 -0.076989412307739258
  endloop
 endfacet
 facet normal 4.57950048744732e-24 -1 6.1232349951483409e-17
  outer loop
   vertex -0.09387023001909256 -6.330996803790477e-18 -0.10339302569627762
   vertex -0.13362851738929749 -4.7142416908729199e-18 -0.076989412307739258
   vertex -0.13191811740398407 -7.0974015616070898e-18 -0.11590936034917831
  endloop
 endfacet
 facet normal -4.9907341368757755e-24 -1 6.123234953090398e-17
  outer loop
   vertex -0.13362851738929749 -4.7142416908729199e-18 -0.076989412307739258
   vertex -0.17096273601055145 -6.3801536660526657e-18 -0.10419581830501556
   vertex -0.13191811740398407 -7.0974015616070898e-18 -0.11590936034917831
  endloop
 endfacet
 facet normal 1.0206329806032669e-24 -1 6.1232330261610076e-17
  outer loop
   vertex -0.078089460730552673 -1.1377152160075812e-17 -0.18580299615859985
   vertex -0.10743259638547897 -9.0031653087445491e-18 -0.14703284204006195
   vertex -0.12918314337730408 -1.1625047436309991e-17 -0.18985143303871155
  endloop
 endfacet
 facet normal 4.7657328360714828e-24 -1 6.1232330041798459e-17
  outer loop
   vertex 0.39026451110839844 -1.3767413789959056e-17 -0.22483892738819122
   vertex 0.42087608575820923 -1.5958160283275122e-17 -0.26061654090881348
   vertex 0.44650831818580627 -1.2930665179260628e-17 -0.21117378771305084
  endloop
 endfacet
 facet normal 1.158302985361768e-23 -1 6.1232343197808862e-17
  outer loop
   vertex 0.46278521418571472 -1.0453854814705348e-17 -0.17072440683841705
   vertex 0.47276413440704346 -8.6878068361117701e-18 -0.14188265800476074
   vertex 0.42182374000549316 -8.2557439323957221e-18 -0.13482652604579926
  endloop
 endfacet
 facet normal 4.996231569351546e-24 -1 6.1232347629937749e-17
  outer loop
   vertex 0.43618851900100708 -5.334113057536989e-18 -0.087112680077552795
   vertex 0.38355427980422974 -5.6150674341324625e-18 -0.091701008379459381
   vertex 0.42182374000549316 -8.2557439323957221e-18 -0.13482652604579926
  endloop
 endfacet
 facet normal -1.4807766995507021e-24 -1 6.1232336607323258e-17
  outer loop
   vertex 0.43618851900100708 -5.334113057536989e-18 -0.087112680077552795
   vertex 0.47276413440704346 -8.6878068361117701e-18 -0.14188265800476074
   vertex 0.48808053135871887 -5.0634421903167747e-18 -0.082692287862300873
  endloop
 endfacet
 facet normal -1.498693008973099e-23 -1 6.123234466225689e-17
  outer loop
   vertex 0.0020781690254807472 3.0442787640793181e-17 0.49716845154762268
   vertex 0.027114946395158768 2.82131950915504e-17 0.46075645089149475
   vertex 0.066020533442497253 3.0151282575484594e-17 0.49240782856941223
  endloop
 endfacet
 facet normal -4.3057623146058188e-24 -1 6.1232352282398556e-17
  outer loop
   vertex -0.05059775710105896 -2.5045417600272425e-17 -0.40902271866798401
   vertex -0.055116485804319382 -2.7672425766093858e-17 -0.45192500948905945
   vertex -0.014359768480062485 -2.6821094788376732e-17 -0.43802171945571899
  endloop
 endfacet
 facet normal 6.9555439742861713e-24 -1 6.1232319270508853e-17
  outer loop
   vertex -0.055116485804319382 -2.7672425766093858e-17 -0.45192500948905945
   vertex -0.02953643724322319 -3.0164120418591417e-17 -0.49261748790740967
   vertex -0.014359768480062485 -2.6821094788376732e-17 -0.43802171945571899
  endloop
 endfacet
 facet normal -2.2616844687742702e-24 -1 6.1232321832737146e-17
  outer loop
   vertex -0.014359768480062485 -2.6821094788376732e-17 -0.43802171945571899
   vertex -0.02953643724322319 -3.0164120418591417e-17 -0.49261748790740967
   vertex 0.017721477895975113 -2.8172451483298488e-17 -0.46009105443954468
  endloop
 endfacet
 facet normal 9.6159984703336483e-24 -1 6.1232320942920016e-17
  outer loop
   vertex -0.02953643724322319 -3.0164120418591417e-17 -0.49261748790740967
   vertex -0.055116485804319382 -2.7672425766093858e-17 -0.45192500948905945
   vertex -0.079337313771247864 -2.9811655450860122e-17 -0.48686128854751587
  endloop
 endfacet
 facet normal 7.7874905191443698e-24 -1 6.1232322210598697e-17
  outer loop
   vertex -0.055116485804319382 -2.7672425766093858e-17 -0.45192500948905945
   vertex -0.10202427208423615 -2.6496940904290677e-17 -0.4327278733253479
   vertex -0.079337313771247864 -2.9811655450860122e-17 -0.48686128854751587
  endloop
 endfacet
 facet normal 3.5065007552957507e-24 -1 6.1232336989177851e-17
  outer loop
   vertex 0.4936181902885437 3.0931610437371699e-18 0.050515152513980865
   vertex 0.44672346115112305 4.9362110587581558e-18 0.080614447593688965
   vertex 0.44920629262924194 1.7929892511444298e-18 0.0292817372828722
  endloop
 endfacet
 facet normal -1.247472798196554e-24 -1 6.1232336759240341e-17
  outer loop
   vertex 0.44672346115112305 4.9362110587581558e-18 0.080614447593688965
   vertex 0.40317690372467041 3.5819414473092946e-18 0.058497544378042221
   vertex 0.44920629262924194 1.7929892511444298e-18 0.0292817372828722
  endloop
 endfacet
 facet normal 2.5010403467215866e-25 -1 6.1232337549146389e-17
  outer loop
   vertex 0.44920629262924194 1.7929892511444298e-18 0.0292817372828722
   vertex 0.40489888191223145 4.1135110250893865e-19 0.0067178732715547085
   vertex 0.45230624079704285 -1.7724838573495465e-18 -0.028946859762072563
  endloop
 endfacet
 facet normal 4.007128672325256e-24 -1 6.1232344309357006e-17
  outer loop
   vertex 0.19492232799530029 -3.4877309522134863e-18 -0.056958969682455063
   vertex 0.1993088573217392 -6.3378954900991692e-18 -0.1035056859254837
   vertex 0.2386728823184967 -4.8652129060118106e-18 -0.079454958438873291
  endloop
 endfacet
 facet normal -7.9485846115756692e-24 -1 6.1232334835722401e-17
  outer loop
   vertex 0.2386728823184967 -4.8652129060118106e-18 -0.079454958438873291
   vertex 0.2389054149389267 -7.2343595099887197e-18 -0.11814606189727783
   vertex 0.27849355340003967 -6.608402575558098e-18 -0.10792340338230133
  endloop
 endfacet
 facet normal -1.093434520235363e-23 -1 6.1232346398341209e-17
  outer loop
   vertex 0.2389054149389267 -7.2343595099887197e-18 -0.11814606189727783
   vertex 0.26283639669418335 -9.3370170583321762e-18 -0.15248505771160126
   vertex 0.27849355340003967 -6.608402575558098e-18 -0.10792340338230133
  endloop
 endfacet
 facet normal -4.8652643040323495e-24 -1 6.1232338589382752e-17
  outer loop
   vertex 0.16366583108901978 -8.4487723185992589e-18 -0.1379789263010025
   vertex 0.18516978621482849 -1.1266817019709201e-17 -0.18400108814239502
   vertex 0.21441802382469177 -9.0578361569700164e-18 -0.14792568981647491
  endloop
 endfacet
 facet normal -9.9697550621625691e-24 -1 6.1232342727863972e-17
  outer loop
   vertex 0.21441802382469177 -9.0578361569700164e-18 -0.14792568981647491
   vertex 0.18516978621482849 -1.1266817019709201e-17 -0.18400108814239502
   vertex 0.23590993881225586 -1.1763558829881996e-17 -0.1921134889125824
  endloop
 endfacet
 facet normal -2.2007568290592419e-24 -1 6.1232346506523535e-17
  outer loop
   vertex 0.21441802382469177 -9.0578361569700164e-18 -0.14792568981647491
   vertex 0.23590993881225586 -1.1763558829881996e-17 -0.1921134889125824
   vertex 0.26283639669418335 -9.3370170583321762e-18 -0.15248505771160126
  endloop
 endfacet
 facet normal -1.4438401631509021e-24 -1 6.1232337720180936e-17
  outer loop
   vertex -0.47642454504966736 8.1594700352619003e-18 0.13325425982475281
   vertex -0.42259663343429565 8.6950033074409814e-18 0.14200018346309662
   vertex -0.46094775199890137 1.0951098723509962e-17 0.17884501814842224
  endloop
 endfacet
 facet normal -1.0276572602388872e-23 -1 6.1232340195608387e-17
  outer loop
   vertex 0.081784233450889587 -1.602668557958024e-17 -0.26173564791679382
   vertex 0.087289460003376007 -1.9040294802651807e-17 -0.31095162034034729
   vertex 0.12920144200325012 -1.7341772059002771e-17 -0.28321263194084167
  endloop
 endfacet
 facet normal 3.2672681901371964e-24 -1 6.1232345030430145e-17
  outer loop
   vertex 0.16941094398498535 -1.5716878316038304e-17 -0.25667610764503479
   vertex 0.12920144200325012 -1.7341772059002771e-17 -0.28321263194084167
   vertex 0.17685696482658386 -1.8631738717583291e-17 -0.3042793869972229
  endloop
 endfacet
 facet normal 3.3443909270659074e-26 -1 6.123233771513235e-17
  outer loop
   vertex 0.12920144200325012 -1.7341772059002771e-17 -0.28321263194084167
   vertex 0.13433946669101715 -2.0327867600539599e-17 -0.33197927474975586
   vertex 0.17685696482658386 -1.8631738717583291e-17 -0.3042793869972229
  endloop
 endfacet
 facet normal -2.0657452539303398e-23 -1 6.1232338716186078e-17
  outer loop
   vertex -0.30324804782867432 2.1062814266070514e-17 0.34398186206817627
   vertex -0.34126582741737366 2.1923398086119658e-17 0.35803624987602234
   vertex -0.33019766211509705 1.8836680986149429e-17 0.30762633681297302
  endloop
 endfacet
 facet normal -1.3148088613138515e-23 -1 6.1232330469936075e-17
  outer loop
   vertex 0.12555517256259918 -1.4393477017098391e-17 -0.23506331443786621
   vertex 0.080543234944343567 -1.2893758034689737e-17 -0.2105710506439209
   vertex 0.081784233450889587 -1.602668557958024e-17 -0.26173564791679382
  endloop
 endfacet
 facet normal 1.2541838817515625e-23 -1 6.1232337366527727e-17
  outer loop
   vertex 0.18516978621482849 -1.1266817019709201e-17 -0.18400108814239502
   vertex 0.16281349956989288 -1.3283628936901292e-17 -0.21693812310695648
   vertex 0.20424841344356537 -1.3915249163395758e-17 -0.2272532731294632
  endloop
 endfacet
 facet normal -1.2600037073250432e-23 -1 6.1232326276394866e-17
  outer loop
   vertex 0.18516978621482849 -1.1266817019709201e-17 -0.18400108814239502
   vertex 0.20424841344356537 -1.3915249163395758e-17 -0.2272532731294632
   vertex 0.23590993881225586 -1.1763558829881996e-17 -0.1921134889125824
  endloop
 endfacet
 facet normal -1.1506533100102837e-23 -1 6.1232325291129745e-17
  outer loop
   vertex 0.20424841344356537 -1.3915249163395758e-17 -0.2272532731294632
   vertex 0.25420591235160828 -1.4697168107191109e-17 -0.24002297222614288
   vertex 0.23590993881225586 -1.1763558829881996e-17 -0.1921134889125824
  endloop
 endfacet
 facet normal 2.9657554237845898e-24 -1 6.1232332866204317e-17
  outer loop
   vertex -0.34188401699066162 -1.003857209689555e-17 -0.16394232213497162
   vertex -0.37811261415481567 -1.2101334724295575e-17 -0.19762979447841644
   vertex -0.32862243056297302 -1.3624706936320183e-17 -0.22250835597515106
  endloop
 endfacet
 facet normal 1.8977814759904894e-24 -1 6.1232330741715457e-17
  outer loop
   vertex -0.37811261415481567 -1.2101334724295575e-17 -0.19762979447841644
   vertex -0.38097691535949707 -1.4970324652152045e-17 -0.24448396265506744
   vertex -0.32862243056297302 -1.3624706936320183e-17 -0.22250835597515106
  endloop
 endfacet
 facet normal 2.4096946643920534e-24 -1 6.1232344243804908e-17
  outer loop
   vertex 0.16281349956989288 -1.3283628936901292e-17 -0.21693812310695648
   vertex 0.18516978621482849 -1.1266817019709201e-17 -0.18400108814239502
   vertex 0.12957654893398285 -1.1186093290910764e-17 -0.18268276751041412
  endloop
 endfacet
 facet normal 2.3556167919660532e-24 -1 6.1232341963355129e-17
  outer loop
   vertex 0.12957654893398285 -1.1186093290910764e-17 -0.18268276751041412
   vertex 0.18516978621482849 -1.1266817019709201e-17 -0.18400108814239502
   vertex 0.16366583108901978 -8.4487723185992589e-18 -0.1379789263010025
  endloop
 endfacet
 facet normal 1.0886832055302059e-23 -1 6.1232351574493885e-17
  outer loop
   vertex 0.035015765577554703 -1.4532722947054342e-17 -0.23733736574649811
   vertex 0.080543234944343567 -1.2893758034689737e-17 -0.2105710506439209
   vertex 0.030704790726304054 -1.1121455743484645e-17 -0.18162715435028076
  endloop
 endfacet
 facet normal 1.8663724011528414e-24 -1 6.1232328433297847e-17
  outer loop
   vertex -0.0040579172782599926 -1.3269050705785658e-17 -0.21670004725456238
   vertex 0.030704790726304054 -1.1121455743484645e-17 -0.18162715435028076
   vertex -0.026717217639088631 -1.1027629473783368e-17 -0.18009485304355621
  endloop
 endfacet
 facet normal -2.1782599130859595e-24 -1 6.1232345420700145e-17
  outer loop
   vertex 0.12957654893398285 -1.1186093290910764e-17 -0.18268276751041412
   vertex 0.16366583108901978 -8.4487723185992589e-18 -0.1379789263010025
   vertex 0.10853415727615356 -7.9252464001919975e-18 -0.12942910194396973
  endloop
 endfacet
 facet normal -2.4634790044751858e-24 -1 6.1232341131942623e-17
  outer loop
   vertex -0.32862243056297302 -1.3624706936320183e-17 -0.22250835597515106
   vertex -0.38097691535949707 -1.4970324652152045e-17 -0.24448396265506744
   vertex -0.34948703646659851 -1.6966615872707921e-17 -0.27708587050437927
  endloop
 endfacet
 facet normal -1.2171807969245344e-23 -1 6.1232354604557593e-17
  outer loop
   vertex -0.33019766211509705 1.8836680986149429e-17 0.30762633681297302
   vertex -0.36396321654319763 1.6269304270686944e-17 0.2656978964805603
   vertex -0.31267088651657104 1.6013013938415964e-17 0.26151236891746521
  endloop
 endfacet
 facet normal -4.9298382681582707e-24 -1 6.123234062318251e-17
  outer loop
   vertex -0.19689641892910004 -2.7926418190623166e-17 -0.45607301592826843
   vertex -0.19286595284938812 -2.5093978065312963e-17 -0.40981575846672058
   vertex -0.24595841765403748 -2.6417251978438543e-17 -0.43142646551132202
  endloop
 endfacet
 facet normal -2.0347258545262002e-24 -1 6.1232343906109295e-17
  outer loop
   vertex 0.32688653469085693 1.1664363330824637e-17 0.19049350917339325
   vertex 0.31345421075820923 1.4798886507116755e-17 0.24168415367603302
   vertex 0.28285408020019531 1.2990731726621778e-17 0.21215474605560303
  endloop
 endfacet
 facet normal 7.2831665023734372e-24 -1 6.1232334250354378e-17
  outer loop
   vertex 0.31345421075820923 1.4798886507116755e-17 0.24168415367603302
   vertex 0.25801298022270203 1.5715106495166216e-17 0.25664716958999634
   vertex 0.28285408020019531 1.2990731726621778e-17 0.21215474605560303
  endloop
 endfacet
 facet normal -5.1670166315800665e-25 -1 6.1232338459423082e-17
  outer loop
   vertex 0.31204900145530701 2.3614299187604631e-17 0.38565078377723694
   vertex 0.26465708017349243 2.2603204892017788e-17 0.36913836002349854
   vertex 0.30478143692016602 2.064251056194252e-17 0.33711779117584229
  endloop
 endfacet
 facet normal 2.0109183892159272e-23 -1 6.1232335370803437e-17
  outer loop
   vertex 0.31204900145530701 2.3614299187604631e-17 0.38565078377723694
   vertex 0.30478143692016602 2.064251056194252e-17 0.33711779117584229
   vertex 0.34956926107406616 2.1365357229473009e-17 0.34892275929450989
  endloop
 endfacet
 facet normal 3.6694169587351524e-24 -1 6.1232325457802767e-17
  outer loop
   vertex 0.37845203280448914 1.9476544894628599e-17 0.31807610392570496
   vertex 0.34956926107406616 2.1365357229473009e-17 0.34892275929450989
   vertex 0.33852145075798035 1.918501335954041e-17 0.31331503391265869
  endloop
 endfacet
 facet normal -1.4903354875715609e-23 -1 6.1232337681077261e-17
  outer loop
   vertex 0.30480930209159851 1.7733801075432477e-17 0.28961494565010071
   vertex 0.31345421075820923 1.4798886507116755e-17 0.24168415367603302
   vertex 0.35492262244224548 1.6728875892854055e-17 0.2732032835483551
  endloop
 endfacet
 facet normal -1.2692886879493327e-23 -1 6.1232334772856214e-17
  outer loop
   vertex 0.35492262244224548 1.6728875892854055e-17 0.2732032835483551
   vertex 0.31345421075820923 1.4798886507116755e-17 0.24168415367603302
   vertex 0.35305169224739075 1.4022226777656016e-17 0.22900034487247467
  endloop
 endfacet
 facet normal 3.6962497424437943e-24 -1 6.1232306783572737e-17
  outer loop
   vertex 0.35492262244224548 1.6728875892854055e-17 0.2732032835483551
   vertex 0.38780537247657776 1.4756625849621421e-17 0.24099397659301758
   vertex 0.40812039375305176 1.7166378336278252e-17 0.28034824132919312
  endloop
 endfacet
 facet normal 8.7733404589012888e-24 -1 6.1232342952707807e-17
  outer loop
   vertex -0.12705649435520172 -1.7641287541363322e-17 -0.28810408711433411
   vertex -0.079788446426391602 -1.9978754368650369e-17 -0.32627782225608826
   vertex -0.065188966691493988 -1.6774681846454792e-17 -0.27395135164260864
  endloop
 endfacet
 facet normal -7.5658410556236066e-24 -1 6.123234139201134e-17
  outer loop
   vertex -0.047589946538209915 -1.3778060431623226e-17 -0.22501280903816223
   vertex -0.065188966691493988 -1.6774681846454792e-17 -0.27395135164260864
   vertex -0.012241105549037457 -1.5898735628069313e-17 -0.25964605808258057
  endloop
 endfacet
 facet normal -1.1150259199312595e-23 -1 6.1232329863275735e-17
  outer loop
   vertex -0.012241105549037457 -1.5898735628069313e-17 -0.25964605808258057
   vertex 0.033091586083173752 -1.8035551599808147e-17 -0.29454290866851807
   vertex 0.035015765577554703 -1.4532722947054342e-17 -0.23733736574649811
  endloop
 endfacet
 facet normal 1.0007001627092451e-23 -1 6.1232339570983909e-17
  outer loop
   vertex -0.10025186091661453 -1.4283708495451379e-17 -0.23327066004276276
   vertex -0.047589946538209915 -1.3778060431623226e-17 -0.22501280903816223
   vertex -0.078089460730552673 -1.1377152160075812e-17 -0.18580299615859985
  endloop
 endfacet
 facet normal 8.9751417558154314e-25 -1 6.1232335215010656e-17
  outer loop
   vertex 0.21777629852294922 -1.6806283454576767e-17 -0.27446743845939636
   vertex 0.17685696482658386 -1.8631738717583291e-17 -0.3042793869972229
   vertex 0.22732175886631012 -1.9949735218400783e-17 -0.32580390572547913
  endloop
 endfacet
 facet normal -1.1145637559106414e-24 -1 6.123233049764161e-17
  outer loop
   vertex 0.17685696482658386 -1.8631738717583291e-17 -0.3042793869972229
   vertex 0.18306469917297363 -2.1718267220373858e-17 -0.35468623042106628
   vertex 0.22732175886631012 -1.9949735218400783e-17 -0.32580390572547913
  endloop
 endfacet
 facet normal -3.3542191107936493e-24 -1 6.1232348927550361e-17
  outer loop
   vertex 0.16941094398498535 -1.5716878316038304e-17 -0.25667610764503479
   vertex 0.21777629852294922 -1.6806283454576767e-17 -0.27446743845939636
   vertex 0.20424841344356537 -1.3915249163395758e-17 -0.2272532731294632
  endloop
 endfacet
 facet normal -5.6315882972063934e-24 -1 6.123234827503456e-17
  outer loop
   vertex 0.20424841344356537 -1.3915249163395758e-17 -0.2272532731294632
   vertex 0.21777629852294922 -1.6806283454576767e-17 -0.27446743845939636
   vertex 0.25420591235160828 -1.4697168107191109e-17 -0.24002297222614288
  endloop
 endfacet
 facet normal -4.7059327651504839e-24 -1 6.1232337566702537e-17
  outer loop
   vertex 0.32095351815223694 3.1999709471282328e-18 0.052259489893913269
   vertex 0.36058706045150757 2.0533730934717815e-18 0.033534128218889236
   vertex 0.35257521271705627 5.4782099881952578e-18 0.08946596086025238
  endloop
 endfacet
 facet normal 3.6498680648099624e-24 -1 6.123234381160133e-17
  outer loop
   vertex 0.35257521271705627 5.4782099881952578e-18 0.08946596086025238
   vertex 0.36613607406616211 9.067299103177623e-18 0.14808022975921631
   vertex 0.31422397494316101 8.2468500864495519e-18 0.13468128442764282
  endloop
 endfacet
 facet normal 3.3242800089504041e-24 -1 6.123234084333139e-17
  outer loop
   vertex 0.29779282212257385 5.3983734106037835e-18 0.088162131607532501
   vertex 0.31422397494316101 8.2468500864495519e-18 0.13468128442764282
   vertex 0.26542583107948303 7.5280648757266981e-18 0.12294263392686844
  endloop
 endfacet
 facet normal -7.8218580320670131e-24 -1 6.1232339619667376e-17
  outer loop
   vertex 0.42182374000549316 -8.2557439323957221e-18 -0.13482652604579926
   vertex 0.36824458837509155 -8.5539466791241513e-18 -0.13969655334949493
   vertex 0.40704959630966187 -1.091258436700888e-17 -0.17821602523326874
  endloop
 endfacet
 facet normal -9.21810328791081e-24 -1 6.1232338213072064e-17
  outer loop
   vertex 0.40704959630966187 -1.091258436700888e-17 -0.17821602523326874
   vertex 0.36824458837509155 -8.5539466791241513e-18 -0.13969655334949493
   vertex 0.35239654779434204 -1.1526028953903719e-17 -0.18823434412479401
  endloop
 endfacet
 facet normal -3.6653998966663603e-25 -1 6.1232334218479985e-17
  outer loop
   vertex 0.32961142063140869 -5.992670007088938e-18 -0.097867727279663086
   vertex 0.36824458837509155 -8.5539466791241513e-18 -0.13969655334949493
   vertex 0.38355427980422974 -5.6150674341324625e-18 -0.091701008379459381
  endloop
 endfacet
 facet normal 3.986320350297809e-24 -1 6.1232340907837557e-17
  outer loop
   vertex 0.38187700510025024 1.2199601299525037e-17 0.19923460483551025
   vertex 0.32688653469085693 1.1664363330824637e-17 0.19049350917339325
   vertex 0.36613607406616211 9.067299103177623e-18 0.14808022975921631
  endloop
 endfacet
 facet normal -8.2838300681720215e-24 -1 6.1232344075834198e-17
  outer loop
   vertex 0.27627041935920715 1.0387487632618381e-17 0.16964054107666016
   vertex 0.31422397494316101 8.2468500864495519e-18 0.13468128442764282
   vertex 0.32688653469085693 1.1664363330824637e-17 0.19049350917339325
  endloop
 endfacet
 facet normal -6.1563176406160655e-25 -1 6.1232336501874385e-17
  outer loop
   vertex -0.34654265642166138 -1.639431855820392e-18 -0.026773953810334206
   vertex -0.3958209753036499 -1.1180390294177517e-18 -0.018258962780237198
   vertex -0.3773820698261261 -3.9473422790500004e-18 -0.0644649937748909
  endloop
 endfacet
 facet normal -7.5388733660036781e-24 -1 6.1232336506321724e-17
  outer loop
   vertex 0.42182374000549316 -8.2557439323957221e-18 -0.13482652604579926
   vertex 0.38355427980422974 -5.6150674341324625e-18 -0.091701008379459381
   vertex 0.36824458837509155 -8.5539466791241513e-18 -0.13969655334949493
  endloop
 endfacet
 facet normal -5.545650999290042e-25 -1 6.1232340574770905e-17
  outer loop
   vertex 0.38355427980422974 -5.6150674341324625e-18 -0.091701008379459381
   vertex 0.39824405312538147 -2.6351614783242154e-18 -0.043035451322793961
   vertex 0.34652382135391235 -2.9622590914151939e-18 -0.04837736114859581
  endloop
 endfacet
 facet normal 3.1820583385911267e-24 -1 6.1232341446447673e-17
  outer loop
   vertex 0.45230624079704285 -1.7724838573495465e-18 -0.028946859762072563
   vertex 0.40489888191223145 4.1135110250893865e-19 0.0067178732715547085
   vertex 0.39824405312538147 -2.6351614783242154e-18 -0.043035451322793961
  endloop
 endfacet
 facet normal -2.2664982233403233e-25 -1 6.1232341902384427e-17
  outer loop
   vertex 0.39824405312538147 -2.6351614783242154e-18 -0.043035451322793961
   vertex 0.40489888191223145 4.1135110250893865e-19 0.0067178732715547085
   vertex 0.36536687612533569 -5.782720917672593e-19 -0.0094438996165990829
  endloop
 endfacet
 facet normal -5.0393908245061991e-25 -1 6.1232339299135366e-17
  outer loop
   vertex 0.36536687612533569 -5.782720917672593e-19 -0.0094438996165990829
   vertex 0.36058706045150757 2.0533730934717815e-18 0.033534128218889236
   vertex 0.31596758961677551 2.0835711570400139e-19 0.0034027299843728542
  endloop
 endfacet
 facet normal -1.5119976545655526e-25 -1 6.1232341101082988e-17
  outer loop
   vertex 0.34652382135391235 -2.9622590914151939e-18 -0.04837736114859581
   vertex 0.31596758961677551 2.0835711570400139e-19 0.0034027299843728542
   vertex 0.28554180264472961 -3.2093267734465138e-18 -0.052412282675504684
  endloop
 endfacet
 facet normal -1.5618682946280453e-24 -1 6.1232322913036414e-17
  outer loop
   vertex 0.32927578687667847 -1.7505538931037244e-17 -0.28588715195655823
   vertex 0.37471330165863037 -1.672981060694624e-17 -0.2732185423374176
   vertex 0.33989405632019043 -1.4546579876675831e-17 -0.23756366968154907
  endloop
 endfacet
 facet normal -2.0648797508755541e-23 -1 6.1232331349586156e-17
  outer loop
   vertex 0.29843145608901978 -1.5410828106838585e-17 -0.25167793035507202
   vertex 0.33989405632019043 -1.4546579876675831e-17 -0.23756366968154907
   vertex 0.29408758878707886 -1.233244567872044e-17 -0.20140412449836731
  endloop
 endfacet
 facet normal 1.2805539213910907e-23 -1 6.1232311254496928e-17
  outer loop
   vertex -0.071450360119342804 2.7029008289703161e-17 0.44141721725463867
   vertex -0.034322474151849747 2.4696327529440346e-17 0.40332162380218506
   vertex -0.018810063600540161 2.7651837240647413e-17 0.45158877968788147
  endloop
 endfacet
 facet normal -2.5805441808887589e-24 -1 6.1232339700768329e-17
  outer loop
   vertex -0.23240679502487183 3.2575493352068239e-18 0.05319981649518013
   vertex -0.22811698913574219 6.8008908128216377e-18 0.11106697469949722
   vertex -0.28050577640533447 5.5307851743388219e-18 0.090324573218822479
  endloop
 endfacet
 facet normal -3.1986185824752589e-24 -1 6.1232341261830025e-17
  outer loop
   vertex -0.28050577640533447 5.5307851743388219e-18 0.090324573218822479
   vertex -0.22811698913574219 6.8008908128216377e-18 0.11106697469949722
   vertex -0.27281701564788818 8.8416946900905228e-18 0.14439582824707031
  endloop
 endfacet
 facet normal -2.3236945209287214e-24 -1 6.1232335819727661e-17
  outer loop
   vertex -0.24138848483562469 -2.6029715379915612e-18 -0.042509749531745911
   vertex -0.29504159092903137 -2.1253194019952656e-18 -0.034709099680185318
   vertex -0.27462694048881531 -5.1117363032000707e-18 -0.083480991423130035
  endloop
 endfacet
 facet normal -1.6557481935311482e-23 -1 6.1232348554318906e-17
  outer loop
   vertex 0.071031540632247925 2.4640299277829679e-17 0.40240663290023804
   vertex 0.020523849874734879 2.5392714343536489e-17 0.41469448804855347
   vertex 0.037788990885019302 2.2378084379589031e-17 0.36546185612678528
  endloop
 endfacet
 facet normal -4.1253610990264657e-24 -1 6.1232349186429143e-17
  outer loop
   vertex -0.40731588006019592 -6.2388894154020848e-18 -0.10188879817724228
   vertex -0.39008519053459167 -9.1692044459217058e-18 -0.14974446594715118
   vertex -0.35854095220565796 -6.9262227376938348e-18 -0.11311379820108414
  endloop
 endfacet
 facet normal 6.3940900677345855e-24 -1 6.1232340127678773e-17
  outer loop
   vertex -0.35854095220565796 -6.9262227376938348e-18 -0.11311379820108414
   vertex -0.39008519053459167 -9.1692044459217058e-18 -0.14974446594715118
   vertex -0.34188401699066162 -1.003857209689555e-17 -0.16394232213497162
  endloop
 endfacet
 facet normal -1.3055565585308389e-23 -1 6.1232345058180952e-17
  outer loop
   vertex -0.43528011441230774 -8.4880526443475646e-18 -0.13862042129039764
   vertex -0.46609139442443848 -1.0084161329175798e-17 -0.16468685865402222
   vertex -0.41969749331474304 -1.1181025982478264e-17 -0.18260000646114349
  endloop
 endfacet
 facet normal 5.5598377643720709e-24 -1 6.1232332216850221e-17
  outer loop
   vertex -0.39008519053459167 -9.1692044459217058e-18 -0.14974446594715118
   vertex -0.41969749331474304 -1.1181025982478264e-17 -0.18260000646114349
   vertex -0.37811261415481567 -1.2101334724295575e-17 -0.19762979447841644
  endloop
 endfacet
 facet normal 3.9449956310629142e-24 -1 6.1232331813097737e-17
  outer loop
   vertex -0.34188401699066162 -1.003857209689555e-17 -0.16394232213497162
   vertex -0.39008519053459167 -9.1692044459217058e-18 -0.14974446594715118
   vertex -0.37811261415481567 -1.2101334724295575e-17 -0.19762979447841644
  endloop
 endfacet
 facet normal 1.2956447509752676e-24 -1 6.1232343595681361e-17
  outer loop
   vertex -0.022745564579963684 3.5077168765836863e-18 0.057285364717245102
   vertex 0.033814281225204468 3.0338348230242542e-18 0.049546282738447189
   vertex 0.01688339002430439 5.2637104748316819e-18 0.085962913930416107
  endloop
 endfacet
 facet normal 1.4660594355777137e-25 -1 6.1232338201587162e-17
  outer loop
   vertex -0.088307753205299377 -7.0575184279873861e-19 -0.011525802314281464
   vertex -0.082254186272621155 2.3498302823125707e-18 0.038375642150640488
   vertex -0.12934109568595886 9.2578591824333017e-19 0.01511923223733902
  endloop
 endfacet
 facet normal -2.138535828731234e-24 -1 6.1232342828279926e-17
  outer loop
   vertex -0.082254186272621155 2.3498302823125707e-18 0.038375642150640488
   vertex -0.13179631531238556 3.9915877564251556e-18 0.065187573432922363
   vertex -0.12934109568595886 9.2578591824333017e-19 0.01511923223733902
  endloop
 endfacet
 facet normal 2.1451100463811157e-24 -1 6.1232343038338646e-17
  outer loop
   vertex -0.1754431426525116 2.1643381318748513e-18 0.035346325486898422
   vertex -0.12934109568595886 9.2578591824333017e-19 0.01511923223733902
   vertex -0.13179631531238556 3.9915877564251556e-18 0.065187573432922363
  endloop
 endfacet
 facet normal 5.5208286813262762e-24 -1 6.1232331280613101e-17
  outer loop
   vertex -0.0041712974198162556 2.2782142256486484e-17 0.372060626745224
   vertex 0.00384170887991786 2.0154027323005455e-17 0.32914024591445923
   vertex 0.037788990885019302 2.2378084379589031e-17 0.36546185612678528
  endloop
 endfacet
 facet normal -1.2174086170465691e-23 -1 6.1232347818818894e-17
  outer loop
   vertex 0.037788990885019302 2.2378084379589031e-17 0.36546185612678528
   vertex 0.00384170887991786 2.0154027323005455e-17 0.32914024591445923
   vertex 0.052399728447198868 1.9473886336139853e-17 0.31803271174430847
  endloop
 endfacet
 facet normal -1.8672919779166085e-25 -1 6.1232337688251175e-17
  outer loop
   vertex -0.088307753205299377 -7.0575184279873861e-19 -0.011525802314281464
   vertex -0.12934109568595886 9.2578591824333017e-19 0.01511923223733902
   vertex -0.13178104162216187 -1.9047862264485749e-18 -0.031107520684599876
  endloop
 endfacet
 facet normal -3.8143238593086835e-24 -1 6.1232337448572158e-17
  outer loop
   vertex -0.1754431426525116 2.1643381318748513e-18 0.035346325486898422
   vertex -0.18242320418357849 5.1935304037111517e-18 0.084816791117191315
   vertex -0.23240679502487183 3.2575493352068239e-18 0.05319981649518013
  endloop
 endfacet
 facet normal -4.3718100148415873e-25 -1 6.1232338020227559e-17
  outer loop
   vertex -0.16595567762851715 -3.7913794942034467e-19 -0.0061917924322187901
   vertex -0.1754431426525116 2.1643381318748513e-18 0.035346325486898422
   vertex -0.21033488214015961 -4.020180171951543e-20 -0.00065654522040858865
  endloop
 endfacet
 facet normal 4.1522770668806185e-25 -1 6.1232340226246327e-17
  outer loop
   vertex 0.027974503114819527 1.3519670714957587e-17 0.2207929790019989
   vertex 0.095958814024925232 1.29048852682898e-17 0.21075277030467987
   vertex 0.069629460573196411 1.6344718327133403e-17 0.2669295072555542
  endloop
 endfacet
 facet normal -1.0284239217152262e-23 -1 6.1232349886397541e-17
  outer loop
   vertex 0.027974503114819527 1.3519670714957587e-17 0.2207929790019989
   vertex 0.069629460573196411 1.6344718327133403e-17 0.2669295072555542
   vertex 0.017611600458621979 1.7104501917736835e-17 0.27933770418167114
  endloop
 endfacet
 facet normal -9.9742438565552812e-24 -1 6.1232333784827331e-17
  outer loop
   vertex -0.26519396901130676 1.5114348377326103e-17 0.24683605134487152
   vertex -0.30107748508453369 1.3570328910031559e-17 0.22162029147148132
   vertex -0.26543688774108887 1.2041278103101774e-17 0.19664900004863739
  endloop
 endfacet
 facet normal 1.5351798738431083e-23 -1 6.1232333662242525e-17
  outer loop
   vertex -0.26519396901130676 1.5114348377326103e-17 0.24683605134487152
   vertex -0.26543688774108887 1.2041278103101774e-17 0.19664900004863739
   vertex -0.21868588030338287 1.3613324931091453e-17 0.22232246398925781
  endloop
 endfacet
 facet normal -2.2983659472635017e-23 -1 6.1232334613212707e-17
  outer loop
   vertex 0.23344875872135162 -2.3206912735922265e-17 -0.37899765372276306
   vertex 0.27819919586181641 -2.1408289557625736e-17 -0.34962388873100281
   vertex 0.22732175886631012 -1.9949735218400783e-17 -0.32580390572547913
  endloop
 endfacet
 facet normal -5.1415673657471266e-24 -1 6.1232336668313164e-17
  outer loop
   vertex 0.23344875872135162 -2.3206912735922265e-17 -0.37899765372276306
   vertex 0.22732175886631012 -1.9949735218400783e-17 -0.32580390572547913
   vertex 0.18306469917297363 -2.1718267220373858e-17 -0.35468623042106628
  endloop
 endfacet
 facet normal -1.3247568648275296e-23 -1 6.1232334598668491e-17
  outer loop
   vertex -0.23751410841941833 2.646766863677365e-17 0.43224984407424927
   vertex -0.27771377563476562 2.4935953481090832e-17 0.40723502635955811
   vertex -0.22636619210243225 2.3506290906301132e-17 0.38388687372207642
  endloop
 endfacet
 facet normal -8.6753726067402173e-24 -1 6.1232331936456811e-17
  outer loop
   vertex -0.26519396901130676 1.5114348377326103e-17 0.24683605134487152
   vertex -0.31267088651657104 1.6013013938415964e-17 0.26151236891746521
   vertex -0.30107748508453369 1.3570328910031559e-17 0.22162029147148132
  endloop
 endfacet
 facet normal 2.9438358945673445e-24 -1 6.1232331827610535e-17
  outer loop
   vertex 0.23965431749820709 1.2451977413137416e-17 0.20335622131824493
   vertex 0.28285408020019531 1.2990731726621778e-17 0.21215474605560303
   vertex 0.25801298022270203 1.5715106495166216e-17 0.25664716958999634
  endloop
 endfacet
 facet normal 1.3095866725589378e-24 -1 6.1232322432464976e-17
  outer loop
   vertex -0.27453345060348511 1.8601417585049547e-17 0.30378419160842896
   vertex -0.30324804782867432 2.1062814266070514e-17 0.34398186206817627
   vertex -0.33019766211509705 1.8836680986149429e-17 0.30762633681297302
  endloop
 endfacet
 facet normal 4.6448344752429627e-24 -1 6.1232363953687428e-17
  outer loop
   vertex -0.22067981958389282 1.6909985433611315e-17 0.27616101503372192
   vertex -0.27453345060348511 1.8601417585049547e-17 0.30378419160842896
   vertex -0.26519396901130676 1.5114348377326103e-17 0.24683605134487152
  endloop
 endfacet
 facet normal 3.953248249537115e-24 -1 6.1232360733291564e-17
  outer loop
   vertex -0.33019766211509705 1.8836680986149429e-17 0.30762633681297302
   vertex -0.31267088651657104 1.6013013938415964e-17 0.26151236891746521
   vertex -0.27453345060348511 1.8601417585049547e-17 0.30378419160842896
  endloop
 endfacet
 facet normal 1.0391697149485617e-24 -1 6.1232363362359253e-17
  outer loop
   vertex -0.31267088651657104 1.6013013938415964e-17 0.26151236891746521
   vertex -0.26519396901130676 1.5114348377326103e-17 0.24683605134487152
   vertex -0.27453345060348511 1.8601417585049547e-17 0.30378419160842896
  endloop
 endfacet
 facet normal -1.1230245389792251e-23 -1 6.1232369871661085e-17
  outer loop
   vertex 0.020523849874734879 2.5392714343536489e-17 0.41469448804855347
   vertex -0.034322474151849747 2.4696327529440346e-17 0.40332162380218506
   vertex -0.0041712974198162556 2.2782142256486484e-17 0.372060626745224
  endloop
 endfacet
 facet normal 9.6845671495164625e-24 -1 6.1232357757009483e-17
  outer loop
   vertex 0.020523849874734879 2.5392714343536489e-17 0.41469448804855347
   vertex -0.0041712974198162556 2.2782142256486484e-17 0.372060626745224
   vertex 0.037788990885019302 2.2378084379589031e-17 0.36546185612678528
  endloop
 endfacet
 facet normal -1.060007417326497e-23 -1 6.1232334232497217e-17
  outer loop
   vertex -0.22360602021217346 2.0266920933006692e-17 0.33098393678665161
   vertex -0.27453345060348511 1.8601417585049547e-17 0.30378419160842896
   vertex -0.22067981958389282 1.6909985433611315e-17 0.27616101503372192
  endloop
 endfacet
 facet normal -2.1725466925967932e-23 -1 6.1232309215870746e-17
  outer loop
   vertex 0.18821151554584503 -2.4873837180171775e-17 -0.40622058510780334
   vertex 0.19570589065551758 -2.7930610341967584e-17 -0.45614150166511536
   vertex 0.2363777756690979 -2.6692774259951381e-17 -0.43592607975006104
  endloop
 endfacet
 facet normal 2.7750373387858875e-23 -1 6.1232349791657503e-17
  outer loop
   vertex -0.034322474151849747 2.4696327529440346e-17 0.40332162380218506
   vertex -0.083610273897647858 2.4003906219200782e-17 0.3920135498046875
   vertex -0.047868438065052032 2.1341847102103027e-17 0.34853881597518921
  endloop
 endfacet
 facet normal -1.9846928716293559e-23 -1 6.1232361560885157e-17
  outer loop
   vertex -0.034322474151849747 2.4696327529440346e-17 0.40332162380218506
   vertex -0.047868438065052032 2.1341847102103027e-17 0.34853881597518921
   vertex -0.0041712974198162556 2.2782142256486484e-17 0.372060626745224
  endloop
 endfacet
 facet normal 3.2193985249701712e-24 -1 6.1232342166956209e-17
  outer loop
   vertex -0.20259381830692291 -8.6740053275913228e-18 -0.1416572630405426
   vertex -0.23397502303123474 -1.121017500008402e-17 -0.18307605385780334
   vertex -0.18088658154010773 -1.1539405291589314e-17 -0.18845279514789581
  endloop
 endfacet
 facet normal -1.6377511495007387e-23 -1 6.1232333076456604e-17
  outer loop
   vertex -0.20259381830692291 -8.6740053275913228e-18 -0.1416572630405426
   vertex -0.18088658154010773 -1.1539405291589314e-17 -0.18845279514789581
   vertex -0.15376050770282745 -9.0584788763059701e-18 -0.14793618023395538
  endloop
 endfacet
 facet normal 1.0678629718319979e-23 -1 6.1232338804419036e-17
  outer loop
   vertex 0.3144066333770752 -9.0536349066388596e-18 -0.14785708487033844
   vertex 0.27849355340003967 -6.608402575558098e-18 -0.10792340338230133
   vertex 0.26283639669418335 -9.3370170583321762e-18 -0.15248505771160126
  endloop
 endfacet
 facet normal -5.794555054803353e-24 -1 6.1232342747589895e-17
  outer loop
   vertex -0.19286595284938812 -2.5093978065312963e-17 -0.40981575846672058
   vertex -0.23524054884910583 -2.326760628618773e-17 -0.37998884916305542
   vertex -0.24595841765403748 -2.6417251978438543e-17 -0.43142646551132202
  endloop
 endfacet
 facet normal -1.1254597601170926e-23 -1 6.1232363291127332e-17
  outer loop
   vertex -0.18249581754207611 -2.2212964240072421e-17 -0.36276522278785706
   vertex -0.17033970355987549 -1.9626878353515211e-17 -0.32053124904632568
   vertex -0.22381950914859772 -1.9891218807507557e-17 -0.32484826445579529
  endloop
 endfacet
 facet normal -1.936459109180789e-24 -1 6.1232337582596495e-17
  outer loop
   vertex -0.34654265642166138 -1.639431855820392e-18 -0.026773953810334206
   vertex -0.3773820698261261 -3.9473422790500004e-18 -0.0644649937748909
   vertex -0.32677099108695984 -4.5528000235403329e-18 -0.074352867901325226
  endloop
 endfacet
 facet normal -1.7016310092186732e-25 -1 6.1232346623381728e-17
  outer loop
   vertex -0.3773820698261261 -3.9473422790500004e-18 -0.0644649937748909
   vertex -0.35854095220565796 -6.9262227376938348e-18 -0.11311379820108414
   vertex -0.32677099108695984 -4.5528000235403329e-18 -0.074352867901325226
  endloop
 endfacet
 facet normal 5.090144737077758e-24 -1 6.1232342311829491e-17
  outer loop
   vertex -0.35854095220565796 -6.9262227376938348e-18 -0.11311379820108414
   vertex -0.30761224031448364 -7.5950317637577661e-18 -0.1240362823009491
   vertex -0.32677099108695984 -4.5528000235403329e-18 -0.074352867901325226
  endloop
 endfacet
 facet normal -1.0003450734412533e-24 -1 6.1232338338847418e-17
  outer loop
   vertex -0.14553892612457275 2.8791427426949468e-17 0.47019970417022705
   vertex -0.17474557459354401 2.5437946233792113e-17 0.41543319821357727
   vertex -0.12023506313562393 2.6307887120930457e-17 0.42964041233062744
  endloop
 endfacet
 facet normal 2.1679421642739645e-24 -1 6.1232340315457522e-17
  outer loop
   vertex -0.14553892612457275 2.8791427426949468e-17 0.47019970417022705
   vertex -0.12023506313562393 2.6307887120930457e-17 0.42964041233062744
   vertex -0.11521205306053162 2.9363442672864588e-17 0.47954142093658447
  endloop
 endfacet
 facet normal 1.0719418155816034e-24 -1 6.12323417682098e-17
  outer loop
   vertex -0.0099254995584487915 -2.3296909159387421e-18 -0.038046739995479584
   vertex -0.054309852421283722 -2.3018806901544031e-18 -0.037592563778162003
   vertex -0.041427098214626312 -5.1647283883723615e-18 -0.084346413612365723
  endloop
 endfacet
 facet normal -8.8656118089553562e-24 -1 6.1232330984977407e-17
  outer loop
   vertex -0.26792639493942261 2.204690442337995e-17 0.36005327105522156
   vertex -0.27453345060348511 1.8601417585049547e-17 0.30378419160842896
   vertex -0.22360602021217346 2.0266920933006692e-17 0.33098393678665161
  endloop
 endfacet
 facet normal -9.8836856812809145e-26 -1 6.1232336324010385e-17
  outer loop
   vertex 0.2386728823184967 -4.8652129060118106e-18 -0.079454958438873291
   vertex 0.23387756943702698 -2.3586203170918655e-18 -0.038519192487001419
   vertex 0.19492232799530029 -3.4877309522134863e-18 -0.056958969682455063
  endloop
 endfacet
 facet normal -1.2118938565520681e-23 -1 6.1232363102757763e-17
  outer loop
   vertex -0.27141493558883667 -1.8776783183633239e-17 -0.3066481351852417
   vertex -0.24244534969329834 -1.6756564936678655e-17 -0.2736554741859436
   vertex -0.29576733708381653 -1.6560564490534215e-17 -0.27045455574989319
  endloop
 endfacet
 facet normal 9.0108932384940066e-24 -1 6.1232336745369566e-17
  outer loop
   vertex -0.29576733708381653 -1.6560564490534215e-17 -0.27045455574989319
   vertex -0.32862243056297302 -1.3624706936320183e-17 -0.22250835597515106
   vertex -0.34948703646659851 -1.6966615872707921e-17 -0.27708587050437927
  endloop
 endfacet
 facet normal -4.5767118555095403e-24 -1 6.1232334010945127e-17
  outer loop
   vertex -0.26653164625167847 -1.3868075880242472e-17 -0.22648286819458008
   vertex -0.28880524635314941 -1.0761869577859881e-17 -0.17575466632843018
   vertex -0.32862243056297302 -1.3624706936320183e-17 -0.22250835597515106
  endloop
 endfacet
 facet normal 5.4633955294620165e-25 -1 6.1232342887867274e-17
  outer loop
   vertex -0.34188401699066162 -1.003857209689555e-17 -0.16394232213497162
   vertex -0.28880524635314941 -1.0761869577859881e-17 -0.17575466632843018
   vertex -0.30761224031448364 -7.5950317637577661e-18 -0.1240362823009491
  endloop
 endfacet
 facet normal 9.7304357434675706e-24 -1 6.1232334941972893e-17
  outer loop
   vertex 0.1993088573217392 -6.3378954900991692e-18 -0.1035056859254837
   vertex 0.2389054149389267 -7.2343595099887197e-18 -0.11814606189727783
   vertex 0.2386728823184967 -4.8652129060118106e-18 -0.079454958438873291
  endloop
 endfacet
 facet normal 2.6538364153384738e-23 -1 6.1232333651607793e-17
  outer loop
   vertex -0.090871289372444153 -2.3157660747889632e-17 -0.37819328904151917
   vertex -0.10202427208423615 -2.6496940904290677e-17 -0.4327278733253479
   vertex -0.05059775710105896 -2.5045417600272425e-17 -0.40902271866798401
  endloop
 endfacet
 facet normal 3.7497508195921681e-25 -1 6.1232349055467201e-17
  outer loop
   vertex -0.15503221750259399 -2.6548571863765012e-17 -0.43357107043266296
   vertex -0.14146500825881958 -2.9060615159331375e-17 -0.47459584474563599
   vertex -0.10202427208423615 -2.6496940904290677e-17 -0.4327278733253479
  endloop
 endfacet
 facet normal 3.9803630533479665e-25 -1 6.1232347605713569e-17
  outer loop
   vertex -0.15503221750259399 -2.6548571863765012e-17 -0.43357107043266296
   vertex -0.10202427208423615 -2.6496940904290677e-17 -0.4327278733253479
   vertex -0.1423528790473938 -2.4125076598411225e-17 -0.39399239420890808
  endloop
 endfacet
 facet normal 2.4945321878405564e-23 -1 6.1232358638423519e-17
  outer loop
   vertex -0.1423528790473938 -2.4125076598411225e-17 -0.39399239420890808
   vertex -0.13189733028411865 -2.1145456226709462e-17 -0.34533151984214783
   vertex -0.18249581754207611 -2.2212964240072421e-17 -0.36276522278785706
  endloop
 endfacet
 facet normal -6.5125388465221284e-24 -1 6.1232340410917593e-17
  outer loop
   vertex -0.090871289372444153 -2.3157660747889632e-17 -0.37819328904151917
   vertex -0.1423528790473938 -2.4125076598411225e-17 -0.39399239420890808
   vertex -0.10202427208423615 -2.6496940904290677e-17 -0.4327278733253479
  endloop
 endfacet
 facet normal 5.1062806028214346e-24 -1 6.1232338707229561e-17
  outer loop
   vertex -0.1754431426525116 2.1643381318748513e-18 0.035346325486898422
   vertex -0.13179631531238556 3.9915877564251556e-18 0.065187573432922363
   vertex -0.18242320418357849 5.1935304037111517e-18 0.084816791117191315
  endloop
 endfacet
 facet normal -7.8338876992897305e-24 -1 6.1232327997604965e-17
  outer loop
   vertex -0.24244534969329834 -1.6756564936678655e-17 -0.2736554741859436
   vertex -0.22381950914859772 -1.9891218807507557e-17 -0.32484826445579529
   vertex -0.18807648122310638 -1.7110596584490126e-17 -0.27943724393844604
  endloop
 endfacet
 facet normal -7.6290889361695092e-24 -1 6.1232329923430016e-17
  outer loop
   vertex -0.24244534969329834 -1.6756564936678655e-17 -0.2736554741859436
   vertex -0.18807648122310638 -1.7110596584490126e-17 -0.27943724393844604
   vertex -0.21101225912570953 -1.4172199585795555e-17 -0.23144957423210144
  endloop
 endfacet
 facet normal -2.4446710135470965e-24 -1 6.1232356444447723e-17
  outer loop
   vertex -0.26792639493942261 2.204690442337995e-17 0.36005327105522156
   vertex -0.30298012495040894 2.3918867089146655e-17 0.39062473177909851
   vertex -0.30324804782867432 2.1062814266070514e-17 0.34398186206817627
  endloop
 endfacet
 facet normal 1.5235266034338307e-24 -1 6.1232339413896028e-17
  outer loop
   vertex -0.13178104162216187 -1.9047862264485749e-18 -0.031107520684599876
   vertex -0.16595567762851715 -3.7913794942034467e-19 -0.0061917924322187901
   vertex -0.18231132626533508 -3.0889318760603394e-18 -0.050446085631847382
  endloop
 endfacet
 facet normal 2.3640142117303549e-24 -1 6.1232337217762131e-17
  outer loop
   vertex -0.13178104162216187 -1.9047862264485749e-18 -0.031107520684599876
   vertex -0.18231132626533508 -3.0889318760603394e-18 -0.050446085631847382
   vertex -0.13362851738929749 -4.7142416908729199e-18 -0.076989412307739258
  endloop
 endfacet
 facet normal 1.4852486179483888e-24 -1 6.1232312700378252e-17
  outer loop
   vertex 0.18821151554584503 -2.4873837180171775e-17 -0.40622058510780334
   vertex 0.1424294114112854 -2.635013123481354e-17 -0.4303303062915802
   vertex 0.19570589065551758 -2.7930610341967584e-17 -0.45614150166511536
  endloop
 endfacet
 facet normal -3.7164819657415411e-25 -1 6.1232339338736776e-17
  outer loop
   vertex 0.22860521078109741 9.5109855488612662e-18 0.15532618761062622
   vertex 0.1907200813293457 1.1583025006831072e-17 0.18916516005992889
   vertex 0.18021096289157867 8.6157784299124901e-18 0.14070634543895721
  endloop
 endfacet
 facet normal -1.5894980206495758e-24 -1 6.1232359458922899e-17
  outer loop
   vertex 0.10922136902809143 2.6660810346721107e-17 0.43540406227111816
   vertex 0.10930679738521576 2.4126886469591491e-17 0.39402195811271667
   vertex 0.14690199494361877 2.5523493252742347e-17 0.41683027148246765
  endloop
 endfacet
 facet normal 2.2460343871175686e-24 -1 6.1232337526223866e-17
  outer loop
   vertex 0.045419145375490189 -2.1346386255714411e-18 -0.034861292690038681
   vertex 0.079813756048679352 -4.9419777483985693e-18 -0.080708622932434082
   vertex 0.10677814483642578 -1.7004997053130381e-18 -0.027771268039941788
  endloop
 endfacet
 facet normal -9.3837642011886067e-24 -1 6.1232328284254375e-17
  outer loop
   vertex -0.16778272390365601 1.523690345688196e-17 0.24883751571178436
   vertex -0.17617814242839813 1.8670571538620205e-17 0.30491358041763306
   vertex -0.22067981958389282 1.6909985433611315e-17 0.27616101503372192
  endloop
 endfacet
 facet normal 1.0986476525962572e-24 -1 6.123233259707425e-17
  outer loop
   vertex -0.12705649435520172 -1.7641287541363322e-17 -0.28810408711433411
   vertex -0.18807648122310638 -1.7110596584490126e-17 -0.27943724393844604
   vertex -0.17033970355987549 -1.9626878353515211e-17 -0.32053124904632568
  endloop
 endfacet
 facet normal 8.2890307657858525e-24 -1 6.1232322999476501e-17
  outer loop
   vertex -0.12705649435520172 -1.7641287541363322e-17 -0.28810408711433411
   vertex -0.17033970355987549 -1.9626878353515211e-17 -0.32053124904632568
   vertex -0.13189733028411865 -2.1145456226709462e-17 -0.34533151984214783
  endloop
 endfacet
 facet normal -1.9022664681439697e-24 -1 6.1232341001028037e-17
  outer loop
   vertex 0.011460382491350174 4.9745122094563518e-19 0.008123994804918766
   vertex -0.0099254995584487915 -2.3296909159387421e-18 -0.038046739995479584
   vertex 0.045419145375490189 -2.1346386255714411e-18 -0.034861292690038681
  endloop
 endfacet
 facet normal -1.6218883208993192e-24 -1 6.123233612967794e-17
  outer loop
   vertex -0.0099254995584487915 -2.3296909159387421e-18 -0.038046739995479584
   vertex 0.020549716427922249 -5.0874875035430786e-18 -0.08308497816324234
   vertex 0.045419145375490189 -2.1346386255714411e-18 -0.034861292690038681
  endloop
 endfacet
 facet normal 3.7293130166316522e-24 -1 6.1232347443556196e-17
  outer loop
   vertex -0.041427098214626312 -5.1647283883723615e-18 -0.084346413612365723
   vertex -0.0036601556930691004 -8.1243189951314594e-18 -0.13268019258975983
   vertex 0.020549716427922249 -5.0874875035430786e-18 -0.08308497816324234
  endloop
 endfacet
 facet normal 4.3008057260290681e-24 -1 6.1232347235446443e-17
  outer loop
   vertex -0.27885487675666809 -2.131390659537221e-17 -0.34808251261711121
   vertex -0.23524054884910583 -2.326760628618773e-17 -0.37998884916305542
   vertex -0.22381950914859772 -1.9891218807507557e-17 -0.32484826445579529
  endloop
 endfacet
 facet normal 3.7687871241345187e-24 -1 6.1232343145909913e-17
  outer loop
   vertex -0.42259663343429565 8.6950033074409814e-18 0.14200018346309662
   vertex -0.40938916802406311 1.1353575858256826e-17 0.18541796505451202
   vertex -0.46094775199890137 1.0951098723509962e-17 0.17884501814842224
  endloop
 endfacet
 facet normal 7.8193428228020253e-24 -1 6.1232350369419514e-17
  outer loop
   vertex -0.27281701564788818 8.8416946900905228e-18 0.14439582824707031
   vertex -0.32090288400650024 1.1002840525186379e-17 0.17969001829624176
   vertex -0.32725724577903748 7.5483440356240481e-18 0.1232738196849823
  endloop
 endfacet
 facet normal 1.2202645586162684e-23 -1 6.1232339071819168e-17
  outer loop
   vertex -0.27281701564788818 8.8416946900905228e-18 0.14439582824707031
   vertex -0.32725724577903748 7.5483440356240481e-18 0.1232738196849823
   vertex -0.28050577640533447 5.5307851743388219e-18 0.090324573218822479
  endloop
 endfacet
 facet normal -4.8503361365925435e-24 -1 6.1232351796451561e-17
  outer loop
   vertex -0.32090288400650024 1.1002840525186379e-17 0.17969001829624176
   vertex -0.37140351533889771 9.4860940298683205e-18 0.15491966903209686
   vertex -0.32725724577903748 7.5483440356240481e-18 0.1232738196849823
  endloop
 endfacet
 facet normal 7.3249140488443101e-24 -1 6.1232332150837934e-17
  outer loop
   vertex -0.28050577640533447 5.5307851743388219e-18 0.090324573218822479
   vertex -0.32725724577903748 7.5483440356240481e-18 0.1232738196849823
   vertex -0.33648061752319336 3.9668488522552259e-18 0.064783558249473572
  endloop
 endfacet
 facet normal -4.2336748405153342e-26 -1 6.1232343794275997e-17
  outer loop
   vertex -0.21558555960655212 1.017583113902015e-17 0.16618393361568451
   vertex -0.1792963445186615 1.2266673239493899e-17 0.2003299742937088
   vertex -0.21868588030338287 1.3613324931091453e-17 0.22232246398925781
  endloop
 endfacet
 facet normal -2.5526437295626243e-24 -1 6.1232346462142257e-17
  outer loop
   vertex -0.1792963445186615 1.2266673239493899e-17 0.2003299742937088
   vertex -0.21558555960655212 1.017583113902015e-17 0.16618393361568451
   vertex -0.16075414419174194 9.9051495184519722e-18 0.16176337003707886
  endloop
 endfacet
 facet normal -1.1135304949868433e-23 -1 6.1232342335737388e-17
  outer loop
   vertex -0.13496306538581848 1.2457001708178063e-17 0.20343828201293945
   vertex -0.1792963445186615 1.2266673239493899e-17 0.2003299742937088
   vertex -0.16075414419174194 9.9051495184519722e-18 0.16176337003707886
  endloop
 endfacet
 facet normal -1.3983071504279856e-23 -1 6.1232367426302732e-17
  outer loop
   vertex -0.37376502156257629 -1.9706001487828358e-17 -0.32182341814041138
   vertex -0.34948703646659851 -1.6966615872707921e-17 -0.27708587050437927
   vertex -0.40097033977508545 -1.7627556343194941e-17 -0.28787985444068909
  endloop
 endfacet
 facet normal -7.4586366663552531e-24 -1 6.1232336307166405e-17
  outer loop
   vertex -0.34948703646659851 -1.6966615872707921e-17 -0.27708587050437927
   vertex -0.38097691535949707 -1.4970324652152045e-17 -0.24448396265506744
   vertex -0.40097033977508545 -1.7627556343194941e-17 -0.28787985444068909
  endloop
 endfacet
 facet normal 1.5977165810712379e-23 -1 6.1232335480833645e-17
  outer loop
   vertex -0.42118418216705322 -1.5886817609803649e-17 -0.25945141911506653
   vertex -0.38097691535949707 -1.4970324652152045e-17 -0.24448396265506744
   vertex -0.40809673070907593 -1.3563350814384062e-17 -0.22150632739067078
  endloop
 endfacet
 facet normal 2.6409028332093317e-25 -1 6.1232339997590458e-17
  outer loop
   vertex -0.041103359311819077 1.7407090582868174e-19 0.0028427937068045139
   vertex -0.0099254995584487915 -2.3296909159387421e-18 -0.038046739995479584
   vertex 0.011460382491350174 4.9745122094563518e-19 0.008123994804918766
  endloop
 endfacet
 facet normal -1.0983229858884115e-23 -1 6.1232343538661263e-17
  outer loop
   vertex 0.084571398794651031 2.1922385617049893e-17 0.35801973938941956
   vertex 0.071031540632247925 2.4640299277829679e-17 0.40240663290023804
   vertex 0.037788990885019302 2.2378084379589031e-17 0.36546185612678528
  endloop
 endfacet
 facet normal -3.0072283247032507e-24 -1 6.1232340628948023e-17
  outer loop
   vertex -0.16778272390365601 1.523690345688196e-17 0.24883751571178436
   vertex -0.22067981958389282 1.6909985433611315e-17 0.27616101503372192
   vertex -0.21868588030338287 1.3613324931091453e-17 0.22232246398925781
  endloop
 endfacet
 facet normal -1.8311272575421829e-24 -1 6.1232345641029489e-17
  outer loop
   vertex -0.32090288400650024 1.1002840525186379e-17 0.17969001829624176
   vertex -0.36697140336036682 1.1863492174045752e-17 0.19374552369117737
   vertex -0.37140351533889771 9.4860940298683205e-18 0.15491966903209686
  endloop
 endfacet
 facet normal 2.9752130413680612e-24 -1 6.1232341688828403e-17
  outer loop
   vertex 0.32095351815223694 3.1999709471282328e-18 0.052259489893913269
   vertex 0.27739769220352173 2.8581013358631292e-18 0.046676337718963623
   vertex 0.31596758961677551 2.0835711570400139e-19 0.0034027299843728542
  endloop
 endfacet
 facet normal -3.6807805012365206e-24 -1 6.123233713146028e-17
  outer loop
   vertex 0.25586658716201782 5.1022109048562163e-18 0.083325430750846863
   vertex 0.21978855133056641 6.5730583887546259e-18 0.10734619200229645
   vertex 0.21879318356513977 3.1779052839029213e-18 0.051899131387472153
  endloop
 endfacet
 facet normal 1.80743470313601e-24 -1 6.1232337468819444e-17
  outer loop
   vertex -0.3773820698261261 -3.9473422790500004e-18 -0.0644649937748909
   vertex -0.3958209753036499 -1.1180390294177517e-18 -0.018258962780237198
   vertex -0.42854920029640198 -3.2171492137042746e-18 -0.052540034055709839
  endloop
 endfacet
 facet normal -7.8834367156399346e-25 -1 6.1232347413613255e-17
  outer loop
   vertex -0.38641020655632019 1.9175770443375742e-17 0.31316408514976501
   vertex -0.4214898943901062 1.6104246996896887e-17 0.26300230622291565
   vertex -0.36396321654319763 1.6269304270686944e-17 0.2656978964805603
  endloop
 endfacet
 facet normal 5.6651321302144876e-24 -1 6.1232354588920632e-17
  outer loop
   vertex -0.36396321654319763 1.6269304270686944e-17 0.2656978964805603
   vertex -0.39122116565704346 1.3778751127434708e-17 0.22502408921718597
   vertex -0.34259879589080811 1.3739910034591668e-17 0.22438976168632507
  endloop
 endfacet
 facet normal -1.9752684969693709e-23 -1 6.1232348085936207e-17
  outer loop
   vertex -0.012241105549037457 -1.5898735628069313e-17 -0.25964605808258057
   vertex 0.035015765577554703 -1.4532722947054342e-17 -0.23733736574649811
   vertex -0.0040579172782599926 -1.3269050705785658e-17 -0.21670004725456238
  endloop
 endfacet
 facet normal -3.9564103297266425e-24 -1 6.1232345076020105e-17
  outer loop
   vertex -0.012241105549037457 -1.5898735628069313e-17 -0.25964605808258057
   vertex -0.0040579172782599926 -1.3269050705785658e-17 -0.21670004725456238
   vertex -0.047589946538209915 -1.3778060431623226e-17 -0.22501280903816223
  endloop
 endfacet
 facet normal -6.7429425954656986e-24 -1 6.1232339614863385e-17
  outer loop
   vertex -0.054309852421283722 -2.3018806901544031e-18 -0.037592563778162003
   vertex -0.090589143335819244 -3.5145109245448906e-18 -0.05739632248878479
   vertex -0.041427098214626312 -5.1647283883723615e-18 -0.084346413612365723
  endloop
 endfacet
 facet normal 1.929704313769421e-24 -1 6.1232337235250006e-17
  outer loop
   vertex -0.090589143335819244 -3.5145109245448906e-18 -0.05739632248878479
   vertex -0.13178104162216187 -1.9047862264485749e-18 -0.031107520684599876
   vertex -0.13362851738929749 -4.7142416908729199e-18 -0.076989412307739258
  endloop
 endfacet
 facet normal -1.3053896562582493e-24 -1 6.1232341463101279e-17
  outer loop
   vertex 0.058732535690069199 5.1900665848960859e-18 0.084760218858718872
   vertex 0.033066313713788986 7.5594671333210487e-18 0.1234554648399353
   vertex 0.01688339002430439 5.2637104748316819e-18 0.085962913930416107
  endloop
 endfacet
 facet normal -9.3499037292532767e-25 -1 6.1232341708783922e-17
  outer loop
   vertex 0.033066313713788986 7.5594671333210487e-18 0.1234554648399353
   vertex 0.058732535690069199 5.1900665848960859e-18 0.084760218858718872
   vertex 0.081977151334285736 7.5512342046843084e-18 0.12332101166248322
  endloop
 endfacet
 facet normal 1.119745200926231e-24 -1 6.1232337261062324e-17
  outer loop
   vertex -0.27462694048881531 -5.1117363032000707e-18 -0.083480991423130035
   vertex -0.29504159092903137 -2.1253194019952656e-18 -0.034709099680185318
   vertex -0.32677099108695984 -4.5528000235403329e-18 -0.074352867901325226
  endloop
 endfacet
 facet normal -1.8918819325670854e-25 -1 6.1232338308684015e-17
  outer loop
   vertex -0.32677099108695984 -4.5528000235403329e-18 -0.074352867901325226
   vertex -0.29504159092903137 -2.1253194019952656e-18 -0.034709099680185318
   vertex -0.34654265642166138 -1.639431855820392e-18 -0.026773953810334206
  endloop
 endfacet
 facet normal -2.5736578352148104e-23 -1 6.1232291533405336e-17
  outer loop
   vertex 0.035926755517721176 -3.0229566948656612e-17 -0.49368631839752197
   vertex 0.063081078231334686 -2.7803174896797665e-17 -0.45406028628349304
   vertex 0.017721477895975113 -2.8172451483298488e-17 -0.46009105443954468
  endloop
 endfacet
 facet normal 1.0701028041947619e-24 -1 6.1232340837777205e-17
  outer loop
   vertex -0.49423062801361084 1.068888164215004e-18 0.017456268891692162
   vertex -0.44443124532699585 -2.4159732984535359e-19 -0.0039455839432775974
   vertex -0.44546428322792053 2.6992295118985914e-18 0.044081762433052063
  endloop
 endfacet
 facet normal 1.681502025205055e-25 -1 6.1232338431996361e-17
  outer loop
   vertex 0.36058706045150757 2.0533730934717815e-18 0.033534128218889236
   vertex 0.40489888191223145 4.1135110250893865e-19 0.0067178732715547085
   vertex 0.40317690372467041 3.5819414473092946e-18 0.058497544378042221
  endloop
 endfacet
 facet normal 1.3018218151094427e-24 -1 6.1232332460725658e-17
  outer loop
   vertex 0.29779282212257385 5.3983734106037835e-18 0.088162131607532501
   vertex 0.32095351815223694 3.1999709471282328e-18 0.052259489893913269
   vertex 0.35257521271705627 5.4782099881952578e-18 0.08946596086025238
  endloop
 endfacet
 facet normal 1.1408317261138377e-25 -1 6.1232337855898625e-17
  outer loop
   vertex 0.25586658716201782 5.1022109048562163e-18 0.083325430750846863
   vertex 0.29779282212257385 5.3983734106037835e-18 0.088162131607532501
   vertex 0.26542583107948303 7.5280648757266981e-18 0.12294263392686844
  endloop
 endfacet
 facet normal -4.0606431464009717e-24 -1 6.1232333282563254e-17
  outer loop
   vertex 0.16366583108901978 -8.4487723185992589e-18 -0.1379789263010025
   vertex 0.14444929361343384 -4.9823991698018918e-18 -0.08136875182390213
   vertex 0.10853415727615356 -7.9252464001919975e-18 -0.12942910194396973
  endloop
 endfacet
 facet normal 8.1260385389088265e-24 -1 6.1232341650827051e-17
  outer loop
   vertex -0.10870645940303802 9.6375830600706695e-18 0.157393679022789
   vertex -0.082935430109500885 1.2510098431697841e-17 0.20430541038513184
   vertex -0.13496306538581848 1.2457001708178063e-17 0.20343828201293945
  endloop
 endfacet
 facet normal 1.0407907716754334e-24 -1 6.1232332196785655e-17
  outer loop
   vertex -0.17096273601055145 -6.3801536660526657e-18 -0.10419581830501556
   vertex -0.22123531997203827 -5.6652607537021802e-18 -0.092520728707313538
   vertex -0.20259381830692291 -8.6740053275913228e-18 -0.1416572630405426
  endloop
 endfacet
 facet normal 7.2423732460999813e-24 -1 6.1232349171588623e-17
  outer loop
   vertex -0.10025186091661453 -1.4283708495451379e-17 -0.23327066004276276
   vertex -0.12918314337730408 -1.1625047436309991e-17 -0.18985143303871155
   vertex -0.15580418705940247 -1.441584563522305e-17 -0.23542861640453339
  endloop
 endfacet
 facet normal -8.0698462440543413e-24 -1 6.1232336861374483e-17
  outer loop
   vertex 0.12920144200325012 -1.7341772059002771e-17 -0.28321263194084167
   vertex 0.087289460003376007 -1.9040294802651807e-17 -0.31095162034034729
   vertex 0.13433946669101715 -2.0327867600539599e-17 -0.33197927474975586
  endloop
 endfacet
 facet normal -1.6563631214467098e-24 -1 6.1232351211735113e-17
  outer loop
   vertex 0.13433946669101715 -2.0327867600539599e-17 -0.33197927474975586
   vertex 0.087289460003376007 -1.9040294802651807e-17 -0.31095162034034729
   vertex 0.091421529650688171 -2.1933656780076541e-17 -0.35820379853248596
  endloop
 endfacet
 facet normal -5.4563340327797433e-24 -1 6.1232335573518873e-17
  outer loop
   vertex 0.21441802382469177 -9.0578361569700164e-18 -0.14792568981647491
   vertex 0.1993088573217392 -6.3378954900991692e-18 -0.1035056859254837
   vertex 0.16366583108901978 -8.4487723185992589e-18 -0.1379789263010025
  endloop
 endfacet
 facet normal 2.0742509206596175e-24 -1 6.1232336223411995e-17
  outer loop
   vertex -0.026717217639088631 -1.1027629473783368e-17 -0.18009485304355621
   vertex 0.030704790726304054 -1.1121455743484645e-17 -0.18162715435028076
   vertex -0.0036601556930691004 -8.1243189951314594e-18 -0.13268019258975983
  endloop
 endfacet
 facet normal -1.2959100537629558e-23 -1 6.1232344956533624e-17
  outer loop
   vertex -0.31267088651657104 1.6013013938415964e-17 0.26151236891746521
   vertex -0.36396321654319763 1.6269304270686944e-17 0.2656978964805603
   vertex -0.34259879589080811 1.3739910034591668e-17 0.22438976168632507
  endloop
 endfacet
 facet normal 8.5583529681370943e-24 -1 6.12323366394607e-17
  outer loop
   vertex 0.21777629852294922 -1.6806283454576767e-17 -0.27446743845939636
   vertex 0.22732175886631012 -1.9949735218400783e-17 -0.32580390572547913
   vertex 0.27455514669418335 -1.7966344706678285e-17 -0.29341268539428711
  endloop
 endfacet
 facet normal -4.6327914520455694e-24 -1 6.1232335749193821e-17
  outer loop
   vertex -0.054309852421283722 -2.3018806901544031e-18 -0.037592563778162003
   vertex -0.088307753205299377 -7.0575184279873861e-19 -0.011525802314281464
   vertex -0.090589143335819244 -3.5145109245448906e-18 -0.05739632248878479
  endloop
 endfacet
 facet normal -1.598494627609033e-24 -1 6.123233520450701e-17
  outer loop
   vertex 0.21978855133056641 6.5730583887546259e-18 0.10734619200229645
   vertex 0.26542583107948303 7.5280648757266981e-18 0.12294263392686844
   vertex 0.22860521078109741 9.5109855488612662e-18 0.15532618761062622
  endloop
 endfacet
 facet normal 1.0228135247617843e-24 -1 6.1232334722823327e-17
  outer loop
   vertex 0.21978855133056641 6.5730583887546259e-18 0.10734619200229645
   vertex 0.22860521078109741 9.5109855488612662e-18 0.15532618761062622
   vertex 0.18021096289157867 8.6157784299124901e-18 0.14070634543895721
  endloop
 endfacet
 facet normal -9.2456367341879795e-25 -1 6.1232345501766844e-17
  outer loop
   vertex 0.033066313713788986 7.5594671333210487e-18 0.1234554648399353
   vertex 0.081977151334285736 7.5512342046843084e-18 0.12332101166248322
   vertex 0.056897733360528946 1.0234169706081677e-17 0.16713666915893555
  endloop
 endfacet
 facet normal -2.2205602756202652e-25 -1 6.1232333463632383e-17
  outer loop
   vertex -0.21101225912570953 -1.4172199585795555e-17 -0.23144957423210144
   vertex -0.18807648122310638 -1.7110596584490126e-17 -0.27943724393844604
   vertex -0.15580418705940247 -1.441584563522305e-17 -0.23542861640453339
  endloop
 endfacet
 facet normal 3.5455746075230775e-24 -1 6.1232343424141684e-17
  outer loop
   vertex 0.002741602249443531 1.0120825282646598e-17 0.1652856171131134
   vertex -0.052764575928449631 9.6977116459777616e-18 0.15837565064430237
   vertex -0.017279842868447304 7.0497567855046479e-18 0.11513126641511917
  endloop
 endfacet
 facet normal 3.3888711139799674e-24 -1 6.1232343486697183e-17
  outer loop
   vertex 0.002741602249443531 1.0120825282646598e-17 0.1652856171131134
   vertex -0.017279842868447304 7.0497567855046479e-18 0.11513126641511917
   vertex 0.033066313713788986 7.5594671333210487e-18 0.1234554648399353
  endloop
 endfacet
 facet normal 5.8454009715659815e-24 -1 6.1232337764568537e-17
  outer loop
   vertex -0.42259663343429565 8.6950033074409814e-18 0.14200018346309662
   vertex -0.43572834134101868 5.7437808733487763e-18 0.093803063035011292
   vertex -0.38165876269340515 6.4937499659842667e-18 0.10605098307132721
  endloop
 endfacet
 facet normal 4.864880458292763e-24 -1 6.1232342093167257e-17
  outer loop
   vertex -0.38165876269340515 6.4937499659842667e-18 0.10605098307132721
   vertex -0.43572834134101868 5.7437808733487763e-18 0.093803063035011292
   vertex -0.39619174599647522 3.5383862521553149e-18 0.057786233723163605
  endloop
 endfacet
 facet normal 8.7563181531369437e-27 -1 6.1232340534544817e-17
  outer loop
   vertex 0.19495487213134766 -3.2491419231596232e-19 -0.0053062513470649719
   vertex 0.25454020500183105 6.2316233058050541e-20 0.0010177013464272022
   vertex 0.21879318356513977 3.1779052839029213e-18 0.051899131387472153
  endloop
 endfacet
 facet normal -9.4531788660228069e-25 -1 6.1232335715163828e-17
  outer loop
   vertex -0.39619174599647522 3.5383862521553149e-18 0.057786233723163605
   vertex -0.43572834134101868 5.7437808733487763e-18 0.093803063035011292
   vertex -0.44546428322792053 2.6992295118985914e-18 0.044081762433052063
  endloop
 endfacet
 facet normal -1.7890192604125814e-24 -1 6.1232339844630082e-17
  outer loop
   vertex -0.43572834134101868 5.7437808733487763e-18 0.093803063035011292
   vertex -0.42259663343429565 8.6950033074409814e-18 0.14200018346309662
   vertex -0.47642454504966736 8.1594700352619003e-18 0.13325425982475281
  endloop
 endfacet
 facet normal 9.4042386084734808e-25 -1 6.1232341173742895e-17
  outer loop
   vertex 0.080484792590141296 -1.0187352110591788e-17 -0.16637209057807922
   vertex 0.10853415727615356 -7.9252464001919975e-18 -0.12942910194396973
   vertex 0.05280718207359314 -7.8853804305700043e-18 -0.12877804040908813
  endloop
 endfacet
 facet normal -5.8962774942869799e-25 -1 6.123233965216063e-17
  outer loop
   vertex -0.42854920029640198 -3.2171492137042746e-18 -0.052540034055709839
   vertex -0.44443124532699585 -2.4159732984535359e-19 -0.0039455839432775974
   vertex -0.49194782972335815 -2.0877850477249063e-18 -0.034096118062734604
  endloop
 endfacet
 facet normal 1.1106034780649517e-24 -1 6.1232345187440274e-17
  outer loop
   vertex -0.10743259638547897 -9.0031653087445491e-18 -0.14703284204006195
   vertex -0.13191811740398407 -7.0974015616070898e-18 -0.11590936034917831
   vertex -0.15376050770282745 -9.0584788763059701e-18 -0.14793618023395538
  endloop
 endfacet
 facet normal 1.4054506400016243e-24 -1 6.1232330066134362e-17
  outer loop
   vertex -0.10743259638547897 -9.0031653087445491e-18 -0.14703284204006195
   vertex -0.15376050770282745 -9.0584788763059701e-18 -0.14793618023395538
   vertex -0.12918314337730408 -1.1625047436309991e-17 -0.18985143303871155
  endloop
 endfacet
 facet normal 1.0155655568127072e-23 -1 6.1232328751520355e-17
  outer loop
   vertex -0.30324804782867432 2.1062814266070514e-17 0.34398186206817627
   vertex -0.27453345060348511 1.8601417585049547e-17 0.30378419160842896
   vertex -0.26792639493942261 2.204690442337995e-17 0.36005327105522156
  endloop
 endfacet
 facet normal -5.1559340698431143e-25 -1 6.1232341119101052e-17
  outer loop
   vertex -0.041103359311819077 1.7407090582868174e-19 0.0028427937068045139
   vertex -0.088307753205299377 -7.0575184279873861e-19 -0.011525802314281464
   vertex -0.054309852421283722 -2.3018806901544031e-18 -0.037592563778162003
  endloop
 endfacet
 facet normal 1.0600336965135598e-24 -1 6.1232340604489341e-17
  outer loop
   vertex -0.041103359311819077 1.7407090582868174e-19 0.0028427937068045139
   vertex -0.054309852421283722 -2.3018806901544031e-18 -0.037592563778162003
   vertex -0.0099254995584487915 -2.3296909159387421e-18 -0.038046739995479584
  endloop
 endfacet
 facet normal -1.6697515759159311e-23 -1 6.1232331537726006e-17
  outer loop
   vertex -0.27141493558883667 -1.8776783183633239e-17 -0.3066481351852417
   vertex -0.31765139102935791 -1.9239170528605481e-17 -0.31419950723648071
   vertex -0.27885487675666809 -2.131390659537221e-17 -0.34808251261711121
  endloop
 endfacet
 facet normal -2.1557678189238511e-24 -1 6.123233482864092e-17
  outer loop
   vertex -0.041427098214626312 -5.1647283883723615e-18 -0.084346413612365723
   vertex -0.09387023001909256 -6.330996803790477e-18 -0.10339302569627762
   vertex -0.058421052992343903 -8.5040155758086129e-18 -0.13888111710548401
  endloop
 endfacet
 facet normal 2.278217117031411e-23 -1 6.1232331341425378e-17
  outer loop
   vertex 0.035015765577554703 -1.4532722947054342e-17 -0.23733736574649811
   vertex 0.081784233450889587 -1.602668557958024e-17 -0.26173564791679382
   vertex 0.080543234944343567 -1.2893758034689737e-17 -0.2105710506439209
  endloop
 endfacet
 facet normal 9.5926819172384828e-25 -1 6.1232334647434849e-17
  outer loop
   vertex 0.21978855133056641 6.5730583887546259e-18 0.10734619200229645
   vertex 0.18021096289157867 8.6157784299124901e-18 0.14070634543895721
   vertex 0.1700606495141983 5.5520796984380808e-18 0.090672343969345093
  endloop
 endfacet
 facet normal -4.7567474400944445e-24 -1 6.1232330994776353e-17
  outer loop
   vertex -0.065188966691493988 -1.6774681846454792e-17 -0.27395135164260864
   vertex -0.025328183546662331 -1.8990045234800436e-17 -0.31013098359107971
   vertex -0.012241105549037457 -1.5898735628069313e-17 -0.25964605808258057
  endloop
 endfacet
 facet normal 1.4942521882358794e-25 -1 6.1232337062701672e-17
  outer loop
   vertex 0.21978855133056641 6.5730583887546259e-18 0.10734619200229645
   vertex 0.1700606495141983 5.5520796984380808e-18 0.090672343969345093
   vertex 0.21879318356513977 3.1779052839029213e-18 0.051899131387472153
  endloop
 endfacet
 facet normal 8.2165853105528127e-25 -1 6.1232337907605413e-17
  outer loop
   vertex 0.1700606495141983 5.5520796984380808e-18 0.090672343969345093
   vertex 0.15870626270771027 2.4374307771334677e-18 0.039806265383958817
   vertex 0.21879318356513977 3.1779052839029213e-18 0.051899131387472153
  endloop
 endfacet
 facet normal -1.3706518172624412e-24 -1 6.1232339010803094e-17
  outer loop
   vertex 0.19492232799530029 -3.4877309522134863e-18 -0.056958969682455063
   vertex 0.23387756943702698 -2.3586203170918655e-18 -0.038519192487001419
   vertex 0.19495487213134766 -3.2491419231596232e-19 -0.0053062513470649719
  endloop
 endfacet
 facet normal 2.0585589860878692e-24 -1 6.123233900864249e-17
  outer loop
   vertex 0.19492232799530029 -3.4877309522134863e-18 -0.056958969682455063
   vertex 0.19495487213134766 -3.2491419231596232e-19 -0.0053062513470649719
   vertex 0.15746176242828369 -2.0990584854982383e-18 -0.03428022563457489
  endloop
 endfacet
 facet normal 4.1099169198857764e-24 -1 6.1232339125690491e-17
  outer loop
   vertex 0.033066313713788986 7.5594671333210487e-18 0.1234554648399353
   vertex -0.017279842868447304 7.0497567855046479e-18 0.11513126641511917
   vertex 0.01688339002430439 5.2637104748316819e-18 0.085962913930416107
  endloop
 endfacet
 facet normal -1.2784957052070906e-24 -1 6.1232342398906953e-17
  outer loop
   vertex 0.058732535690069199 5.1900665848960859e-18 0.084760218858718872
   vertex 0.01688339002430439 5.2637104748316819e-18 0.085962913930416107
   vertex 0.033814281225204468 3.0338348230242542e-18 0.049546282738447189
  endloop
 endfacet
 facet normal -9.3605409954913407e-24 -1 6.1232332188205979e-17
  outer loop
   vertex -0.025328183546662331 -1.8990045234800436e-17 -0.31013098359107971
   vertex 0.033091586083173752 -1.8035551599808147e-17 -0.29454290866851807
   vertex -0.012241105549037457 -1.5898735628069313e-17 -0.25964605808258057
  endloop
 endfacet
 facet normal -1.0476032819093079e-23 -1 6.1232363095918339e-17
  outer loop
   vertex 0.31663671135902405 -1.9994735498084893e-17 -0.3265388011932373
   vertex 0.27455514669418335 -1.7966344706678285e-17 -0.29341268539428711
   vertex 0.27819919586181641 -2.1408289557625736e-17 -0.34962388873100281
  endloop
 endfacet
 facet normal -5.9174393225423795e-24 -1 6.1232345307428988e-17
  outer loop
   vertex -0.078089460730552673 -1.1377152160075812e-17 -0.18580299615859985
   vertex -0.026717217639088631 -1.1027629473783368e-17 -0.18009485304355621
   vertex -0.058421052992343903 -8.5040155758086129e-18 -0.13888111710548401
  endloop
 endfacet
 facet normal -1.3253667850873887e-23 -1 6.1232340688201239e-17
  outer loop
   vertex 0.13807222247123718 -2.3381619898738364e-17 -0.38185083866119385
   vertex 0.1424294114112854 -2.635013123481354e-17 -0.4303303062915802
   vertex 0.18821151554584503 -2.4873837180171775e-17 -0.40622058510780334
  endloop
 endfacet
 facet normal 8.2021691064322063e-24 -1 6.1232329634594142e-17
  outer loop
   vertex 0.10256213694810867 1.9067098763220975e-17 0.31138935685157776
   vertex 0.069629460573196411 1.6344718327133403e-17 0.2669295072555542
   vertex 0.12293215095996857 1.613119488689264e-17 0.26344239711761475
  endloop
 endfacet
 facet normal 1.649928835314184e-25 -1 6.1232341649501259e-17
  outer loop
   vertex -0.23240679502487183 3.2575493352068239e-18 0.05319981649518013
   vertex -0.26369065046310425 3.4590741587709875e-19 0.0056490967981517315
   vertex -0.21033488214015961 -4.020180171951543e-20 -0.00065654522040858865
  endloop
 endfacet
 facet normal -3.9264725331334923e-24 -1 6.1232337120002284e-17
  outer loop
   vertex -0.22123531997203827 -5.6652607537021802e-18 -0.092520728707313538
   vertex -0.24138848483562469 -2.6029715379915612e-18 -0.042509749531745911
   vertex -0.27462694048881531 -5.1117363032000707e-18 -0.083480991423130035
  endloop
 endfacet
 facet normal 1.2182242507183689e-23 -1 6.1232341573162425e-17
  outer loop
   vertex 0.21441802382469177 -9.0578361569700164e-18 -0.14792568981647491
   vertex 0.2389054149389267 -7.2343595099887197e-18 -0.11814606189727783
   vertex 0.1993088573217392 -6.3378954900991692e-18 -0.1035056859254837
  endloop
 endfacet
 facet normal 4.2500901448421552e-24 -1 6.123233734808655e-17
  outer loop
   vertex 0.39824405312538147 -2.6351614783242154e-18 -0.043035451322793961
   vertex 0.43618851900100708 -5.334113057536989e-18 -0.087112680077552795
   vertex 0.45230624079704285 -1.7724838573495465e-18 -0.028946859762072563
  endloop
 endfacet
 facet normal 1.1416260962831851e-23 -1 6.1232342782300699e-17
  outer loop
   vertex 0.05280718207359314 -7.8853804305700043e-18 -0.12877804040908813
   vertex -0.0036601556930691004 -8.1243189951314594e-18 -0.13268019258975983
   vertex 0.030704790726304054 -1.1121455743484645e-17 -0.18162715435028076
  endloop
 endfacet
 facet normal -1.0452420498644959e-24 -1 6.123234015536964e-17
  outer loop
   vertex 0.32961142063140869 -5.992670007088938e-18 -0.097867727279663086
   vertex 0.38355427980422974 -5.6150674341324625e-18 -0.091701008379459381
   vertex 0.34652382135391235 -2.9622590914151939e-18 -0.04837736114859581
  endloop
 endfacet
 facet normal -4.284929442953139e-25 -1 6.123233540687462e-17
  outer loop
   vertex 0.020549716427922249 -5.0874875035430786e-18 -0.08308497816324234
   vertex 0.05280718207359314 -7.8853804305700043e-18 -0.12877804040908813
   vertex 0.079813756048679352 -4.9419777483985693e-18 -0.080708622932434082
  endloop
 endfacet
 facet normal -4.3288864105979336e-25 -1 6.1232335516499119e-17
  outer loop
   vertex 0.020549716427922249 -5.0874875035430786e-18 -0.08308497816324234
   vertex 0.079813756048679352 -4.9419777483985693e-18 -0.080708622932434082
   vertex 0.045419145375490189 -2.1346386255714411e-18 -0.034861292690038681
  endloop
 endfacet
 facet normal 3.8837637095291153e-24 -1 6.1232339855088652e-17
  outer loop
   vertex -0.041427098214626312 -5.1647283883723615e-18 -0.084346413612365723
   vertex 0.020549716427922249 -5.0874875035430786e-18 -0.08308497816324234
   vertex -0.0099254995584487915 -2.3296909159387421e-18 -0.038046739995479584
  endloop
 endfacet
 facet normal 7.9973564757503073e-25 -1 6.1232344007094584e-17
  outer loop
   vertex 0.1993088573217392 -6.3378954900991692e-18 -0.1035056859254837
   vertex 0.19492232799530029 -3.4877309522134863e-18 -0.056958969682455063
   vertex 0.14444929361343384 -4.9823991698018918e-18 -0.08136875182390213
  endloop
 endfacet
 facet normal -1.6681642531142372e-24 -1 6.1232334757189819e-17
  outer loop
   vertex 0.21879318356513977 3.1779052839029213e-18 0.051899131387472153
   vertex 0.27739769220352173 2.8581013358631292e-18 0.046676337718963623
   vertex 0.25586658716201782 5.1022109048562163e-18 0.083325430750846863
  endloop
 endfacet
 facet normal 3.1898873058477281e-25 -1 6.1232340405266477e-17
  outer loop
   vertex 0.21879318356513977 3.1779052839029213e-18 0.051899131387472153
   vertex 0.15870626270771027 2.4374307771334677e-18 0.039806265383958817
   vertex 0.19495487213134766 -3.2491419231596232e-19 -0.0053062513470649719
  endloop
 endfacet
 facet normal 6.3877135319845421e-24 -1 6.1232337891059486e-17
  outer loop
   vertex 0.063081078231334686 -2.7803174896797665e-17 -0.45406028628349304
   vertex 0.096798770129680634 -2.9791776646379247e-17 -0.48653662204742432
   vertex 0.10581132024526596 -2.76457872416472e-17 -0.45148995518684387
  endloop
 endfacet
 facet normal 1.8766699699652051e-24 -1 6.1232339125657445e-17
  outer loop
   vertex 0.13107858598232269 7.8230010862161554e-18 0.12775930762290955
   vertex 0.14182725548744202 1.0724008694042716e-17 0.17513635754585266
   vertex 0.10128350555896759 9.8331227666139173e-18 0.16058708727359772
  endloop
 endfacet
 facet normal -6.6685336189271527e-24 -1 6.1232331369877705e-17
  outer loop
   vertex 0.13107858598232269 7.8230010862161554e-18 0.12775930762290955
   vertex 0.10128350555896759 9.8331227666139173e-18 0.16058708727359772
   vertex 0.081977151334285736 7.5512342046843084e-18 0.12332101166248322
  endloop
 endfacet
 facet normal -1.116335770320856e-24 -1 6.1232338857771807e-17
  outer loop
   vertex 0.10677814483642578 -1.7004997053130381e-18 -0.027771268039941788
   vertex 0.11046780645847321 1.5309919930322935e-18 0.025002997368574142
   vertex 0.063869670033454895 7.1300668205992322e-19 0.011644282378256321
  endloop
 endfacet
 facet normal 2.5767177572517059e-24 -1 6.1232341205035479e-17
  outer loop
   vertex 0.063869670033454895 7.1300668205992322e-19 0.011644282378256321
   vertex 0.075693391263484955 3.0369677695942988e-18 0.049597445875406265
   vertex 0.033814281225204468 3.0338348230242542e-18 0.049546282738447189
  endloop
 endfacet
 facet normal -1.7978633977701575e-24 -1 6.1232330599960998e-17
  outer loop
   vertex -0.10870645940303802 9.6375830600706695e-18 0.157393679022789
   vertex -0.16075414419174194 9.9051495184519722e-18 0.16176337003707886
   vertex -0.14142608642578125 7.1196047436092381e-18 0.1162719652056694
  endloop
 endfacet
 facet normal -7.0059015003257026e-24 -1 6.1232335102221641e-17
  outer loop
   vertex 0.13107858598232269 7.8230010862161554e-18 0.12775930762290955
   vertex 0.081977151334285736 7.5512342046843084e-18 0.12332101166248322
   vertex 0.11225578933954239 4.726469488277985e-18 0.07718910276889801
  endloop
 endfacet
 facet normal -2.2174134391890875e-24 -1 6.1232342698572926e-17
  outer loop
   vertex 0.075693391263484955 3.0369677695942988e-18 0.049597445875406265
   vertex 0.063869670033454895 7.1300668205992322e-19 0.011644282378256321
   vertex 0.11046780645847321 1.5309919930322935e-18 0.025002997368574142
  endloop
 endfacet
 facet normal 1.216097922995957e-25 -1 6.1232342599908441e-17
  outer loop
   vertex 0.011460382491350174 4.9745122094563518e-19 0.008123994804918766
   vertex 0.045419145375490189 -2.1346386255714411e-18 -0.034861292690038681
   vertex 0.063869670033454895 7.1300668205992322e-19 0.011644282378256321
  endloop
 endfacet
 facet normal 2.6375594698408792e-24 -1 6.1232359156630968e-17
  outer loop
   vertex 0.13611926138401031 2.1970279374516713e-17 0.35880190134048462
   vertex 0.10930679738521576 2.4126886469591491e-17 0.39402195811271667
   vertex 0.084571398794651031 2.1922385617049893e-17 0.35801973938941956
  endloop
 endfacet
 facet normal -1.5594985363473533e-24 -1 6.1232339905238265e-17
  outer loop
   vertex 0.18021096289157867 8.6157784299124901e-18 0.14070634543895721
   vertex 0.14182725548744202 1.0724008694042716e-17 0.17513635754585266
   vertex 0.13107858598232269 7.8230010862161554e-18 0.12775930762290955
  endloop
 endfacet
 facet normal -3.4399253096666945e-23 -1 6.1232356688532196e-17
  outer loop
   vertex 0.063081078231334686 -2.7803174896797665e-17 -0.45406028628349304
   vertex 0.033229116350412369 -2.5844302018431238e-17 -0.4220694899559021
   vertex 0.017721477895975113 -2.8172451483298488e-17 -0.46009105443954468
  endloop
 endfacet
 facet normal -5.1113033749431329e-24 -1 6.1232325820011296e-17
  outer loop
   vertex 0.25801298022270203 1.5715106495166216e-17 0.25664716958999634
   vertex 0.20466171205043793 1.812904617008379e-17 0.29606980085372925
   vertex 0.20194163918495178 1.4612794030349475e-17 0.2386450320482254
  endloop
 endfacet
 facet normal 8.1551020534786376e-24 -1 6.1232332941766308e-17
  outer loop
   vertex 0.37471330165863037 -1.672981060694624e-17 -0.2732185423374176
   vertex 0.42087608575820923 -1.5958160283275122e-17 -0.26061654090881348
   vertex 0.39026451110839844 -1.3767413789959056e-17 -0.22483892738819122
  endloop
 endfacet
 facet normal 8.8396478164866111e-24 -1 6.1232330434185392e-17
  outer loop
   vertex 0.42087608575820923 -1.5958160283275122e-17 -0.26061654090881348
   vertex 0.37471330165863037 -1.672981060694624e-17 -0.2732185423374176
   vertex 0.39653545618057251 -1.8218851514827447e-17 -0.29753643274307251
  endloop
 endfacet
 facet normal 9.881262304684776e-24 -1 6.1232346852471866e-17
  outer loop
   vertex -0.058421052992343903 -8.5040155758086129e-18 -0.13888111710548401
   vertex -0.09387023001909256 -6.330996803790477e-18 -0.10339302569627762
   vertex -0.10743259638547897 -9.0031653087445491e-18 -0.14703284204006195
  endloop
 endfacet
 facet normal -1.769651991491074e-23 -1 6.1232326558344477e-17
  outer loop
   vertex 0.23344875872135162 -2.3206912735922265e-17 -0.37899765372276306
   vertex 0.28745970129966736 -2.4627668229875994e-17 -0.40220034122467041
   vertex 0.27819919586181641 -2.1408289557625736e-17 -0.34962388873100281
  endloop
 endfacet
 facet normal 3.1001363676240927e-24 -1 6.123232867080852e-17
  outer loop
   vertex 0.13611926138401031 2.1970279374516713e-17 0.35880190134048462
   vertex 0.084571398794651031 2.1922385617049893e-17 0.35801973938941956
   vertex 0.10256213694810867 1.9067098763220975e-17 0.31138935685157776
  endloop
 endfacet
 facet normal -6.0315784650518588e-26 -1 6.1232342667261718e-17
  outer loop
   vertex -0.28880524635314941 -1.0761869577859881e-17 -0.17575466632843018
   vertex -0.25483143329620361 -8.1710224396968159e-18 -0.13344292342662811
   vertex -0.30761224031448364 -7.5950317637577661e-18 -0.1240362823009491
  endloop
 endfacet
 facet normal 1.0382207165224178e-23 -1 6.1232331818432459e-17
  outer loop
   vertex 0.37139049172401428 -2.0376102156418791e-17 -0.33276700973510742
   vertex 0.39653545618057251 -1.8218851514827447e-17 -0.29753643274307251
   vertex 0.37471330165863037 -1.672981060694624e-17 -0.2732185423374176
  endloop
 endfacet
 facet normal 1.5441471234953448e-23 -1 6.1232353634405075e-17
  outer loop
   vertex 0.25801298022270203 1.5715106495166216e-17 0.25664716958999634
   vertex 0.25915268063545227 1.9387679227060802e-17 0.31662482023239136
   vertex 0.20466171205043793 1.812904617008379e-17 0.29606980085372925
  endloop
 endfacet
 facet normal 1.1289197871027281e-24 -1 6.1232330065974309e-17
  outer loop
   vertex 0.13611926138401031 2.1970279374516713e-17 0.35880190134048462
   vertex 0.10256213694810867 1.9067098763220975e-17 0.31138935685157776
   vertex 0.1515665203332901 1.8700508859349725e-17 0.3054024875164032
  endloop
 endfacet
 facet normal 9.3917169477816068e-24 -1 6.1232342062992686e-17
  outer loop
   vertex 0.25801298022270203 1.5715106495166216e-17 0.25664716958999634
   vertex 0.31345421075820923 1.4798886507116755e-17 0.24168415367603302
   vertex 0.30480930209159851 1.7733801075432477e-17 0.28961494565010071
  endloop
 endfacet
 facet normal -2.7028096630821041e-24 -1 6.1232344599526659e-17
  outer loop
   vertex -0.18552769720554352 7.8320132189899207e-18 0.12790648639202118
   vertex -0.16075414419174194 9.9051495184519722e-18 0.16176337003707886
   vertex -0.21558555960655212 1.017583113902015e-17 0.16618393361568451
  endloop
 endfacet
 facet normal 1.7161490650754865e-23 -1 6.1232315360027946e-17
  outer loop
   vertex 0.066221281886100769 2.7444365453768088e-17 0.44820049405097961
   vertex 0.027114946395158768 2.82131950915504e-17 0.46075645089149475
   vertex 0.020523849874734879 2.5392714343536489e-17 0.41469448804855347
  endloop
 endfacet
 facet normal 4.7343941347376162e-24 -1 6.1232338817394812e-17
  outer loop
   vertex -0.25483143329620361 -8.1710224396968159e-18 -0.13344292342662811
   vertex -0.28880524635314941 -1.0761869577859881e-17 -0.17575466632843018
   vertex -0.23397502303123474 -1.121017500008402e-17 -0.18307605385780334
  endloop
 endfacet
 facet normal -1.4773686830102147e-23 -1 6.1232345549955719e-17
  outer loop
   vertex -0.17096273601055145 -6.3801536660526657e-18 -0.10419581830501556
   vertex -0.20259381830692291 -8.6740053275913228e-18 -0.1416572630405426
   vertex -0.15376050770282745 -9.0584788763059701e-18 -0.14793618023395538
  endloop
 endfacet
 facet normal 6.603632554452223e-24 -1 6.1232339602870222e-17
  outer loop
   vertex -0.25483143329620361 -8.1710224396968159e-18 -0.13344292342662811
   vertex -0.23397502303123474 -1.121017500008402e-17 -0.18307605385780334
   vertex -0.20259381830692291 -8.6740053275913228e-18 -0.1416572630405426
  endloop
 endfacet
 facet normal -1.4220424355482106e-23 -1 6.1232358160501606e-17
  outer loop
   vertex 0.066221281886100769 2.7444365453768088e-17 0.44820049405097961
   vertex 0.020523849874734879 2.5392714343536489e-17 0.41469448804855347
   vertex 0.071031540632247925 2.4640299277829679e-17 0.40240663290023804
  endloop
 endfacet
 facet normal -6.1272685584894662e-24 -1 6.1232353489111465e-17
  outer loop
   vertex 0.28745970129966736 -2.4627668229875994e-17 -0.40220034122467041
   vertex 0.23344875872135162 -2.3206912735922265e-17 -0.37899765372276306
   vertex 0.2363777756690979 -2.6692774259951381e-17 -0.43592607975006104
  endloop
 endfacet
 facet normal -1.2855425579896786e-25 -1 6.1232357050832972e-17
  outer loop
   vertex 0.10930679738521576 2.4126886469591491e-17 0.39402195811271667
   vertex 0.13611926138401031 2.1970279374516713e-17 0.35880190134048462
   vertex 0.14690199494361877 2.5523493252742347e-17 0.41683027148246765
  endloop
 endfacet
 facet normal 1.0470177203395319e-24 -1 6.1232353907929701e-17
  outer loop
   vertex 0.25915268063545227 1.9387679227060802e-17 0.31662482023239136
   vertex 0.25801298022270203 1.5715106495166216e-17 0.25664716958999634
   vertex 0.30480930209159851 1.7733801075432477e-17 0.28961494565010071
  endloop
 endfacet
 facet normal 5.9627225590828433e-24 -1 6.1232354111152004e-17
  outer loop
   vertex 0.18821151554584503 -2.4873837180171775e-17 -0.40622058510780334
   vertex 0.2363777756690979 -2.6692774259951381e-17 -0.43592607975006104
   vertex 0.23344875872135162 -2.3206912735922265e-17 -0.37899765372276306
  endloop
 endfacet
 facet normal -5.6288216910301149e-25 -1 6.1232347097843106e-17
  outer loop
   vertex 0.15307661890983582 1.3677839228606301e-17 0.22337606549263
   vertex 0.095958814024925232 1.29048852682898e-17 0.21075277030467987
   vertex 0.14182725548744202 1.0724008694042716e-17 0.17513635754585266
  endloop
 endfacet
 facet normal -2.5569024018315305e-23 -1 6.123232992969155e-17
  outer loop
   vertex -0.27771377563476562 2.4935953481090832e-17 0.40723502635955811
   vertex -0.30298012495040894 2.3918867089146655e-17 0.39062473177909851
   vertex -0.26792639493942261 2.204690442337995e-17 0.36005327105522156
  endloop
 endfacet
 facet normal -5.3697345755310581e-24 -1 6.1232339907536488e-17
  outer loop
   vertex -0.23240679502487183 3.2575493352068239e-18 0.05319981649518013
   vertex -0.18242320418357849 5.1935304037111517e-18 0.084816791117191315
   vertex -0.22811698913574219 6.8008908128216377e-18 0.11106697469949722
  endloop
 endfacet
 facet normal 1.3533746442660319e-24 -1 6.1232341492665185e-17
  outer loop
   vertex 0.4936181902885437 3.0931610437371699e-18 0.050515152513980865
   vertex 0.44920629262924194 1.7929892511444298e-18 0.0292817372828722
   vertex 0.49427789449691772 4.9817738212588017e-19 0.0081358542665839195
  endloop
 endfacet
 facet normal -1.7455901055814091e-24 -1 6.1232343640338728e-17
  outer loop
   vertex 0.36613607406616211 9.067299103177623e-18 0.14808022975921631
   vertex 0.40468400716781616 6.8129986690378827e-18 0.11126471310853958
   vertex 0.41622048616409302 1.0031480677504133e-17 0.16382651031017303
  endloop
 endfacet
 facet normal -5.8144417514917e-24 -1 6.1232336305029146e-17
  outer loop
   vertex 0.44297078251838684 7.7927419922283531e-18 0.12726514041423798
   vertex 0.40468400716781616 6.8129986690378827e-18 0.11126471310853958
   vertex 0.44672346115112305 4.9362110587581558e-18 0.080614447593688965
  endloop
 endfacet
 facet normal -1.617466097804823e-24 -1 6.1232338755152873e-17
  outer loop
   vertex 0.49427789449691772 4.9817738212588017e-19 0.0081358542665839195
   vertex 0.45230624079704285 -1.7724838573495465e-18 -0.028946859762072563
   vertex 0.49493750929832458 -2.0968062794854096e-18 -0.034243445843458176
  endloop
 endfacet
 facet normal -1.7724416906501025e-23 -1 6.1232318695554534e-17
  outer loop
   vertex 0.052399728447198868 1.9473886336139853e-17 0.31803271174430847
   vertex 0.017611600458621979 1.7104501917736835e-17 0.27933770418167114
   vertex 0.069629460573196411 1.6344718327133403e-17 0.2669295072555542
  endloop
 endfacet
 facet normal -1.1130250483904832e-24 -1 6.1232349587126073e-17
  outer loop
   vertex 0.15307661890983582 1.3677839228606301e-17 0.22337606549263
   vertex 0.12293215095996857 1.613119488689264e-17 0.26344239711761475
   vertex 0.095958814024925232 1.29048852682898e-17 0.21075277030467987
  endloop
 endfacet
 facet normal -1.5334144711450917e-23 -1 6.1232345189500532e-17
  outer loop
   vertex 0.056897733360528946 1.0234169706081677e-17 0.16713666915893555
   vertex 0.10128350555896759 9.8331227666139173e-18 0.16058708727359772
   vertex 0.095958814024925232 1.29048852682898e-17 0.21075277030467987
  endloop
 endfacet
 facet normal -2.6776911311021778e-23 -1 6.1232342514890497e-17
  outer loop
   vertex -0.096811175346374512 2.1436008379952388e-17 0.3500765860080719
   vertex -0.13393749296665192 2.019623007785791e-17 0.32982945442199707
   vertex -0.088016584515571594 1.8430723902565555e-17 0.3009965717792511
  endloop
 endfacet
 facet normal -9.6004226055278561e-24 -1 6.1232345364349604e-17
  outer loop
   vertex 0.40468400716781616 6.8129986690378827e-18 0.11126471310853958
   vertex 0.44297078251838684 7.7927419922283531e-18 0.12726514041423798
   vertex 0.41622048616409302 1.0031480677504133e-17 0.16382651031017303
  endloop
 endfacet
 facet normal -1.0057311844208585e-23 -1 6.1232342122815078e-17
  outer loop
   vertex -0.026717217639088631 -1.1027629473783368e-17 -0.18009485304355621
   vertex -0.0036601556930691004 -8.1243189951314594e-18 -0.13268019258975983
   vertex -0.058421052992343903 -8.5040155758086129e-18 -0.13888111710548401
  endloop
 endfacet
 facet normal -9.4901501042386141e-24 -1 6.1232337114161016e-17
  outer loop
   vertex -0.041427098214626312 -5.1647283883723615e-18 -0.084346413612365723
   vertex -0.058421052992343903 -8.5040155758086129e-18 -0.13888111710548401
   vertex -0.0036601556930691004 -8.1243189951314594e-18 -0.13268019258975983
  endloop
 endfacet
 facet normal -5.0361436793314095e-24 -1 6.1232349379540863e-17
  outer loop
   vertex -0.17096273601055145 -6.3801536660526657e-18 -0.10419581830501556
   vertex -0.15376050770282745 -9.0584788763059701e-18 -0.14793618023395538
   vertex -0.13191811740398407 -7.0974015616070898e-18 -0.11590936034917831
  endloop
 endfacet
 facet normal 7.5478465798261194e-24 -1 6.1232332567735601e-17
  outer loop
   vertex 0.23590993881225586 -1.1763558829881996e-17 -0.1921134889125824
   vertex 0.25420591235160828 -1.4697168107191109e-17 -0.24002297222614288
   vertex 0.29408758878707886 -1.233244567872044e-17 -0.20140412449836731
  endloop
 endfacet
 facet normal -4.0894047874651073e-24 -1 6.1232343924547402e-17
  outer loop
   vertex 0.080543234944343567 -1.2893758034689737e-17 -0.2105710506439209
   vertex 0.12957654893398285 -1.1186093290910764e-17 -0.18268276751041412
   vertex 0.080484792590141296 -1.0187352110591788e-17 -0.16637209057807922
  endloop
 endfacet
 facet normal 2.5851529836834258e-25 -1 6.1232338277825342e-17
  outer loop
   vertex 0.36058706045150757 2.0533730934717815e-18 0.033534128218889236
   vertex 0.40317690372467041 3.5819414473092946e-18 0.058497544378042221
   vertex 0.35257521271705627 5.4782099881952578e-18 0.08946596086025238
  endloop
 endfacet
 facet normal 6.4593340999263227e-24 -1 6.1232333691842213e-17
  outer loop
   vertex 0.25420591235160828 -1.4697168107191109e-17 -0.24002297222614288
   vertex 0.29843145608901978 -1.5410828106838585e-17 -0.25167793035507202
   vertex 0.29408758878707886 -1.233244567872044e-17 -0.20140412449836731
  endloop
 endfacet
 facet normal 1.0781442407989558e-23 -1 6.1232339470520883e-17
  outer loop
   vertex -0.14142608642578125 7.1196047436092381e-18 0.1162719652056694
   vertex -0.18552769720554352 7.8320132189899207e-18 0.12790648639202118
   vertex -0.18242320418357849 5.1935304037111517e-18 0.084816791117191315
  endloop
 endfacet
 facet normal -1.0205893655388402e-23 -1 6.1232348425128462e-17
  outer loop
   vertex 0.037788990885019302 2.2378084379589031e-17 0.36546185612678528
   vertex 0.052399728447198868 1.9473886336139853e-17 0.31803271174430847
   vertex 0.084571398794651031 2.1922385617049893e-17 0.35801973938941956
  endloop
 endfacet
 facet normal -1.137766101526489e-23 -1 6.1232327154997635e-17
  outer loop
   vertex -0.22636619210243225 2.3506290906301132e-17 0.38388687372207642
   vertex -0.26792639493942261 2.204690442337995e-17 0.36005327105522156
   vertex -0.22360602021217346 2.0266920933006692e-17 0.33098393678665161
  endloop
 endfacet
 facet normal 4.6325277932492951e-24 -1 6.1232338054512884e-17
  outer loop
   vertex -0.23397502303123474 -1.121017500008402e-17 -0.18307605385780334
   vertex -0.28880524635314941 -1.0761869577859881e-17 -0.17575466632843018
   vertex -0.26653164625167847 -1.3868075880242472e-17 -0.22648286819458008
  endloop
 endfacet
 facet normal 1.134892841340544e-23 -1 6.1232328340740748e-17
  outer loop
   vertex -0.22636619210243225 2.3506290906301132e-17 0.38388687372207642
   vertex -0.22360602021217346 2.0266920933006692e-17 0.33098393678665161
   vertex -0.17745260894298553 2.1882182984918591e-17 0.35736316442489624
  endloop
 endfacet
 facet normal -9.0749757469032506e-24 -1 6.1232328951438244e-17
  outer loop
   vertex -0.27885487675666809 -2.131390659537221e-17 -0.34808251261711121
   vertex -0.28845667839050293 -2.4593611549695961e-17 -0.40164417028427124
   vertex -0.23524054884910583 -2.326760628618773e-17 -0.37998884916305542
  endloop
 endfacet
 facet normal 8.8924234733004125e-24 -1 6.1232344416897323e-17
  outer loop
   vertex -0.36697140336036682 1.1863492174045752e-17 0.19374552369117737
   vertex -0.40938916802406311 1.1353575858256826e-17 0.18541796505451202
   vertex -0.37140351533889771 9.4860940298683205e-18 0.15491966903209686
  endloop
 endfacet
 facet normal 7.0665351750207869e-24 -1 6.1232342142751947e-17
  outer loop
   vertex -0.42259663343429565 8.6950033074409814e-18 0.14200018346309662
   vertex -0.37140351533889771 9.4860940298683205e-18 0.15491966903209686
   vertex -0.40938916802406311 1.1353575858256826e-17 0.18541796505451202
  endloop
 endfacet
 facet normal -3.2175428803834548e-24 -1 6.1232341307170755e-17
  outer loop
   vertex -0.22123531997203827 -5.6652607537021802e-18 -0.092520728707313538
   vertex -0.27462694048881531 -5.1117363032000707e-18 -0.083480991423130035
   vertex -0.25483143329620361 -8.1710224396968159e-18 -0.13344292342662811
  endloop
 endfacet
 facet normal 7.2080178276319324e-24 -1 6.1232344127945696e-17
  outer loop
   vertex -0.14142608642578125 7.1196047436092381e-18 0.1162719652056694
   vertex -0.18242320418357849 5.1935304037111517e-18 0.084816791117191315
   vertex -0.13179631531238556 3.9915877564251556e-18 0.065187573432922363
  endloop
 endfacet
 facet normal -5.0169926763547511e-24 -1 6.1232327132772416e-17
  outer loop
   vertex -0.29576733708381653 -1.6560564490534215e-17 -0.27045455574989319
   vertex -0.26653164625167847 -1.3868075880242472e-17 -0.22648286819458008
   vertex -0.32862243056297302 -1.3624706936320183e-17 -0.22250835597515106
  endloop
 endfacet
 facet normal -2.9832738878382169e-24 -1 6.1232338612686985e-17
  outer loop
   vertex -0.43572834134101868 5.7437808733487763e-18 0.093803063035011292
   vertex -0.47642454504966736 8.1594700352619003e-18 0.13325425982475281
   vertex -0.49167382717132568 4.8824972585014124e-18 0.079737231135368347
  endloop
 endfacet
 facet normal -1.1396159217151322e-23 -1 6.1232341186603017e-17
  outer loop
   vertex -0.15503221750259399 -2.6548571863765012e-17 -0.43357107043266296
   vertex -0.19286595284938812 -2.5093978065312963e-17 -0.40981575846672058
   vertex -0.19689641892910004 -2.7926418190623166e-17 -0.45607301592826843
  endloop
 endfacet
 facet normal 1.0701915116528506e-23 -1 6.1232331603694832e-17
  outer loop
   vertex 0.052399728447198868 1.9473886336139853e-17 0.31803271174430847
   vertex 0.10256213694810867 1.9067098763220975e-17 0.31138935685157776
   vertex 0.084571398794651031 2.1922385617049893e-17 0.35801973938941956
  endloop
 endfacet
 facet normal -8.1248560786445999e-26 -1 6.1232342549807589e-17
  outer loop
   vertex -0.25483143329620361 -8.1710224396968159e-18 -0.13344292342662811
   vertex -0.27462694048881531 -5.1117363032000707e-18 -0.083480991423130035
   vertex -0.30761224031448364 -7.5950317637577661e-18 -0.1240362823009491
  endloop
 endfacet
 facet normal 4.6730198446220669e-24 -1 6.1232331091203382e-17
  outer loop
   vertex 0.178235724568367 2.0810998980913446e-17 0.33986940979957581
   vertex 0.13611926138401031 2.1970279374516713e-17 0.35880190134048462
   vertex 0.1515665203332901 1.8700508859349725e-17 0.3054024875164032
  endloop
 endfacet
 facet normal 7.7928462809055052e-25 -1 6.1232339441849512e-17
  outer loop
   vertex 0.40489888191223145 4.1135110250893865e-19 0.0067178732715547085
   vertex 0.36058706045150757 2.0533730934717815e-18 0.033534128218889236
   vertex 0.36536687612533569 -5.782720917672593e-19 -0.0094438996165990829
  endloop
 endfacet
 facet normal -1.4324657576781074e-26 -1 6.123234118185511e-17
  outer loop
   vertex 0.36536687612533569 -5.782720917672593e-19 -0.0094438996165990829
   vertex 0.31596758961677551 2.0835711570400139e-19 0.0034027299843728542
   vertex 0.34652382135391235 -2.9622590914151939e-18 -0.04837736114859581
  endloop
 endfacet
 facet normal -4.1931941955390194e-24 -1 6.1232332505872081e-17
  outer loop
   vertex -0.079648904502391815 6.1894517253219342e-18 0.10108141601085663
   vertex -0.10870645940303802 9.6375830600706695e-18 0.157393679022789
   vertex -0.14142608642578125 7.1196047436092381e-18 0.1162719652056694
  endloop
 endfacet
 facet normal -7.1803441002437677e-24 -1 6.1232328108362207e-17
  outer loop
   vertex -0.34259879589080811 1.3739910034591668e-17 0.22438976168632507
   vertex -0.36697140336036682 1.1863492174045752e-17 0.19374552369117737
   vertex -0.32090288400650024 1.1002840525186379e-17 0.17969001829624176
  endloop
 endfacet
 facet normal -1.7465361034570529e-23 -1 6.1232340122687219e-17
  outer loop
   vertex 0.21842654049396515 2.1574346065595756e-17 0.35233581066131592
   vertex 0.22310642898082733 2.4819287927496353e-17 0.40532973408699036
   vertex 0.18156562745571136 2.3776085789252652e-17 0.38829293847084045
  endloop
 endfacet
 facet normal -4.0638959925136397e-24 -1 6.1232328625878331e-17
  outer loop
   vertex -0.026717217639088631 -1.1027629473783368e-17 -0.18009485304355621
   vertex -0.078089460730552673 -1.1377152160075812e-17 -0.18580299615859985
   vertex -0.047589946538209915 -1.3778060431623226e-17 -0.22501280903816223
  endloop
 endfacet
 facet normal 2.7026014547061061e-24 -1 6.123234007246662e-17
  outer loop
   vertex 0.19492232799530029 -3.4877309522134863e-18 -0.056958969682455063
   vertex 0.15746176242828369 -2.0990584854982383e-18 -0.03428022563457489
   vertex 0.14444929361343384 -4.9823991698018918e-18 -0.08136875182390213
  endloop
 endfacet
 facet normal -4.1923117275342131e-24 -1 6.1232316481123464e-17
  outer loop
   vertex 0.26465708017349243 2.2603204892017788e-17 0.36913836002349854
   vertex 0.21842654049396515 2.1574346065595756e-17 0.35233581066131592
   vertex 0.25915268063545227 1.9387679227060802e-17 0.31662482023239136
  endloop
 endfacet
 facet normal -1.2629660266713739e-23 -1 6.1232339695646933e-17
  outer loop
   vertex 0.26465708017349243 2.2603204892017788e-17 0.36913836002349854
   vertex 0.22310642898082733 2.4819287927496353e-17 0.40532973408699036
   vertex 0.21842654049396515 2.1574346065595756e-17 0.35233581066131592
  endloop
 endfacet
 facet normal 1.2159052686554385e-24 -1 6.1232340570730384e-17
  outer loop
   vertex -0.49423062801361084 1.068888164215004e-18 0.017456268891692162
   vertex -0.44546428322792053 2.6992295118985914e-18 0.044081762433052063
   vertex -0.49167382717132568 4.8824972585014124e-18 0.079737231135368347
  endloop
 endfacet
 facet normal -3.4003262323999924e-24 -1 6.1232336313513691e-17
  outer loop
   vertex 0.3144066333770752 -9.0536349066388596e-18 -0.14785708487033844
   vertex 0.35239654779434204 -1.1526028953903719e-17 -0.18823434412479401
   vertex 0.36824458837509155 -8.5539466791241513e-18 -0.13969655334949493
  endloop
 endfacet
 facet normal -6.4899334124719163e-25 -1 6.1232341489022681e-17
  outer loop
   vertex 0.39824405312538147 -2.6351614783242154e-18 -0.043035451322793961
   vertex 0.36536687612533569 -5.782720917672593e-19 -0.0094438996165990829
   vertex 0.34652382135391235 -2.9622590914151939e-18 -0.04837736114859581
  endloop
 endfacet
 facet normal 1.4547470354464095e-23 -1 6.1232361182326229e-17
  outer loop
   vertex 0.10922136902809143 2.6660810346721107e-17 0.43540406227111816
   vertex 0.066221281886100769 2.7444365453768088e-17 0.44820049405097961
   vertex 0.071031540632247925 2.4640299277829679e-17 0.40240663290023804
  endloop
 endfacet
 facet normal -1.5513109262521664e-23 -1 6.1232344772609644e-17
  outer loop
   vertex -0.23524054884910583 -2.326760628618773e-17 -0.37998884916305542
   vertex -0.28845667839050293 -2.4593611549695961e-17 -0.40164417028427124
   vertex -0.24595841765403748 -2.6417251978438543e-17 -0.43142646551132202
  endloop
 endfacet
 facet normal 3.1226526592253206e-24 -1 6.1232343293702486e-17
  outer loop
   vertex 0.002741602249443531 1.0120825282646598e-17 0.1652856171131134
   vertex 0.033066313713788986 7.5594671333210487e-18 0.1234554648399353
   vertex 0.056897733360528946 1.0234169706081677e-17 0.16713666915893555
  endloop
 endfacet
 facet normal 8.2874433985089331e-24 -1 6.123234260597329e-17
  outer loop
   vertex -0.31765139102935791 -1.9239170528605481e-17 -0.31419950723648071
   vertex -0.29576733708381653 -1.6560564490534215e-17 -0.27045455574989319
   vertex -0.34948703646659851 -1.6966615872707921e-17 -0.27708587050437927
  endloop
 endfacet
 facet normal 1.6005171188835011e-23 -1 6.1232359495244964e-17
  outer loop
   vertex 0.10922136902809143 2.6660810346721107e-17 0.43540406227111816
   vertex 0.071031540632247925 2.4640299277829679e-17 0.40240663290023804
   vertex 0.10930679738521576 2.4126886469591491e-17 0.39402195811271667
  endloop
 endfacet
 facet normal 2.9090860651074048e-23 -1 6.1232356856117289e-17
  outer loop
   vertex 0.017611600458621979 1.7104501917736835e-17 0.27933770418167114
   vertex -0.015344258397817612 1.5313199287861401e-17 0.25008353590965271
   vertex 0.027974503114819527 1.3519670714957587e-17 0.2207929790019989
  endloop
 endfacet
 facet normal -1.3583862953790092e-24 -1 6.1232367625447808e-17
  outer loop
   vertex 0.33852145075798035 1.918501335954041e-17 0.31331503391265869
   vertex 0.35492262244224548 1.6728875892854055e-17 0.2732032835483551
   vertex 0.37845203280448914 1.9476544894628599e-17 0.31807610392570496
  endloop
 endfacet
 facet normal -2.2186403075168011e-24 -1 6.1232338694241348e-17
  outer loop
   vertex -0.017279842868447304 7.0497567855046479e-18 0.11513126641511917
   vertex -0.052764575928449631 9.6977116459777616e-18 0.15837565064430237
   vertex -0.079648904502391815 6.1894517253219342e-18 0.10108141601085663
  endloop
 endfacet
 facet normal 2.4418855854934791e-23 -1 6.123231901999011e-17
  outer loop
   vertex 0.30478143692016602 2.064251056194252e-17 0.33711779117584229
   vertex 0.33852145075798035 1.918501335954041e-17 0.31331503391265869
   vertex 0.34956926107406616 2.1365357229473009e-17 0.34892275929450989
  endloop
 endfacet
 facet normal 2.5839235369765518e-23 -1 6.1232321033354525e-17
  outer loop
   vertex 0.33852145075798035 1.918501335954041e-17 0.31331503391265869
   vertex 0.30478143692016602 2.064251056194252e-17 0.33711779117584229
   vertex 0.30480930209159851 1.7733801075432477e-17 0.28961494565010071
  endloop
 endfacet
 facet normal -2.4946495578138217e-24 -1 6.1232342247038656e-17
  outer loop
   vertex 0.36058706045150757 2.0533730934717815e-18 0.033534128218889236
   vertex 0.32095351815223694 3.1999709471282328e-18 0.052259489893913269
   vertex 0.31596758961677551 2.0835711570400139e-19 0.0034027299843728542
  endloop
 endfacet
 facet normal 1.9462450885848212e-23 -1 6.1232341461124504e-17
  outer loop
   vertex -0.26519396901130676 1.5114348377326103e-17 0.24683605134487152
   vertex -0.21868588030338287 1.3613324931091453e-17 0.22232246398925781
   vertex -0.22067981958389282 1.6909985433611315e-17 0.27616101503372192
  endloop
 endfacet
 facet normal 1.6308788357310994e-23 -1 6.1232365606869675e-17
  outer loop
   vertex 0.2160833477973938 2.7343454382120294e-17 0.44655248522758484
   vertex 0.18756836652755737 2.8033253529818064e-17 0.45781776309013367
   vertex 0.22310642898082733 2.4819287927496353e-17 0.40532973408699036
  endloop
 endfacet
 facet normal 7.4627228807241236e-27 -1 6.1232339043663576e-17
  outer loop
   vertex 0.27739769220352173 2.8581013358631292e-18 0.046676337718963623
   vertex 0.25454020500183105 6.2316233058050541e-20 0.0010177013464272022
   vertex 0.31596758961677551 2.0835711570400139e-19 0.0034027299843728542
  endloop
 endfacet
 facet normal -1.583921890548852e-24 -1 6.1232340780690805e-17
  outer loop
   vertex -0.44443124532699585 -2.4159732984535359e-19 -0.0039455839432775974
   vertex -0.4099593460559845 1.2015196478002518e-18 0.019622305408120155
   vertex -0.44546428322792053 2.6992295118985914e-18 0.044081762433052063
  endloop
 endfacet
 facet normal -2.0889011357616571e-23 -1 6.1232357201922947e-17
  outer loop
   vertex -0.27141493558883667 -1.8776783183633239e-17 -0.3066481351852417
   vertex -0.29576733708381653 -1.6560564490534215e-17 -0.27045455574989319
   vertex -0.31765139102935791 -1.9239170528605481e-17 -0.31419950723648071
  endloop
 endfacet
 facet normal -2.3344932643538252e-24 -1 6.123234668243164e-17
  outer loop
   vertex -0.38641020655632019 1.9175770443375742e-17 0.31316408514976501
   vertex -0.36396321654319763 1.6269304270686944e-17 0.2656978964805603
   vertex -0.33019766211509705 1.8836680986149429e-17 0.30762633681297302
  endloop
 endfacet
 facet normal -2.7315434079162575e-24 -1 6.1232342652057299e-17
  outer loop
   vertex -0.34126582741737366 2.1923398086119658e-17 0.35803624987602234
   vertex -0.38641020655632019 1.9175770443375742e-17 0.31316408514976501
   vertex -0.33019766211509705 1.8836680986149429e-17 0.30762633681297302
  endloop
 endfacet
 facet normal -1.7627927100028057e-23 -1 6.1232317791302371e-17
  outer loop
   vertex 0.38780537247657776 1.4756625849621421e-17 0.24099397659301758
   vertex 0.44083929061889648 1.3685885214424605e-17 0.22350746393203735
   vertex 0.40812039375305176 1.7166378336278252e-17 0.28034824132919312
  endloop
 endfacet
 facet normal 1.4686676548759838e-24 -1 6.1232339294107882e-17
  outer loop
   vertex -0.18231132626533508 -3.0889318760603394e-18 -0.050446085631847382
   vertex -0.24138848483562469 -2.6029715379915612e-18 -0.042509749531745911
   vertex -0.22123531997203827 -5.6652607537021802e-18 -0.092520728707313538
  endloop
 endfacet
 facet normal 2.2379947396809715e-23 -1 6.1232328326201413e-17
  outer loop
   vertex -0.10202427208423615 -2.6496940904290677e-17 -0.4327278733253479
   vertex -0.14146500825881958 -2.9060615159331375e-17 -0.47459584474563599
   vertex -0.079337313771247864 -2.9811655450860122e-17 -0.48686128854751587
  endloop
 endfacet
 facet normal -2.3235356462507339e-23 -1 6.1232369279801169e-17
  outer loop
   vertex 0.15859824419021606 2.8637290591606337e-17 0.46768242120742798
   vertex 0.14690199494361877 2.5523493252742347e-17 0.41683027148246765
   vertex 0.18756836652755737 2.8033253529818064e-17 0.45781776309013367
  endloop
 endfacet
 facet normal 5.5430785736967343e-25 -1 6.1232363808059169e-17
  outer loop
   vertex 0.10922136902809143 2.6660810346721107e-17 0.43540406227111816
   vertex 0.14690199494361877 2.5523493252742347e-17 0.41683027148246765
   vertex 0.15859824419021606 2.8637290591606337e-17 0.46768242120742798
  endloop
 endfacet
 facet normal -6.0696097114779552e-24 -1 6.1232352845911039e-17
  outer loop
   vertex 0.38780537247657776 1.4756625849621421e-17 0.24099397659301758
   vertex 0.38187700510025024 1.2199601299525037e-17 0.19923460483551025
   vertex 0.44083929061889648 1.3685885214424605e-17 0.22350746393203735
  endloop
 endfacet
 facet normal -1.230907219704056e-24 -1 6.1232339663612549e-17
  outer loop
   vertex 0.21879318356513977 3.1779052839029213e-18 0.051899131387472153
   vertex 0.25454020500183105 6.2316233058050541e-20 0.0010177013464272022
   vertex 0.27739769220352173 2.8581013358631292e-18 0.046676337718963623
  endloop
 endfacet
 facet normal -2.7492068187163325e-24 -1 6.1232332017845254e-17
  outer loop
   vertex 0.3144066333770752 -9.0536349066388596e-18 -0.14785708487033844
   vertex 0.36824458837509155 -8.5539466791241513e-18 -0.13969655334949493
   vertex 0.32961142063140869 -5.992670007088938e-18 -0.097867727279663086
  endloop
 endfacet
 facet normal 1.6458211832324643e-24 -1 6.1232330681051413e-17
  outer loop
   vertex 0.27849355340003967 -6.608402575558098e-18 -0.10792340338230133
   vertex 0.3144066333770752 -9.0536349066388596e-18 -0.14785708487033844
   vertex 0.32961142063140869 -5.992670007088938e-18 -0.097867727279663086
  endloop
 endfacet
 facet normal -1.8305301336661224e-23 -1 6.1232342170712802e-17
  outer loop
   vertex 0.22310642898082733 2.4819287927496353e-17 0.40532973408699036
   vertex 0.18756836652755737 2.8033253529818064e-17 0.45781776309013367
   vertex 0.18156562745571136 2.3776085789252652e-17 0.38829293847084045
  endloop
 endfacet
 facet normal 6.2222132768175121e-24 -1 6.1232340053019288e-17
  outer loop
   vertex 0.14690199494361877 2.5523493252742347e-17 0.41683027148246765
   vertex 0.18156562745571136 2.3776085789252652e-17 0.38829293847084045
   vertex 0.18756836652755737 2.8033253529818064e-17 0.45781776309013367
  endloop
 endfacet
 facet normal -6.4554804335545322e-24 -1 6.1232343264999473e-17
  outer loop
   vertex -0.27885487675666809 -2.131390659537221e-17 -0.34808251261711121
   vertex -0.31765139102935791 -1.9239170528605481e-17 -0.31419950723648071
   vertex -0.33763012290000916 -2.202467146287575e-17 -0.35969018936157227
  endloop
 endfacet
 facet normal 1.0688549994710454e-23 -1 6.1232333785323512e-17
  outer loop
   vertex 0.12920144200325012 -1.7341772059002771e-17 -0.28321263194084167
   vertex 0.16941094398498535 -1.5716878316038304e-17 -0.25667610764503479
   vertex 0.12555517256259918 -1.4393477017098391e-17 -0.23506331443786621
  endloop
 endfacet
 facet normal 5.5981109248470492e-24 -1 6.1232330768019248e-17
  outer loop
   vertex 0.35305169224739075 1.4022226777656016e-17 0.22900034487247467
   vertex 0.32688653469085693 1.1664363330824637e-17 0.19049350917339325
   vertex 0.38187700510025024 1.2199601299525037e-17 0.19923460483551025
  endloop
 endfacet
 facet normal 1.7130524459952415e-24 -1 6.1232341113279702e-17
  outer loop
   vertex -0.21033488214015961 -4.020180171951543e-20 -0.00065654522040858865
   vertex -0.24138848483562469 -2.6029715379915612e-18 -0.042509749531745911
   vertex -0.18231132626533508 -3.0889318760603394e-18 -0.050446085631847382
  endloop
 endfacet
 facet normal 2.9368483158901641e-23 -1 6.1232332992569887e-17
  outer loop
   vertex 0.35492262244224548 1.6728875892854055e-17 0.2732032835483551
   vertex 0.35305169224739075 1.4022226777656016e-17 0.22900034487247467
   vertex 0.38780537247657776 1.4756625849621421e-17 0.24099397659301758
  endloop
 endfacet
 facet normal -1.0476909961291353e-23 -1 6.1232341690896871e-17
  outer loop
   vertex 0.31345421075820923 1.4798886507116755e-17 0.24168415367603302
   vertex 0.32688653469085693 1.1664363330824637e-17 0.19049350917339325
   vertex 0.35305169224739075 1.4022226777656016e-17 0.22900034487247467
  endloop
 endfacet
 facet normal 1.0535274315609166e-23 -1 6.1232340401851066e-17
  outer loop
   vertex 0.3144066333770752 -9.0536349066388596e-18 -0.14785708487033844
   vertex 0.26283639669418335 -9.3370170583321762e-18 -0.15248505771160126
   vertex 0.29408758878707886 -1.233244567872044e-17 -0.20140412449836731
  endloop
 endfacet
 facet normal 3.701173097273839e-24 -1 6.1232342995129948e-17
  outer loop
   vertex 0.35239654779434204 -1.1526028953903719e-17 -0.18823434412479401
   vertex 0.3144066333770752 -9.0536349066388596e-18 -0.14785708487033844
   vertex 0.29408758878707886 -1.233244567872044e-17 -0.20140412449836731
  endloop
 endfacet
 facet normal -6.8325458238040338e-25 -1 6.1232357326613235e-17
  outer loop
   vertex 0.21842654049396515 2.1574346065595756e-17 0.35233581066131592
   vertex 0.18156562745571136 2.3776085789252652e-17 0.38829293847084045
   vertex 0.178235724568367 2.0810998980913446e-17 0.33986940979957581
  endloop
 endfacet
 facet normal 9.6118392497321002e-26 -1 6.1232338571439667e-17
  outer loop
   vertex -0.49194782972335815 -2.0877850477249063e-18 -0.034096118062734604
   vertex -0.44443124532699585 -2.4159732984535359e-19 -0.0039455839432775974
   vertex -0.49423062801361084 1.068888164215004e-18 0.017456268891692162
  endloop
 endfacet
 facet normal 1.9924944593508769e-23 -1 6.1232331679166646e-17
  outer loop
   vertex -0.33763012290000916 -2.202467146287575e-17 -0.35969018936157227
   vertex -0.31765139102935791 -1.9239170528605481e-17 -0.31419950723648071
   vertex -0.37376502156257629 -1.9706001487828358e-17 -0.32182341814041138
  endloop
 endfacet
 facet normal 2.091366237575215e-25 -1 6.1232362863987206e-17
  outer loop
   vertex 0.27071624994277954 2.562095001815212e-17 0.41842186450958252
   vertex 0.2160833477973938 2.7343454382120294e-17 0.44655248522758484
   vertex 0.22310642898082733 2.4819287927496353e-17 0.40532973408699036
  endloop
 endfacet
 facet normal 1.970693943803179e-24 -1 6.1232356458045171e-17
  outer loop
   vertex 0.26465708017349243 2.2603204892017788e-17 0.36913836002349854
   vertex 0.27071624994277954 2.562095001815212e-17 0.41842186450958252
   vertex 0.22310642898082733 2.4819287927496353e-17 0.40532973408699036
  endloop
 endfacet
 facet normal -3.4287605420730935e-24 -1 6.1232327939261983e-17
  outer loop
   vertex -0.27885487675666809 -2.131390659537221e-17 -0.34808251261711121
   vertex -0.33763012290000916 -2.202467146287575e-17 -0.35969018936157227
   vertex -0.28845667839050293 -2.4593611549695961e-17 -0.40164417028427124
  endloop
 endfacet
 facet normal 2.3767891935968823e-24 -1 6.1232347461243308e-17
  outer loop
   vertex 0.20466171205043793 1.812904617008379e-17 0.29606980085372925
   vertex 0.21842654049396515 2.1574346065595756e-17 0.35233581066131592
   vertex 0.178235724568367 2.0810998980913446e-17 0.33986940979957581
  endloop
 endfacet
 facet normal 1.7380614009404034e-23 -1 6.1232350405989158e-17
  outer loop
   vertex -0.31765139102935791 -1.9239170528605481e-17 -0.31419950723648071
   vertex -0.34948703646659851 -1.6966615872707921e-17 -0.27708587050437927
   vertex -0.37376502156257629 -1.9706001487828358e-17 -0.32182341814041138
  endloop
 endfacet
 facet normal 1.5952304513763873e-23 -1 6.1232356182648763e-17
  outer loop
   vertex 0.178235724568367 2.0810998980913446e-17 0.33986940979957581
   vertex 0.18156562745571136 2.3776085789252652e-17 0.38829293847084045
   vertex 0.13611926138401031 2.1970279374516713e-17 0.35880190134048462
  endloop
 endfacet
 facet normal -3.5628921074794074e-25 -1 6.1232342854055044e-17
  outer loop
   vertex -0.082254186272621155 2.3498302823125707e-18 0.038375642150640488
   vertex -0.022745564579963684 3.5077168765836863e-18 0.057285364717245102
   vertex -0.079648904502391815 6.1894517253219342e-18 0.10108141601085663
  endloop
 endfacet
 facet normal 1.597872372312058e-23 -1 6.1232350233547184e-17
  outer loop
   vertex 0.46059945225715637 1.0644270964534442e-17 0.17383413016796112
   vertex 0.44297078251838684 7.7927419922283531e-18 0.12726514041423798
   vertex 0.48650005459785461 6.5432252927822884e-18 0.10685897618532181
  endloop
 endfacet
 facet normal -3.6393705194528467e-24 -1 6.1232339151753408e-17
  outer loop
   vertex -0.49194782972335815 -2.0877850477249063e-18 -0.034096118062734604
   vertex -0.48553282022476196 -5.3948839491897285e-18 -0.088105142116546631
   vertex -0.45390328764915466 -5.6671198421288931e-18 -0.092551089823246002
  endloop
 endfacet
 facet normal -8.2203321107791492e-24 -1 6.1232341067592737e-17
  outer loop
   vertex 0.20466171205043793 1.812904617008379e-17 0.29606980085372925
   vertex 0.178235724568367 2.0810998980913446e-17 0.33986940979957581
   vertex 0.1515665203332901 1.8700508859349725e-17 0.3054024875164032
  endloop
 endfacet
 facet normal 2.2844841226850386e-24 -1 6.1232338178887467e-17
  outer loop
   vertex -0.23751410841941833 2.646766863677365e-17 0.43224984407424927
   vertex -0.22636619210243225 2.3506290906301132e-17 0.38388687372207642
   vertex -0.17474557459354401 2.5437946233792113e-17 0.41543319821357727
  endloop
 endfacet
 facet normal 1.4564035707701155e-23 -1 6.1232384012608148e-17
  outer loop
   vertex -0.23751410841941833 2.646766863677365e-17 0.43224984407424927
   vertex -0.17474557459354401 2.5437946233792113e-17 0.41543319821357727
   vertex -0.18559151887893677 2.788873184191525e-17 0.45545753836631775
  endloop
 endfacet
 facet normal -2.8559308196712722e-24 -1 6.1232340124981855e-17
  outer loop
   vertex 0.14444929361343384 -4.9823991698018918e-18 -0.08136875182390213
   vertex 0.10677814483642578 -1.7004997053130381e-18 -0.027771268039941788
   vertex 0.079813756048679352 -4.9419777483985693e-18 -0.080708622932434082
  endloop
 endfacet
 facet normal 8.6456180972847661e-25 -1 6.1232334680404847e-17
  outer loop
   vertex 0.05280718207359314 -7.8853804305700043e-18 -0.12877804040908813
   vertex 0.10853415727615356 -7.9252464001919975e-18 -0.12942910194396973
   vertex 0.079813756048679352 -4.9419777483985693e-18 -0.080708622932434082
  endloop
 endfacet
 facet normal 3.8113183196554918e-25 -1 6.123233817313672e-17
  outer loop
   vertex -0.041103359311819077 1.7407090582868174e-19 0.0028427937068045139
   vertex -0.082254186272621155 2.3498302823125707e-18 0.038375642150640488
   vertex -0.088307753205299377 -7.0575184279873861e-19 -0.011525802314281464
  endloop
 endfacet
 facet normal 7.196771406979843e-24 -1 6.1232338593292174e-17
  outer loop
   vertex 0.41622048616409302 1.0031480677504133e-17 0.16382651031017303
   vertex 0.46059945225715637 1.0644270964534442e-17 0.17383413016796112
   vertex 0.44083929061889648 1.3685885214424605e-17 0.22350746393203735
  endloop
 endfacet
 facet normal 1.7516594979831617e-23 -1 6.1232353772041199e-17
  outer loop
   vertex 0.18156562745571136 2.3776085789252652e-17 0.38829293847084045
   vertex 0.14690199494361877 2.5523493252742347e-17 0.41683027148246765
   vertex 0.13611926138401031 2.1970279374516713e-17 0.35880190134048462
  endloop
 endfacet
 facet normal -2.5218774309157143e-24 -1 6.123234004034927e-17
  outer loop
   vertex -0.022745564579963684 3.5077168765836863e-18 0.057285364717245102
   vertex -0.017279842868447304 7.0497567855046479e-18 0.11513126641511917
   vertex -0.079648904502391815 6.1894517253219342e-18 0.10108141601085663
  endloop
 endfacet
 facet normal 1.7289961463230206e-23 -1 6.1232316864521832e-17
  outer loop
   vertex 0.32977882027626038 -2.2716187837525181e-17 -0.37098351120948792
   vertex 0.31663671135902405 -1.9994735498084893e-17 -0.3265388011932373
   vertex 0.27819919586181641 -2.1408289557625736e-17 -0.34962388873100281
  endloop
 endfacet
 facet normal -5.6897947665719964e-26 -1 6.1232341483351979e-17
  outer loop
   vertex -0.49194782972335815 -2.0877850477249063e-18 -0.034096118062734604
   vertex -0.45390328764915466 -5.6671198421288931e-18 -0.092551089823246002
   vertex -0.42854920029640198 -3.2171492137042746e-18 -0.052540034055709839
  endloop
 endfacet
 facet normal 2.437275089630294e-23 -1 6.1232333968177058e-17
  outer loop
   vertex 0.32977882027626038 -2.2716187837525181e-17 -0.37098351120948792
   vertex 0.27819919586181641 -2.1408289557625736e-17 -0.34962388873100281
   vertex 0.28745970129966736 -2.4627668229875994e-17 -0.40220034122467041
  endloop
 endfacet
endsolid
